model,CV_MAE,CV_RMSE,CV_R2
里程比例 Baseline,1.4342511274138483,1.7461084660492525,0.31266307718591896
线性回归,0.5815262682313211,0.7364551220935829,0.877640354648728
默认 XGBoost,0.5961789951793489,0.7618565699614213,0.8687874948410897
网格搜索 XGBoost,0.5785890172976192,0.7335629769988644,0.8783188846531467
