model,MAE,RMSE,R2
里程比例 Baseline,1.3468984181400758,1.7131836406311134,0.3758812165430251
线性回归,0.6545721582604501,0.8172019209822806,0.8579902464449503
默认 XGBoost,0.6266943927224915,0.8142795621951895,0.859004099699556
网格搜索 XGBoost,0.619986933007088,0.8024353000797977,0.8630760348857295
