model,MAE,RMSE,R2
里程比例 Baseline,1.4137123427254406,1.7476593250179453,0.539235500624045
线性回归,0.6131862127978652,0.801226577047372,0.9031552356925234
XGBoost（网格搜索）,0.568701707834024,0.7383475185382388,0.9177592442539977
LightGBM（网格搜索）,0.5618021458697484,0.7331708247383164,0.9189084124837683
HGBR（网格搜索）,0.5674004007052265,0.7378969004020776,0.9178595977228357
随机森林（网格搜索）,0.5634392523364474,0.7307536008799611,0.9194422400328573
