model,CV_MAE,CV_RMSE,CV_R2
里程比例 Baseline,1.385055030865912,1.7187912816241144,0.5532639532856319
线性回归,0.6051673855801674,0.7957543753021515,0.9041595900570643
XGBoost（网格搜索）,0.5801274865884276,0.7507420014159348,0.9147917688908451
LightGBM（网格搜索）,0.5737851542208059,0.7434422345290532,0.9164495590015693
HGBR（网格搜索）,0.5745025519872827,0.743541984914444,0.9164175732001002
随机森林（网格搜索）,0.573466251298027,0.7409912275065512,0.9169823921154135
