mean_fit_time,std_fit_time,mean_score_time,std_score_time,param_l2_regularization,param_learning_rate,param_max_iter,param_max_leaf_nodes,param_min_samples_leaf,params,split0_test_score,split1_test_score,split2_test_score,split3_test_score,split4_test_score,mean_test_score,std_test_score,rank_test_score,split0_train_score,split1_train_score,split2_train_score,split3_train_score,split4_train_score,mean_train_score,std_train_score,CV_RMSE
0.06449599266052246,0.010972057195342456,0.003976297378540039,0.00024348210207017102,0.1,0.01,100,7,10,"{'l2_regularization': 0.1, 'learning_rate': 0.01, 'max_iter': 100, 'max_leaf_nodes': 7, 'min_samples_leaf': 10}",-1.8629253708762048,-1.8185084585844566,-1.7135271531460443,-1.8791865443526246,-1.773198237119625,-1.809469152815791,0.06053137633801191,211,-1.7501682016217541,-1.7638096467489992,-1.7711490534480396,-1.749377894512608,-1.7697899628763816,-1.7608589518415563,0.009385761207973811,1.809469152815791
0.042170476913452146,0.0007004307648631231,0.0037539005279541016,0.00026511464178799975,0.1,0.01,100,7,20,"{'l2_regularization': 0.1, 'learning_rate': 0.01, 'max_iter': 100, 'max_leaf_nodes': 7, 'min_samples_leaf': 20}",-1.89466766466303,-1.8419587436735494,-1.7272675029851936,-1.8938944831358935,-1.7758059868194755,-1.8267188762554283,0.06609773297291648,214,-1.769351039848174,-1.78698893826437,-1.7994944136683981,-1.773442201854672,-1.7878554429665783,-1.7834264073204384,0.010847019311693325,1.8267188762554283
0.08237166404724121,0.009602481055407133,0.005057764053344726,0.0011969293939722934,0.1,0.01,100,15,10,"{'l2_regularization': 0.1, 'learning_rate': 0.01, 'max_iter': 100, 'max_leaf_nodes': 15, 'min_samples_leaf': 10}",-1.693102629201626,-1.619082327386106,-1.5216559098268643,-1.6827030837734034,-1.5387937246478636,-1.6110675349671726,0.07091345119883335,205,-1.5403043754142496,-1.5504702330807565,-1.5538548527369964,-1.5450750531966964,-1.5610752314258058,-1.550155949170901,0.0071537458203794054,1.6110675349671726
0.12960877418518066,0.013891281758523388,0.007050180435180664,0.0002646211063830847,0.1,0.01,100,15,20,"{'l2_regularization': 0.1, 'learning_rate': 0.01, 'max_iter': 100, 'max_leaf_nodes': 15, 'min_samples_leaf': 20}",-1.731376913522167,-1.6796464688834403,-1.5452545862395717,-1.6969629500269086,-1.555229682756391,-1.6416941202856958,0.07656985097548007,208,-1.5788995862476134,-1.5981940014402862,-1.6107828918043074,-1.5865027897767179,-1.6026279843821054,-1.5954014507302061,0.011385144318570973,1.6416941202856958
0.2566511631011963,0.0018919128481310957,0.008185815811157227,0.0002774852391042064,0.1,0.01,100,31,10,"{'l2_regularization': 0.1, 'learning_rate': 0.01, 'max_iter': 100, 'max_leaf_nodes': 31, 'min_samples_leaf': 10}",-1.6548658571494559,-1.5498930574762813,-1.4432515006221596,-1.6306527135391775,-1.4658834468161237,-1.5489093151206395,0.08481345212294152,199,-1.4427674126815087,-1.46168889204772,-1.4667058482268862,-1.4554849119923554,-1.4671196677188763,-1.4587533465334694,0.009034243590873929,1.5489093151206395
0.23726754188537597,0.0017118752524766453,0.008188199996948243,0.00027075695616044274,0.1,0.01,100,31,20,"{'l2_regularization': 0.1, 'learning_rate': 0.01, 'max_iter': 100, 'max_leaf_nodes': 31, 'min_samples_leaf': 20}",-1.65463438097503,-1.62061427315188,-1.4769760080861556,-1.6302046087234199,-1.4745495067528107,-1.5713957555378593,0.07887191777352837,202,-1.4891974371633916,-1.519469236431145,-1.5324354663053894,-1.5053727752185397,-1.521158681067468,-1.5135267192371866,0.014896320599088502,1.5713957555378593
0.14985017776489257,0.0009747963773156777,0.010438823699951172,0.0004889969962911317,0.1,0.01,200,7,10,"{'l2_regularization': 0.1, 'learning_rate': 0.01, 'max_iter': 200, 'max_leaf_nodes': 7, 'min_samples_leaf': 10}",-1.2815895627019942,-1.2138949736138527,-1.1400910658422556,-1.2411250943789631,-1.1265921827552046,-1.200658575858454,0.059189221713191124,193,-1.123985605681436,-1.130119140283447,-1.13460958055057,-1.1371777804434606,-1.1489725799857318,-1.134972937388929,0.008309803346854631,1.200658575858454
0.14902143478393554,0.0013740365948260826,0.010583925247192382,0.0002759534293532669,0.1,0.01,200,7,20,"{'l2_regularization': 0.1, 'learning_rate': 0.01, 'max_iter': 200, 'max_leaf_nodes': 7, 'min_samples_leaf': 20}",-1.339100515489754,-1.251695152837249,-1.148877503323944,-1.2813006108896035,-1.1550025810572169,-1.2351952727195534,0.07358786970186254,196,-1.1643280063699568,-1.15579063885167,-1.168763385508856,-1.1830042702220633,-1.1787946475843896,-1.1701361897073874,0.009818052794140868,1.2351952727195534
0.2744400978088379,0.0022738707652669556,0.012442588806152344,0.0005303139476064629,0.1,0.01,200,15,10,"{'l2_regularization': 0.1, 'learning_rate': 0.01, 'max_iter': 200, 'max_leaf_nodes': 15, 'min_samples_leaf': 10}",-1.1442174477966014,-1.0468005244426832,-0.9835820475981111,-1.0345437932290784,-0.946854970638378,-1.0311997567409703,0.06694632804145224,187,-0.9184797464167604,-0.9218139301483707,-0.9258033352659588,-0.9270387449908758,-0.9307900479110783,-0.9247851609466087,0.0042605270165752135,1.0311997567409703
0.2698035717010498,0.002899084934601408,0.013118410110473632,0.0012977433038883182,0.1,0.01,200,15,20,"{'l2_regularization': 0.1, 'learning_rate': 0.01, 'max_iter': 200, 'max_leaf_nodes': 15, 'min_samples_leaf': 20}",-1.210766786152056,-1.1282028500284222,-0.9887653045078161,-1.0888311705062523,-0.9674242606302041,-1.0767980743649501,0.08994138291271306,190,-0.9817225433868685,-0.9840571515605187,-1.001673212279381,-1.0012059645341564,-1.0003209272301494,-0.9937959597982147,0.00894590684680887,1.0767980743649501
0.4933842658996582,0.0004079786122634542,0.015249347686767578,0.0003312392693748172,0.1,0.01,200,31,10,"{'l2_regularization': 0.1, 'learning_rate': 0.01, 'max_iter': 200, 'max_leaf_nodes': 31, 'min_samples_leaf': 10}",-1.1161187144992435,-0.9822861599064477,-0.8952297744096457,-0.9729474628402022,-0.8722670557953786,-0.9677698334901835,0.08558944186496509,174,-0.7999139374578638,-0.8119246741950458,-0.812319882494677,-0.8188205377188292,-0.8306736438456491,-0.814730535142413,0.010041180259193455,0.9677698334901835
0.46367945671081545,0.001139058225553138,0.015235042572021485,0.0006097274360828657,0.1,0.01,200,31,20,"{'l2_regularization': 0.1, 'learning_rate': 0.01, 'max_iter': 200, 'max_leaf_nodes': 31, 'min_samples_leaf': 20}",-1.1334480804084073,-1.0809141378042966,-0.922807231521917,-1.0116945684374374,-0.8817854719768847,-1.0061298980297886,0.09406143809659741,184,-0.8716299156504799,-0.8994328874755909,-0.909087959626179,-0.9055209528315505,-0.9163153444309667,-0.9003974120029534,0.015386071723153478,1.0061298980297886
0.21863837242126466,0.0010076222260913547,0.014996147155761719,0.0007121296374143224,0.1,0.01,300,7,10,"{'l2_regularization': 0.1, 'learning_rate': 0.01, 'max_iter': 300, 'max_leaf_nodes': 7, 'min_samples_leaf': 10}",-1.084354777071677,-0.9574838865469882,-0.9216200003304187,-0.972749297956228,-0.8731072512529489,-0.9618630426316521,0.07019829844953517,170,-0.8616676893498997,-0.8689946119473595,-0.8714210491126011,-0.8778733881029372,-0.8782109227416711,-0.8716335322508938,0.006140438761232099,0.9618630426316521
0.2226010799407959,0.0028229460055132064,0.01592426300048828,0.0008601099969296871,0.1,0.01,300,7,20,"{'l2_regularization': 0.1, 'learning_rate': 0.01, 'max_iter': 300, 'max_leaf_nodes': 7, 'min_samples_leaf': 20}",-1.1155097944529382,-1.023315272980381,-0.9277269099061558,-1.0216364309831274,-0.8991176506247389,-0.9974612117894683,0.07710080473470148,180,-0.9085445722422851,-0.9032085528246808,-0.9203532632936684,-0.936185688327783,-0.9242714756361119,-0.9185127104649059,0.01168303195456076,0.9974612117894683
0.42005114555358886,0.0025497410930167552,0.01884312629699707,0.0009444812837788882,0.1,0.01,300,15,10,"{'l2_regularization': 0.1, 'learning_rate': 0.01, 'max_iter': 300, 'max_leaf_nodes': 15, 'min_samples_leaf': 10}",-0.9740184164900074,-0.8379648149246857,-0.8107684025116909,-0.7919767998964776,-0.7472650639056647,-0.8323986995457051,0.07672895347405631,154,-0.6850647910217847,-0.692882943429632,-0.6951563617200363,-0.6973914674830619,-0.700102334274106,-0.6941195795857241,0.005120390340361382,0.8323986995457051
0.4032780647277832,0.008488287707771132,0.01859912872314453,0.0004869748264708036,0.1,0.01,300,15,20,"{'l2_regularization': 0.1, 'learning_rate': 0.01, 'max_iter': 300, 'max_leaf_nodes': 15, 'min_samples_leaf': 20}",-1.0034262863454655,-0.9388269772504528,-0.8187629818591384,-0.8632384770760316,-0.7581539610086174,-0.8764817367079412,0.08661425839883563,164,-0.7609903130862015,-0.7654613925424522,-0.7881647671357164,-0.7856378146095769,-0.7842983510159615,-0.7769105276779816,0.011330836726663858,0.8764817367079412
0.734626293182373,0.001995286477935002,0.02254767417907715,0.0005267393576595987,0.1,0.01,300,31,10,"{'l2_regularization': 0.1, 'learning_rate': 0.01, 'max_iter': 300, 'max_leaf_nodes': 31, 'min_samples_leaf': 10}",-0.9418729679815246,-0.793947502236567,-0.7412314025714565,-0.7477443799539547,-0.6961830093015042,-0.7841958524090014,0.08470900990506165,137,-0.5705663168473694,-0.5871071287363591,-0.5892305094083523,-0.5889920328641812,-0.6028967064948475,-0.5877585388702219,0.01028444609082157,0.7841958524090014
0.692961311340332,0.004224062394145736,0.02325096130371094,0.00042102295232167135,0.1,0.01,300,31,20,"{'l2_regularization': 0.1, 'learning_rate': 0.01, 'max_iter': 300, 'max_leaf_nodes': 31, 'min_samples_leaf': 20}",-0.9469500994224876,-0.9165253371127927,-0.7746396862294004,-0.8129855314210227,-0.6927648272193035,-0.8287730962810013,0.09310658664529117,148,-0.6630158918368725,-0.6877627822208485,-0.7080044133534857,-0.7025942792301583,-0.7137734030749875,-0.6950301539432704,0.01819112122207927,0.8287730962810013
0.07946567535400391,0.0007150786562104727,0.0061321258544921875,0.00019301841609919738,0.1,0.03,100,7,10,"{'l2_regularization': 0.1, 'learning_rate': 0.03, 'max_iter': 100, 'max_leaf_nodes': 7, 'min_samples_leaf': 10}",-1.087074703016356,-0.9538901957476151,-0.9200515980534159,-0.9714853872209243,-0.868869891249281,-0.9602743550575183,0.07241190393827228,169,-0.8598817108757142,-0.8642234174133655,-0.8676763105267965,-0.877820444416377,-0.8737509052507111,-0.8686705576965927,0.006442666696791589,0.9602743550575183
0.0796928882598877,0.0011596561399126347,0.006341695785522461,0.00029518257557643065,0.1,0.03,100,7,20,"{'l2_regularization': 0.1, 'learning_rate': 0.03, 'max_iter': 100, 'max_leaf_nodes': 7, 'min_samples_leaf': 20}",-1.1138916346276067,-1.0237019706791208,-0.9245614393542738,-1.0170035456855362,-0.8940787747203214,-0.9946474730133718,0.07821667736414875,178,-0.9042371693538164,-0.90127400971287,-0.9177026202558312,-0.9323076022128837,-0.9221163611690091,-0.9155275525408821,0.011492167953508917,0.9946474730133718
0.14267778396606445,0.001767459831857673,0.007181549072265625,0.000294600616540269,0.1,0.03,100,15,10,"{'l2_regularization': 0.1, 'learning_rate': 0.03, 'max_iter': 100, 'max_leaf_nodes': 15, 'min_samples_leaf': 10}",-0.9697031503385891,-0.8373065470128026,-0.8102293109129858,-0.7894476483197285,-0.7457288457263254,-0.8304831004620862,0.0757709571404343,150,-0.6819546691885242,-0.6909584963621281,-0.6936991049922828,-0.696577299010204,-0.6961221390050522,-0.6918623417116383,0.005342832692467536,0.8304831004620862
0.13719730377197265,0.0011273117657672142,0.007336473464965821,0.0001496369857463353,0.1,0.03,100,15,20,"{'l2_regularization': 0.1, 'learning_rate': 0.03, 'max_iter': 100, 'max_leaf_nodes': 15, 'min_samples_leaf': 20}",-1.0032554820652957,-0.9389030684441524,-0.8156869856258491,-0.8615042900011615,-0.7599331445333865,-0.875856594133969,0.08656783601121514,163,-0.7610586125175017,-0.7624973048394487,-0.7842454838162642,-0.7844324294115756,-0.7843656190938658,-0.7753198899357312,0.011066458692576121,0.875856594133969
0.2513598918914795,0.0021692061333049876,0.00883183479309082,0.00043536163750473677,0.1,0.03,100,31,10,"{'l2_regularization': 0.1, 'learning_rate': 0.03, 'max_iter': 100, 'max_leaf_nodes': 31, 'min_samples_leaf': 10}",-0.9371408315876617,-0.7909847210952031,-0.7475811474666164,-0.7476903881893162,-0.691886302100734,-0.7830566780879062,0.08321791323670318,136,-0.5653157672377871,-0.5852546051420898,-0.5880392547715773,-0.5847490749116965,-0.5952568556723719,-0.5837231115471045,0.009938659304554384,0.7830566780879062
0.2364171028137207,0.001247345865692656,0.008665370941162109,0.00017618725840364078,0.1,0.03,100,31,20,"{'l2_regularization': 0.1, 'learning_rate': 0.03, 'max_iter': 100, 'max_leaf_nodes': 31, 'min_samples_leaf': 20}",-0.9473043208983898,-0.9127811118253867,-0.7767036159539277,-0.8145858228542601,-0.6924973892129641,-0.8287744521489857,0.09229363544852019,149,-0.658170220694547,-0.6858842049667907,-0.7057779992053047,-0.6998259590785576,-0.7128677251103147,-0.6925052218111029,0.019324189609047554,0.8287744521489857
0.1474484920501709,0.0013016960925539194,0.010967350006103516,0.00038911856808403043,0.1,0.03,200,7,10,"{'l2_regularization': 0.1, 'learning_rate': 0.03, 'max_iter': 200, 'max_leaf_nodes': 7, 'min_samples_leaf': 10}",-0.9171215531592528,-0.7151404663511939,-0.7440279725396245,-0.7157467916128752,-0.6807346475973434,-0.754554286252058,0.08372303081053417,122,-0.6093407971841422,-0.6273677366600323,-0.6211659580175946,-0.633852728585785,-0.6294356467464626,-0.6242325734388033,0.008492558336344876,0.754554286252058
0.14360594749450684,0.000407828844671607,0.01103525161743164,0.0003080094697356958,0.1,0.03,200,7,20,"{'l2_regularization': 0.1, 'learning_rate': 0.03, 'max_iter': 200, 'max_leaf_nodes': 7, 'min_samples_leaf': 20}",-0.9481326383189917,-0.8337445032285865,-0.7586505261584894,-0.803805892123868,-0.6892123456721758,-0.8067091811004223,0.0858546127259191,147,-0.6739147006836295,-0.682115413317641,-0.6904633220817985,-0.6986505505061669,-0.6979697376524799,-0.6886227448483432,0.00948665180288197,0.8067091811004223
0.2662555694580078,0.0018738437287279899,0.013969612121582032,0.0005413185002817016,0.1,0.03,200,15,10,"{'l2_regularization': 0.1, 'learning_rate': 0.03, 'max_iter': 200, 'max_leaf_nodes': 15, 'min_samples_leaf': 10}",-0.8583667847637237,-0.683426387705023,-0.7064620000357915,-0.6330782984237315,-0.6207633507145532,-0.7004193643285646,0.08503241968215894,62,-0.48501889853430585,-0.49055004979032596,-0.5005517393765281,-0.5018330949006341,-0.496641964600554,-0.49491914944046955,0.006318240309573776,0.7004193643285646
0.25864615440368655,0.002329400317751898,0.014559650421142578,0.000509489750603615,0.1,0.03,200,15,20,"{'l2_regularization': 0.1, 'learning_rate': 0.03, 'max_iter': 200, 'max_leaf_nodes': 15, 'min_samples_leaf': 20}",-0.884411536638877,-0.8066812829372928,-0.7139873161293833,-0.7317299273730399,-0.6320106387382355,-0.7537641403633657,0.08574448504479405,121,-0.5841735384181527,-0.5812246079244058,-0.6065865520584294,-0.5988807420818714,-0.6146461160976878,-0.5971023113161095,0.012807445946033752,0.7537641403633657
0.4737387180328369,0.0025012261186258236,0.017388105392456055,0.00057437229827168,0.1,0.03,200,31,10,"{'l2_regularization': 0.1, 'learning_rate': 0.03, 'max_iter': 200, 'max_leaf_nodes': 31, 'min_samples_leaf': 10}",-0.8415429378444008,-0.682808570912261,-0.6774467192572402,-0.6555086429073139,-0.6058396368574425,-0.6926293015557317,0.07926237168451362,51,-0.36544595628886156,-0.39020085801586973,-0.3957323644080465,-0.37654854360172413,-0.38942106173272706,-0.3834697568094458,0.010989612152672234,0.6926293015557317
0.44699878692626954,0.002813844354187092,0.018668317794799806,0.0007249346643824208,0.1,0.03,200,31,20,"{'l2_regularization': 0.1, 'learning_rate': 0.03, 'max_iter': 200, 'max_leaf_nodes': 31, 'min_samples_leaf': 20}",-0.8412794289078406,-0.8178348171706322,-0.7046423519767087,-0.7171049797488901,-0.6003532461093107,-0.7362429647826765,0.0866265155873275,112,-0.493968807975214,-0.5155221499507484,-0.5436821597318165,-0.5210830992785391,-0.552815024492797,-0.525414248285823,0.020928197738293134,0.7362429647826765
0.21229066848754882,0.0014481603184575747,0.01598496437072754,0.0005700328941463383,0.1,0.03,300,7,10,"{'l2_regularization': 0.1, 'learning_rate': 0.03, 'max_iter': 300, 'max_leaf_nodes': 7, 'min_samples_leaf': 10}",-0.870616394331344,-0.6601864662075676,-0.6972400311201336,-0.660514955848049,-0.637835585364515,-0.7052786865743219,0.08483731421348986,74,-0.5449791212152343,-0.5554694384224734,-0.5478075093228008,-0.5571094313800965,-0.5562033482350169,-0.5523137697151244,0.004943458064921748,0.7052786865743219
0.2063292980194092,0.001073619848465978,0.016286325454711915,0.0007373284331294893,0.1,0.03,300,7,20,"{'l2_regularization': 0.1, 'learning_rate': 0.03, 'max_iter': 300, 'max_leaf_nodes': 7, 'min_samples_leaf': 20}",-0.9056838287707504,-0.7804674048791986,-0.7126591938060058,-0.7566373730082399,-0.6481558649250406,-0.760720733077847,0.08532486752289234,130,-0.6025392101644603,-0.6104556847018707,-0.6104021948077906,-0.6246991179342807,-0.6196742825661752,-0.6135540980349155,0.007778567235528235,0.760720733077847
0.3763406276702881,0.002340443245533496,0.01992654800415039,0.0006712098626991608,0.1,0.03,300,15,10,"{'l2_regularization': 0.1, 'learning_rate': 0.03, 'max_iter': 300, 'max_leaf_nodes': 15, 'min_samples_leaf': 10}",-0.8318446947704147,-0.6519439708756736,-0.6769234416122417,-0.6085394939715407,-0.5968685732817388,-0.673224034902322,0.08442900784291033,22,-0.41746338957613915,-0.41874812239041553,-0.4245713483173377,-0.4244727047952244,-0.4202934665421799,-0.4211098063242593,0.0029268302253467725,0.673224034902322
0.37133135795593264,0.003886120193974719,0.021994400024414062,0.0006618054063010332,0.1,0.03,300,15,20,"{'l2_regularization': 0.1, 'learning_rate': 0.03, 'max_iter': 300, 'max_leaf_nodes': 15, 'min_samples_leaf': 20}",-0.8497325914484216,-0.777936059316297,-0.6900612093958014,-0.716352233544006,-0.6162963160577657,-0.7300756819524583,0.07917528258887295,107,-0.5121593656260417,-0.5108485569889937,-0.5368784659067565,-0.5296444793372362,-0.5501123524061217,-0.52792864405303,0.014936932981398395,0.7300756819524583
0.6777251720428467,0.003389391843264882,0.026683807373046875,0.0006632274363766374,0.1,0.03,300,31,10,"{'l2_regularization': 0.1, 'learning_rate': 0.03, 'max_iter': 300, 'max_leaf_nodes': 31, 'min_samples_leaf': 10}",-0.8312544900575446,-0.6643454977506191,-0.664378318919088,-0.6508776017179472,-0.6074017096566194,-0.6836515236203637,0.07670590439042796,42,-0.29306652311919384,-0.31665127459672665,-0.3253064606099229,-0.30769728141868974,-0.3104648511912721,-0.310637278187161,0.010665437745283236,0.6836515236203637
0.6562820911407471,0.004731350355723558,0.029961824417114258,0.001616304853897865,0.1,0.03,300,31,20,"{'l2_regularization': 0.1, 'learning_rate': 0.03, 'max_iter': 300, 'max_leaf_nodes': 31, 'min_samples_leaf': 20}",-0.8113197267749513,-0.7943380295940945,-0.6892832225972791,-0.7169144688552798,-0.5893957907856346,-0.7202502477214481,0.07984437663797851,92,-0.4258188528871833,-0.43454405707564603,-0.47477078822887187,-0.44888376710151,-0.48603047257016446,-0.4540095875726752,0.02304891738824398,0.7202502477214481
0.07866139411926269,0.0007369924745115123,0.006559324264526367,0.000849577559889922,0.1,0.05,100,7,10,"{'l2_regularization': 0.1, 'learning_rate': 0.05, 'max_iter': 100, 'max_leaf_nodes': 7, 'min_samples_leaf': 10}",-0.9419624169396658,-0.7703609362655707,-0.7714500395808221,-0.758766231524392,-0.7094843232171524,-0.7904047895055206,0.07909471947776517,143,-0.653008469093471,-0.6703056803658967,-0.666715522264883,-0.676483659142356,-0.6760811056542575,-0.6685188873041727,0.008574876847977484,0.7904047895055206
0.07864089012145996,0.0017475414874892048,0.00627899169921875,0.0002075641532389958,0.1,0.05,100,7,20,"{'l2_regularization': 0.1, 'learning_rate': 0.05, 'max_iter': 100, 'max_leaf_nodes': 7, 'min_samples_leaf': 20}",-0.9698040824873867,-0.8671826341847413,-0.7937020745769907,-0.8315381660890845,-0.721583927095104,-0.8367621768866614,0.08218642806799126,158,-0.7201493605463128,-0.7184545016701295,-0.7342166193953851,-0.7505777226391577,-0.7401096089703663,-0.7327015626442703,0.012143048772037014,0.8367621768866614
0.1415130615234375,0.0017891857226394502,0.007909059524536133,0.00032687971479938805,0.1,0.05,100,15,10,"{'l2_regularization': 0.1, 'learning_rate': 0.05, 'max_iter': 100, 'max_leaf_nodes': 15, 'min_samples_leaf': 10}",-0.9007985842797469,-0.7087860290268614,-0.728191952415094,-0.654724963534882,-0.6404525568961725,-0.7265908172305513,0.09300797926840987,104,-0.526580905570603,-0.5310411468337464,-0.5391780246230727,-0.5421626365723093,-0.5366013337339764,-0.5351128094667417,0.005618070161001619,0.7265908172305513
0.13477654457092286,0.0015894626534686106,0.007959794998168946,0.00046309440384728926,0.1,0.05,100,15,20,"{'l2_regularization': 0.1, 'learning_rate': 0.05, 'max_iter': 100, 'max_leaf_nodes': 15, 'min_samples_leaf': 20}",-0.9087427667699489,-0.8269714193009463,-0.7370209627125109,-0.7377606019349916,-0.6427601215177178,-0.7706511744472231,0.09034396512388716,134,-0.6176449500131267,-0.6155001274379207,-0.6407965618370204,-0.6323890854079514,-0.648815424157239,-0.6310292297706516,0.012914260781745155,0.7706511744472231
0.24548535346984862,0.0016881260544557542,0.009121131896972657,0.0002590823251520689,0.1,0.05,100,31,10,"{'l2_regularization': 0.1, 'learning_rate': 0.05, 'max_iter': 100, 'max_leaf_nodes': 31, 'min_samples_leaf': 10}",-0.8564503369006201,-0.6957627655795434,-0.6835776223213897,-0.6699526717522889,-0.6178878626632393,-0.7047262518434162,0.08037153017190868,72,-0.41541094763140374,-0.43144408031971315,-0.43053606715990383,-0.4155069967318581,-0.4316095140731541,-0.42490152118320657,0.007718528785188948,0.7047262518434162
0.23446393013000488,0.002221322842554331,0.009525823593139648,0.00020449868545015996,0.1,0.05,100,31,20,"{'l2_regularization': 0.1, 'learning_rate': 0.05, 'max_iter': 100, 'max_leaf_nodes': 31, 'min_samples_leaf': 20}",-0.8513116519948489,-0.8271810215156059,-0.7170249146591713,-0.7375245013821508,-0.6094401916134127,-0.748496456233038,0.08626669316195561,117,-0.5275899184969252,-0.5490116240870747,-0.5747786337954357,-0.5648221229632869,-0.5851700443695463,-0.5602744687424538,0.020228559726705085,0.748496456233038
0.14354143142700196,0.0018097717630500669,0.01124272346496582,0.0007229231991721794,0.1,0.05,200,7,10,"{'l2_regularization': 0.1, 'learning_rate': 0.05, 'max_iter': 200, 'max_leaf_nodes': 7, 'min_samples_leaf': 10}",-0.8565621881267598,-0.6616009629327958,-0.6887982313856369,-0.6560570370943208,-0.6348605412547884,-0.6995757921588603,0.080355357919561,61,-0.5266852557613668,-0.5406826939296479,-0.5352874259748696,-0.540945444969411,-0.5441163177034513,-0.5375434276677493,0.006125700590008624,0.6995757921588603
0.13905787467956543,0.002227176469736278,0.01164383888244629,0.0007044693702277018,0.1,0.05,200,7,20,"{'l2_regularization': 0.1, 'learning_rate': 0.05, 'max_iter': 200, 'max_leaf_nodes': 7, 'min_samples_leaf': 20}",-0.8879841184541856,-0.7668563390335911,-0.7129591586420428,-0.7348966542059571,-0.6421040213083401,-0.7489600583288233,0.08069699240778153,119,-0.5890230520803711,-0.5932102678426043,-0.6007951891848798,-0.6089565577129502,-0.6021935412964456,-0.5988357216234502,0.007006853830832801,0.7489600583288233
0.25658512115478516,0.002248047793678732,0.013681316375732422,0.0005734156785859882,0.1,0.05,200,15,10,"{'l2_regularization': 0.1, 'learning_rate': 0.05, 'max_iter': 200, 'max_leaf_nodes': 15, 'min_samples_leaf': 10}",-0.8458451797278292,-0.6489481513531926,-0.67689143145619,-0.6076007840670246,-0.5951222423376015,-0.6748815577883676,0.0903254029626983,23,-0.4032382849563137,-0.4024385477011596,-0.4074793878114753,-0.4057163604119001,-0.4034072268879824,-0.40445596155376623,0.0018645241197302463,0.6748815577883676
0.24806013107299804,0.001619794129267597,0.015499687194824219,0.0004922319471960416,0.1,0.05,200,15,20,"{'l2_regularization': 0.1, 'learning_rate': 0.05, 'max_iter': 200, 'max_leaf_nodes': 15, 'min_samples_leaf': 20}",-0.846239401147224,-0.76586939704306,-0.6936295483122087,-0.7043631383078531,-0.6045777477093124,-0.7229358465039317,0.08032372065994327,99,-0.4889302462763007,-0.49442873781359636,-0.5195697304450907,-0.5086351083385474,-0.534808740567802,-0.5092745126882675,0.016689417889533136,0.7229358465039317
0.44946041107177737,0.0034663665018329435,0.01849961280822754,0.0006418938051955544,0.1,0.05,200,31,10,"{'l2_regularization': 0.1, 'learning_rate': 0.05, 'max_iter': 200, 'max_leaf_nodes': 31, 'min_samples_leaf': 10}",-0.8392932221848755,-0.6616365800451052,-0.6554970907924248,-0.6524904762971755,-0.619008181856446,-0.6855851102352054,0.07827227718577025,44,-0.2812312923730243,-0.30260099823917436,-0.3068547898663144,-0.28813721496881634,-0.2931534223446583,-0.29439554355839753,0.009344189169703426,0.6855851102352054
0.4338540554046631,0.002509193242548592,0.02077827453613281,0.0008173116668494654,0.1,0.05,200,31,20,"{'l2_regularization': 0.1, 'learning_rate': 0.05, 'max_iter': 200, 'max_leaf_nodes': 31, 'min_samples_leaf': 20}",-0.8029715751370387,-0.7861604779738359,-0.6933748520958783,-0.7348243998351126,-0.5934211648681672,-0.7221504939820066,0.07508559227885706,97,-0.40588467490094815,-0.4136548667378799,-0.4541444953798813,-0.4387390106087992,-0.46876908378859206,-0.43623842628322007,0.023733905261925405,0.7221504939820066
0.20224547386169434,0.001347516887107671,0.014820623397827148,0.0005228862955556449,0.1,0.05,300,7,10,"{'l2_regularization': 0.1, 'learning_rate': 0.05, 'max_iter': 300, 'max_leaf_nodes': 7, 'min_samples_leaf': 10}",-0.8299931335591852,-0.6338624064668685,-0.6644799972487667,-0.6419538308352488,-0.6103979416693522,-0.6761374619558843,0.07884776426582416,27,-0.4739059367721382,-0.48221547214073024,-0.480080442620423,-0.48585213604209454,-0.48610672627060425,-0.48163214276919797,0.0044782261298588364,0.6761374619558843
0.19876718521118164,0.0015380080547865757,0.016606664657592772,0.0010484736985333673,0.1,0.05,300,7,20,"{'l2_regularization': 0.1, 'learning_rate': 0.05, 'max_iter': 300, 'max_leaf_nodes': 7, 'min_samples_leaf': 20}",-0.8489344926729062,-0.7336688641714033,-0.6817026341538194,-0.7191105188599901,-0.6275156907261287,-0.7221864401168495,0.07322276355881803,98,-0.5291999314976391,-0.5341581198695411,-0.5317071293626685,-0.5326692581636394,-0.547862997970375,-0.5351194873727726,0.006572826514562998,0.7221864401168495
0.36936297416687014,0.0030338065324839293,0.019329547882080078,0.00044265790155758645,0.1,0.05,300,15,10,"{'l2_regularization': 0.1, 'learning_rate': 0.05, 'max_iter': 300, 'max_leaf_nodes': 15, 'min_samples_leaf': 10}",-0.838966518824261,-0.6273386912274868,-0.66069480749763,-0.6051203074513014,-0.5876904251407673,-0.6639621500282893,0.09083856099101975,12,-0.3394311028375909,-0.33483138171296706,-0.33965189219313224,-0.3368065308200441,-0.3357851132698,-0.33730120416670684,0.0019341902091776352,0.6639621500282893
0.3735477924346924,0.010168030179825338,0.022472524642944337,0.0011140627129466903,0.1,0.05,300,15,20,"{'l2_regularization': 0.1, 'learning_rate': 0.05, 'max_iter': 300, 'max_leaf_nodes': 15, 'min_samples_leaf': 20}",-0.8173876217288663,-0.7303445448109032,-0.6780159817635583,-0.7013168697933904,-0.5933525183091258,-0.7040835072811688,0.07276810638080641,71,-0.413212608906099,-0.4249978245996924,-0.45224440154219286,-0.4359697295370658,-0.4702228300879612,-0.4393294789346022,0.020099599516010844,0.7040835072811688
0.7204635620117188,0.022166444423473222,0.03163557052612305,0.002917972499919937,0.1,0.05,300,31,10,"{'l2_regularization': 0.1, 'learning_rate': 0.05, 'max_iter': 300, 'max_leaf_nodes': 31, 'min_samples_leaf': 10}",-0.8341415463953328,-0.6561454680755961,-0.6421778599162028,-0.6494580404001301,-0.6206415552005007,-0.6805128939975524,0.0777355649145833,38,-0.20779324666418322,-0.23102793340930092,-0.22955444417751514,-0.22044402679372319,-0.2227430730114734,-0.22231254481123916,0.008281181529740476,0.6805128939975524
0.8560854434967041,0.08715650285013136,0.0393885612487793,0.000937886576036228,0.1,0.05,300,31,20,"{'l2_regularization': 0.1, 'learning_rate': 0.05, 'max_iter': 300, 'max_leaf_nodes': 31, 'min_samples_leaf': 20}",-0.7770986364374797,-0.7771333612897556,-0.6846455938762865,-0.7361866126841718,-0.5955182966197476,-0.7141165001814882,0.06835061425285084,85,-0.33621161705703884,-0.33997624048388897,-0.3882870724076721,-0.36298876580658157,-0.3989461520537542,-0.36528196956178716,0.025112690187152,0.7141165001814882
0.11623935699462891,0.006000671562489246,0.009792280197143555,0.0014662345741297328,0.1,0.1,100,7,10,"{'l2_regularization': 0.1, 'learning_rate': 0.1, 'max_iter': 100, 'max_leaf_nodes': 7, 'min_samples_leaf': 10}",-0.854338755547819,-0.6734729665362498,-0.695560388648233,-0.6615236171156582,-0.6207407652637965,-0.7011272986223512,0.08037406228044268,64,-0.5341604230084144,-0.5532931113687746,-0.5386529803757651,-0.5503322532468844,-0.547051745156426,-0.544698102631253,0.007193659102450953,0.7011272986223512
0.09797019958496093,0.0039233448067747135,0.008518028259277343,0.0003466089385922313,0.1,0.1,100,7,20,"{'l2_regularization': 0.1, 'learning_rate': 0.1, 'max_iter': 100, 'max_leaf_nodes': 7, 'min_samples_leaf': 20}",-0.8754562595264535,-0.7764424411417228,-0.7104077815690164,-0.7253490281104188,-0.650329255225514,-0.7475969531146252,0.07552360441017647,116,-0.5952269939910408,-0.5987821722064347,-0.5978756672400383,-0.5997802522230448,-0.6063370668710658,-0.5996004305063249,0.003692855461126108,0.7475969531146252
0.18093700408935548,0.0031272763739201236,0.010545110702514649,0.001305934397824989,0.1,0.1,100,15,10,"{'l2_regularization': 0.1, 'learning_rate': 0.1, 'max_iter': 100, 'max_leaf_nodes': 15, 'min_samples_leaf': 10}",-0.8368195004331551,-0.649647794897347,-0.6708770355111521,-0.6182861973204008,-0.6075833871501062,-0.6766427830624322,0.08317841701037726,29,-0.400553986544687,-0.4059059111093461,-0.40609360242795656,-0.40934317363206607,-0.4053244940519289,-0.4054442335531969,0.002820121032593278,0.6766427830624322
0.16619210243225097,0.005961842757896829,0.010204219818115234,0.00036047670555710524,0.1,0.1,100,15,20,"{'l2_regularization': 0.1, 'learning_rate': 0.1, 'max_iter': 100, 'max_leaf_nodes': 15, 'min_samples_leaf': 20}",-0.8399229181487857,-0.7628050348275347,-0.6836447179092066,-0.7256219290904306,-0.6038040305781106,-0.7231597261108136,0.0787637910348679,100,-0.4907172229833358,-0.49174795997599585,-0.5200459946311845,-0.5150296095800614,-0.5346109899837636,-0.5104303554308682,0.01694671787790424,0.7231597261108136
0.2671378135681152,0.014653879093702415,0.012548446655273438,0.002684363817812502,0.1,0.1,100,31,10,"{'l2_regularization': 0.1, 'learning_rate': 0.1, 'max_iter': 100, 'max_leaf_nodes': 31, 'min_samples_leaf': 10}",-0.8350859795373299,-0.661116031030882,-0.6547561350843716,-0.6727382875863498,-0.6175955590701784,-0.6882583984618222,0.0756988230266881,45,-0.2764199847514369,-0.2996546046387505,-0.29981194576536874,-0.28985670335634556,-0.2976785380160245,-0.29268435530558523,0.008909030783904877,0.6882583984618222
0.24181995391845704,0.007902260457404237,0.011635875701904297,0.0007703837648096081,0.1,0.1,100,31,20,"{'l2_regularization': 0.1, 'learning_rate': 0.1, 'max_iter': 100, 'max_leaf_nodes': 31, 'min_samples_leaf': 20}",-0.8129876745033957,-0.7834187971686657,-0.6967471901034483,-0.7170970855509071,-0.5885918440666976,-0.7197685182786229,0.07808406630178555,90,-0.40991456387809533,-0.41423235787713836,-0.4484679847942384,-0.4275505285442194,-0.46447847238435297,-0.4329287814956089,0.02071224713935281,0.7197685182786229
0.14545903205871583,0.007879265984269685,0.010649633407592774,0.0005394106073380846,0.1,0.1,200,7,10,"{'l2_regularization': 0.1, 'learning_rate': 0.1, 'max_iter': 200, 'max_leaf_nodes': 7, 'min_samples_leaf': 10}",-0.8137544941986469,-0.6352001174270374,-0.6509964425679404,-0.6423714633779741,-0.5890470750005748,-0.6662739185144347,0.07679168615172632,14,-0.44029171419684465,-0.45029408346842986,-0.44467990439502647,-0.4451756106807629,-0.44211573916460745,-0.4445114103811343,0.0033898063888865527,0.6662739185144347
0.13784217834472656,0.001152395081147122,0.01105484962463379,0.0003075298619876491,0.1,0.1,200,7,20,"{'l2_regularization': 0.1, 'learning_rate': 0.1, 'max_iter': 200, 'max_leaf_nodes': 7, 'min_samples_leaf': 20}",-0.815244649929963,-0.7156227217052343,-0.6613564242561307,-0.7026117630075178,-0.6166506290351448,-0.7022972375867982,0.06625145607580953,68,-0.48878195825749615,-0.4991332518076383,-0.48263783817081796,-0.48335638160523686,-0.5007961089573963,-0.4909411077597171,0.007685916418820658,0.7022972375867982
0.239652681350708,0.002093260267968342,0.012859439849853516,0.0008046211952523267,0.1,0.1,200,15,10,"{'l2_regularization': 0.1, 'learning_rate': 0.1, 'max_iter': 200, 'max_leaf_nodes': 15, 'min_samples_leaf': 10}",-0.818938898201709,-0.6310815522705931,-0.6530599760838208,-0.6098209374737037,-0.5899165375518793,-0.6605635803163411,0.0819439513612555,11,-0.28435716489604307,-0.2851237812059776,-0.29163058746326487,-0.28762363570444643,-0.2863458009476618,-0.2870161940434788,0.0025597930096558715,0.6605635803163411
0.2403852939605713,0.002553123728515072,0.015077781677246094,0.0006267732767259514,0.1,0.1,200,15,20,"{'l2_regularization': 0.1, 'learning_rate': 0.1, 'max_iter': 200, 'max_leaf_nodes': 15, 'min_samples_leaf': 20}",-0.7973075676538222,-0.7186785230564802,-0.6557584061689672,-0.7130332255111983,-0.5949977820288957,-0.6959551008838727,0.06765869237986132,56,-0.3546262309529835,-0.37353506249686164,-0.3921932233740047,-0.36671712140139423,-0.388612978776049,-0.3751369234002586,0.013904452279801603,0.6959551008838727
0.43241095542907715,0.003471344077191715,0.01880326271057129,0.0010328129893009844,0.1,0.1,200,31,10,"{'l2_regularization': 0.1, 'learning_rate': 0.1, 'max_iter': 200, 'max_leaf_nodes': 31, 'min_samples_leaf': 10}",-0.8285653257963259,-0.647647061034048,-0.6570755805961465,-0.6550173152462583,-0.6154802480756348,-0.6807571061496828,0.07540287072914914,39,-0.15744229758145492,-0.18309355128870997,-0.1789639301737682,-0.16939180917392124,-0.1750001148059629,-0.17277834060476344,0.008902406204126526,0.6807571061496828
0.42803425788879396,0.003838400161194398,0.022409534454345702,0.0007763813145391731,0.1,0.1,200,31,20,"{'l2_regularization': 0.1, 'learning_rate': 0.1, 'max_iter': 200, 'max_leaf_nodes': 31, 'min_samples_leaf': 20}",-0.7732583758480455,-0.7704823325337344,-0.6886069231815458,-0.7231032878710331,-0.5958145380699682,-0.7102530915008654,0.06531017377419991,82,-0.2579716743853846,-0.29075424537063144,-0.3130953253199226,-0.2908303488313974,-0.3059102399926555,-0.2917123667799983,0.018968082640306562,0.7102530915008654
0.19862446784973145,0.0006789523634559254,0.013874149322509766,0.0008472106113002812,0.1,0.1,300,7,10,"{'l2_regularization': 0.1, 'learning_rate': 0.1, 'max_iter': 300, 'max_leaf_nodes': 7, 'min_samples_leaf': 10}",-0.808266941832011,-0.6240525802414704,-0.630600332024023,-0.6364373455497229,-0.5794114626991029,-0.6557537324692662,0.07886596299283863,6,-0.382877065614451,-0.3826287002762589,-0.38462358165837734,-0.38482155001773827,-0.3756659938685815,-0.3821233782870814,0.003348204175806022,0.6557537324692662
0.19607071876525878,0.0025435533241293163,0.015889596939086915,0.0006791274007670354,0.1,0.1,300,7,20,"{'l2_regularization': 0.1, 'learning_rate': 0.1, 'max_iter': 300, 'max_leaf_nodes': 7, 'min_samples_leaf': 20}",-0.7910123989181643,-0.6987181745027254,-0.6402426160317135,-0.6951030882456893,-0.6009921649184102,-0.6852136885233405,0.06417039954531466,43,-0.42590417279121523,-0.4453938499343413,-0.4241963310769725,-0.42102924515789975,-0.4280224030453788,-0.42890920040116154,0.008554123013158237,0.6852136885233405
0.3464361667633057,0.005127772966131464,0.017609882354736327,0.0005715252380010081,0.1,0.1,300,15,10,"{'l2_regularization': 0.1, 'learning_rate': 0.1, 'max_iter': 300, 'max_leaf_nodes': 15, 'min_samples_leaf': 10}",-0.8106660273163223,-0.6183921295824008,-0.6458542111267078,-0.6050116170921497,-0.5791423272665038,-0.6518132624768168,0.08228990478685502,3,-0.21673060394593802,-0.21472056086244143,-0.2188903261871178,-0.2165144506508793,-0.21420298108299823,-0.21621178454587495,0.0016609879645181483,0.6518132624768168
0.35986785888671874,0.005732934927135005,0.022793054580688477,0.001536318442498424,0.1,0.1,300,15,20,"{'l2_regularization': 0.1, 'learning_rate': 0.1, 'max_iter': 300, 'max_leaf_nodes': 15, 'min_samples_leaf': 20}",-0.7846408226664829,-0.7169925570845218,-0.636726555086794,-0.7084900592842605,-0.6052932212977644,-0.6904286430839648,0.06330836494784566,48,-0.2789193998140626,-0.3019821699545832,-0.2924532983372253,-0.2755642471334489,-0.3009346365339798,-0.28997075035465997,0.010957405982057668,0.6904286430839648
0.6598560333251953,0.011638002303652775,0.027607822418212892,0.002358263455186064,0.1,0.1,300,31,10,"{'l2_regularization': 0.1, 'learning_rate': 0.1, 'max_iter': 300, 'max_leaf_nodes': 31, 'min_samples_leaf': 10}",-0.8268494484691269,-0.647814553760712,-0.6444569397836227,-0.6521703520715303,-0.6157884032333377,-0.6774159394636659,0.07580000555900203,32,-0.1030743779220496,-0.1174411677971513,-0.11067199401615252,-0.10832884840079483,-0.11175013993064353,-0.11025330561335836,0.0046759322938910285,0.6774159394636659
0.6306238174438477,0.0112408784796849,0.03357486724853516,0.0015186905849204247,0.1,0.1,300,31,20,"{'l2_regularization': 0.1, 'learning_rate': 0.1, 'max_iter': 300, 'max_leaf_nodes': 31, 'min_samples_leaf': 20}",-0.750574665773176,-0.7657004317207717,-0.6677938483291772,-0.7166523115640405,-0.6095614306145256,-0.7020565376003383,0.05717843532349833,65,-0.1711355801074116,-0.2186559192044013,-0.22075463759131195,-0.2012205325926128,-0.21422444252910722,-0.20519822240496896,0.018333957144377747,0.7020565376003383
0.08006448745727539,0.0007325708311076721,0.005852460861206055,0.00012358787591064255,0.5,0.01,100,7,10,"{'l2_regularization': 0.5, 'learning_rate': 0.01, 'max_iter': 100, 'max_leaf_nodes': 7, 'min_samples_leaf': 10}",-1.8662477874995076,-1.8217207057374476,-1.715141298808805,-1.8939070794187522,-1.7742415724772884,-1.8142516887883602,0.06407501940845665,212,-1.7560830381093293,-1.7692415999598163,-1.7781083296424631,-1.7555153753189865,-1.7750202556985395,-1.7667937197458268,0.009419216130498557,1.8142516887883602
0.0794588565826416,0.0006173331086478799,0.006084442138671875,0.00019110804052503236,0.5,0.01,100,7,20,"{'l2_regularization': 0.5, 'learning_rate': 0.01, 'max_iter': 100, 'max_leaf_nodes': 7, 'min_samples_leaf': 20}",-1.8963079075118294,-1.8463692645733016,-1.7276144300321545,-1.898741006123467,-1.778447970998846,-1.8294961158479197,0.067125501085232,215,-1.7720345905409052,-1.7909000408434306,-1.8039287458420188,-1.7785297251772156,-1.7910048259115967,-1.7872795856630332,0.011073839262724395,1.8294961158479197
0.14579987525939941,0.000912439034999356,0.007112741470336914,0.0002919383465220219,0.5,0.01,100,15,10,"{'l2_regularization': 0.5, 'learning_rate': 0.01, 'max_iter': 100, 'max_leaf_nodes': 15, 'min_samples_leaf': 10}",-1.7011310920759692,-1.627449852434802,-1.527354671745823,-1.6962385075135806,-1.5482194186186864,-1.6200787084777724,0.07236800697308063,206,-1.5482826234951939,-1.5590204509197234,-1.5622919951557397,-1.553679703449304,-1.5708707362423169,-1.5588291018524556,0.007678199175967435,1.6200787084777724
0.13884882926940917,0.0007729927796411695,0.007075691223144531,0.00020559472070054029,0.5,0.01,100,15,20,"{'l2_regularization': 0.5, 'learning_rate': 0.01, 'max_iter': 100, 'max_leaf_nodes': 15, 'min_samples_leaf': 20}",-1.7365844846527863,-1.6871039471548102,-1.5490213355199605,-1.7032884954200913,-1.5635896118182255,-1.6479175749131745,0.07662245495398691,209,-1.5846393597690642,-1.603405795126501,-1.6160654728355932,-1.5922718364592605,-1.6086406287827602,-1.6010046185946358,0.01126931063596671,1.6479175749131745
0.2565417766571045,0.0017049544633831438,0.008312797546386719,0.00021782841011649715,0.5,0.01,100,31,10,"{'l2_regularization': 0.5, 'learning_rate': 0.01, 'max_iter': 100, 'max_leaf_nodes': 31, 'min_samples_leaf': 10}",-1.6577009948562673,-1.5614218804506126,-1.4517923685186431,-1.6442304274940638,-1.4752668934042432,-1.558082512944766,0.08427630525466931,200,-1.4543435064410597,-1.4742916260100396,-1.4798381051758556,-1.4677667769900613,-1.479740779470689,-1.4711961588175408,0.009518910105124354,1.558082512944766
0.23993868827819825,0.0013279162288004267,0.008580827713012695,0.00025351753254637595,0.5,0.01,100,31,20,"{'l2_regularization': 0.5, 'learning_rate': 0.01, 'max_iter': 100, 'max_leaf_nodes': 31, 'min_samples_leaf': 20}",-1.661433773791446,-1.626247828512922,-1.4859004137665566,-1.640019706351766,-1.4839049351846303,-1.5795013315214643,0.07805182453542929,203,-1.497307241690115,-1.5278420578493415,-1.5421427622209274,-1.514109101165736,-1.5302884369416674,-1.5223379199735574,0.015362202606138282,1.5795013315214643
0.15074496269226073,0.0008094881105062664,0.010460281372070312,0.00035548207265750144,0.5,0.01,200,7,10,"{'l2_regularization': 0.5, 'learning_rate': 0.01, 'max_iter': 200, 'max_leaf_nodes': 7, 'min_samples_leaf': 10}",-1.2889009944462233,-1.2214066373809844,-1.1423615910968716,-1.2510061110541406,-1.127229873560356,-1.2061810415077152,0.06227343802084675,194,-1.1292469014985125,-1.137177765582374,-1.138404987393722,-1.142466229428148,-1.153109399973147,-1.1400810567751807,0.007797999794166542,1.2061810415077152
0.14835624694824218,0.001150425765294287,0.010563993453979492,0.00041578036326352883,0.5,0.01,200,7,20,"{'l2_regularization': 0.5, 'learning_rate': 0.01, 'max_iter': 200, 'max_leaf_nodes': 7, 'min_samples_leaf': 20}",-1.3423768667074525,-1.2564432755999955,-1.147567069075042,-1.2873570376394234,-1.1558197267340904,-1.2379127951512008,0.07563395556146948,197,-1.167840261667067,-1.1592883957099394,-1.171767407083431,-1.1868335797944287,-1.1792380345328155,-1.1729935357575363,0.009449138299324408,1.2379127951512008
0.2770946502685547,0.001754494648173569,0.01279134750366211,0.0003558750238918005,0.5,0.01,200,15,10,"{'l2_regularization': 0.5, 'learning_rate': 0.01, 'max_iter': 200, 'max_leaf_nodes': 15, 'min_samples_leaf': 10}",-1.148083027066743,-1.052592553860203,-0.9846639668169681,-1.0469526589902516,-0.9540382577599712,-1.0372660928988275,0.06678769209495518,188,-0.9246836377748802,-0.9296467859177181,-0.9325596734665664,-0.9342775991748743,-0.9419223243401552,-0.9326180041348389,0.00567644853538943,1.0372660928988275
0.27054872512817385,0.00195811908742885,0.013224363327026367,0.0006270265033658688,0.5,0.01,200,15,20,"{'l2_regularization': 0.5, 'learning_rate': 0.01, 'max_iter': 200, 'max_leaf_nodes': 15, 'min_samples_leaf': 20}",-1.2139640979282744,-1.1350325655091382,-0.9908474215302959,-1.0943790713602208,-0.9718960174219724,-1.0812238347499803,0.09034255357580628,191,-0.98594217460583,-0.9897666861128631,-1.0058020516243504,-1.0063969551588912,-1.0055678282753597,-0.9986951391554589,0.00893773359267263,1.0812238347499803
0.5035371780395508,0.0038380418538296016,0.015463733673095703,0.0005973045727589818,0.5,0.01,200,31,10,"{'l2_regularization': 0.5, 'learning_rate': 0.01, 'max_iter': 200, 'max_leaf_nodes': 31, 'min_samples_leaf': 10}",-1.1154643371292847,-0.9937664271861676,-0.9002500621990174,-0.983847128834459,-0.8771907217423635,-0.9741037354182585,0.08403674451886475,176,-0.8092096546896033,-0.8234529948514658,-0.8241924204705228,-0.8292205154169959,-0.8402803139084277,-0.8252711798674032,0.010033079941576827,0.9741037354182585
0.4743170261383057,0.003441146659442144,0.01620306968688965,0.0009473176535870163,0.5,0.01,200,31,20,"{'l2_regularization': 0.5, 'learning_rate': 0.01, 'max_iter': 200, 'max_leaf_nodes': 31, 'min_samples_leaf': 20}",-1.136322381407744,-1.0857649299158765,-0.9276727858629531,-1.0171107410245313,-0.8897569680774169,-1.0113255612577043,0.09270987287000461,185,-0.8788962360053729,-0.9060695937121209,-0.916370292367282,-0.9127470667245096,-0.9233178154032381,-0.9074802008425047,0.015340381330325354,1.0113255612577043
0.22304267883300782,0.0011236464360788467,0.015542411804199218,0.0008162044995459417,0.5,0.01,300,7,10,"{'l2_regularization': 0.5, 'learning_rate': 0.01, 'max_iter': 300, 'max_leaf_nodes': 7, 'min_samples_leaf': 10}",-1.093212444860336,-0.9620188442565745,-0.9255234551127429,-0.9826475069404774,-0.8725355066183835,-0.9671875515577029,0.0732706026061094,172,-0.8655786555811974,-0.8733632825145055,-0.8718873331778273,-0.8823421143309989,-0.880690002918078,-0.8747722777045214,0.006118051297084482,0.9671875515577029
0.21674933433532714,0.0024459537820977276,0.016005563735961913,0.001328146079702874,0.5,0.01,300,7,20,"{'l2_regularization': 0.5, 'learning_rate': 0.01, 'max_iter': 300, 'max_leaf_nodes': 7, 'min_samples_leaf': 20}",-1.118095895539193,-1.026616158621412,-0.9262708041705058,-1.0239983051562003,-0.8990190262985949,-0.9988000379571812,0.07855817069682954,182,-0.9112530064275277,-0.9049593339424935,-0.9217818135696683,-0.9392313054899535,-0.9246665847710502,-0.9203784088401387,0.011805173015497833,0.9988000379571812
0.41514062881469727,0.006698259286361319,0.019729757308959962,0.0020402405894814385,0.5,0.01,300,15,10,"{'l2_regularization': 0.5, 'learning_rate': 0.01, 'max_iter': 300, 'max_leaf_nodes': 15, 'min_samples_leaf': 10}",-0.9729849349683019,-0.841832403094815,-0.8097635370775744,-0.8013331271848096,-0.7479118061967155,-0.8347651617044434,0.07542007577699565,156,-0.6897648045157398,-0.6972586531589084,-0.699073645997838,-0.7020187120333502,-0.7076716773794892,-0.6991574986170652,0.0058738935984375355,0.8347651617044434
0.43233232498168944,0.020185536123754365,0.021404027938842773,0.0004415075134260324,0.5,0.01,300,15,20,"{'l2_regularization': 0.5, 'learning_rate': 0.01, 'max_iter': 300, 'max_leaf_nodes': 15, 'min_samples_leaf': 20}",-1.0043950561001806,-0.9434785774098647,-0.8220631055753791,-0.8680456585409143,-0.7603429969511409,-0.879665078915496,0.08639500831113776,166,-0.7648382877511233,-0.7685596973003277,-0.7908468227284419,-0.7891253573344937,-0.7885020877622408,-0.7803744505753255,0.011254049796516338,0.879665078915496
0.832430076599121,0.03729270535104349,0.024361467361450194,0.002389872909193247,0.5,0.01,300,31,10,"{'l2_regularization': 0.5, 'learning_rate': 0.01, 'max_iter': 300, 'max_leaf_nodes': 31, 'min_samples_leaf': 10}",-0.9409481379187604,-0.8008088126616966,-0.748214759110511,-0.7535626321693107,-0.6957826031742258,-0.7878633890069009,0.08346250803188769,142,-0.576382608245303,-0.5963093544317065,-0.5969393708564648,-0.5966317698810347,-0.6056142112600559,-0.594375462934913,0.00964838603066862,0.7878633890069009
0.6974105358123779,0.014304143090945434,0.02302398681640625,0.0009021772340276796,0.5,0.01,300,31,20,"{'l2_regularization': 0.5, 'learning_rate': 0.01, 'max_iter': 300, 'max_leaf_nodes': 31, 'min_samples_leaf': 20}",-0.946332171965432,-0.9188627715929479,-0.7762084245392669,-0.8176452532125801,-0.6975855002817628,-0.831326824318398,0.09165231823568441,153,-0.6666354887588676,-0.6913591734905495,-0.7123093521765793,-0.7081427999849221,-0.7191716795987567,-0.6995236988019351,0.018826039520879443,0.831326824318398
0.08165488243103028,0.0016326562513579823,0.006524181365966797,0.00033302505127710374,0.5,0.03,100,7,10,"{'l2_regularization': 0.5, 'learning_rate': 0.03, 'max_iter': 100, 'max_leaf_nodes': 7, 'min_samples_leaf': 10}",-1.0949675510118124,-0.9627040027306939,-0.9199226736231816,-0.98001195043825,-0.8751789513828677,-0.9665570258373611,0.07376972150699987,171,-0.8624191509743927,-0.8656627748161998,-0.8693668788256033,-0.8781651089861598,-0.8795444743332704,-0.8710316775871252,0.006769428905025228,0.9665570258373611
0.08009157180786133,0.0006860222670222038,0.006148147583007813,0.00019499243321597886,0.5,0.03,100,7,20,"{'l2_regularization': 0.5, 'learning_rate': 0.03, 'max_iter': 100, 'max_leaf_nodes': 7, 'min_samples_leaf': 20}",-1.114402761045469,-1.0235718830491276,-0.9297405677387921,-1.021685858282385,-0.898049063266318,-0.9974900266764182,0.07669782701859179,181,-0.9068862930385286,-0.9033563425876856,-0.9203491504934365,-0.9382347579977307,-0.9253725164078106,-0.9188398121050383,0.012678664759562171,0.9974900266764182
0.14266586303710938,0.0005870325967553693,0.007239913940429688,0.00025173708129490807,0.5,0.03,100,15,10,"{'l2_regularization': 0.5, 'learning_rate': 0.03, 'max_iter': 100, 'max_leaf_nodes': 15, 'min_samples_leaf': 10}",-0.9718462847357873,-0.839988722516122,-0.8068966541062708,-0.7912023655591368,-0.743006723302972,-0.8305881500440577,0.07723375517046457,151,-0.6869141552161054,-0.698267459345146,-0.6941986247035165,-0.7020883491329176,-0.7017818411686412,-0.6966500859132653,0.005644883068200044,0.8305881500440577
0.13771624565124513,0.0010751540362795736,0.007493066787719727,0.0002353839582081205,0.5,0.03,100,15,20,"{'l2_regularization': 0.5, 'learning_rate': 0.03, 'max_iter': 100, 'max_leaf_nodes': 15, 'min_samples_leaf': 20}",-1.0076569166590965,-0.9463344049534751,-0.8215485707451321,-0.8605109408754853,-0.7586182445272073,-0.8789338155520792,0.08856724165763175,165,-0.7642463446987523,-0.7673173477066269,-0.7870529277520164,-0.7874009325236643,-0.7851085263666047,-0.7782252158095329,0.010236138565540847,0.8789338155520792
0.2515849590301514,0.0014866933758639024,0.008708333969116211,0.0002478996819644424,0.5,0.03,100,31,10,"{'l2_regularization': 0.5, 'learning_rate': 0.03, 'max_iter': 100, 'max_leaf_nodes': 31, 'min_samples_leaf': 10}",-0.9383443180437071,-0.7963418882081598,-0.7501466016810638,-0.7458005407856195,-0.6964690306049801,-0.7854204758647061,0.08274215832784668,138,-0.5742177075311441,-0.5925588136706667,-0.5947308352702835,-0.5911239267239315,-0.6057265141208731,-0.5916715594633797,0.010125462831939784,0.7854204758647061
0.2350916385650635,0.002003956106566494,0.00867152214050293,0.00036527771182874775,0.5,0.03,100,31,20,"{'l2_regularization': 0.5, 'learning_rate': 0.03, 'max_iter': 100, 'max_leaf_nodes': 31, 'min_samples_leaf': 20}",-0.9469822925947641,-0.9138058496222685,-0.777900257857609,-0.8210070658564981,-0.6959892381261741,-0.8311369408114627,0.09105597655663214,152,-0.6654905021462357,-0.6886958269027154,-0.708894194692851,-0.7105917506189139,-0.7157988855334012,-0.6978942319788234,0.01864089665891853,0.8311369408114627
0.14645652770996093,0.0005742248672805528,0.010761690139770509,0.00016342346851979026,0.5,0.03,200,7,10,"{'l2_regularization': 0.5, 'learning_rate': 0.03, 'max_iter': 200, 'max_leaf_nodes': 7, 'min_samples_leaf': 10}",-0.9187375225666647,-0.7227138763104455,-0.7431239949579806,-0.7304752424688432,-0.688704797099492,-0.7607510866806851,0.0810241349777486,131,-0.6131860076849358,-0.6302835591387587,-0.6218543817764993,-0.633898990019294,-0.6351010079470626,-0.62686478931331,0.008260950485217949,0.7607510866806851
0.14559741020202638,0.0002492490542863219,0.01136174201965332,0.000557302183772038,0.5,0.03,200,7,20,"{'l2_regularization': 0.5, 'learning_rate': 0.03, 'max_iter': 200, 'max_leaf_nodes': 7, 'min_samples_leaf': 20}",-0.9444800051779568,-0.8315260100824237,-0.7589163464831952,-0.7989921141208566,-0.6879561818856809,-0.8043741315500226,0.08487095577607674,146,-0.6761440199014691,-0.6830811351794646,-0.6931483885084728,-0.7040487526689991,-0.6966907066470289,-0.690622600581087,0.00989915223309016,0.8043741315500226
0.26697463989257814,0.0027111951916239303,0.014257526397705078,0.00037681811973626036,0.5,0.03,200,15,10,"{'l2_regularization': 0.5, 'learning_rate': 0.03, 'max_iter': 200, 'max_leaf_nodes': 15, 'min_samples_leaf': 10}",-0.8498075531788802,-0.6825651669201053,-0.6961090073507795,-0.6344570486145714,-0.6241179132690078,-0.6974113378666689,0.08097145166356211,58,-0.48727881871108036,-0.49602720676524087,-0.4976679735386964,-0.5030451481957494,-0.49910711575363514,-0.49662525259288043,0.005218725062505374,0.6974113378666689
0.2592935562133789,0.0012903707333409744,0.014849042892456055,0.0003616511251487263,0.5,0.03,200,15,20,"{'l2_regularization': 0.5, 'learning_rate': 0.03, 'max_iter': 200, 'max_leaf_nodes': 15, 'min_samples_leaf': 20}",-0.8915236636529064,-0.8072962166631686,-0.7194426427194609,-0.7326033641993231,-0.630771919531955,-0.7563275613533629,0.08782180121985361,126,-0.5856325650190284,-0.5845104446042142,-0.6097341821172997,-0.6006487613229258,-0.6166865210240926,-0.5994424948175121,0.012793831566684202,0.7563275613533629
0.47512197494506836,0.003423293022197065,0.01762423515319824,0.0006552759588560112,0.5,0.03,200,31,10,"{'l2_regularization': 0.5, 'learning_rate': 0.03, 'max_iter': 200, 'max_leaf_nodes': 31, 'min_samples_leaf': 10}",-0.8342600267784943,-0.678536757339117,-0.6785903444686981,-0.6572925168997689,-0.6172035177538968,-0.693176632647995,0.07401512521239795,53,-0.3676065244287724,-0.3948492134704951,-0.39839604702393877,-0.37966235106732565,-0.3916213240577768,-0.38642709200966174,0.011323811590522193,0.693176632647995
0.4471096992492676,0.0023119910737047934,0.018340682983398436,0.0005056441257067206,0.5,0.03,200,31,20,"{'l2_regularization': 0.5, 'learning_rate': 0.03, 'max_iter': 200, 'max_leaf_nodes': 31, 'min_samples_leaf': 20}",-0.8376614147493089,-0.8178996402932279,-0.7059096980204583,-0.7215293578214204,-0.602317087464683,-0.7370634396698197,0.08487978165798978,114,-0.49936150297823056,-0.5189548537145265,-0.5465197814412182,-0.5273758948953596,-0.5543392479766838,-0.5293102562012038,0.019649540056789695,0.7370634396698197
0.21085352897644044,0.0015551552954103758,0.016519641876220702,0.0009822388240209976,0.5,0.03,300,7,10,"{'l2_regularization': 0.5, 'learning_rate': 0.03, 'max_iter': 300, 'max_leaf_nodes': 7, 'min_samples_leaf': 10}",-0.8700770374833889,-0.6683929122989308,-0.6965695530310116,-0.6681176130226221,-0.6456848666267452,-0.7097683964925398,0.08176366809412189,79,-0.5465561608521607,-0.5594648746349684,-0.5496405035027516,-0.5579868456078261,-0.5609621367437737,-0.554922104268296,0.005734033663590454,0.7097683964925398
0.2054439067840576,0.0010925627303235736,0.01690068244934082,0.0009941718395407354,0.5,0.03,300,7,20,"{'l2_regularization': 0.5, 'learning_rate': 0.03, 'max_iter': 300, 'max_leaf_nodes': 7, 'min_samples_leaf': 20}",-0.9019416218336086,-0.7664639801592057,-0.7138038077553522,-0.752341400647428,-0.6445170745291369,-0.7558135769849462,0.08441637845490114,125,-0.6040074780422915,-0.6090746585691913,-0.6121866647425465,-0.6312758506434851,-0.6211176706291741,-0.6155324645253376,0.009641282913342729,0.7558135769849462
0.3777777194976807,0.0015462883174292442,0.02037014961242676,0.000661236976573341,0.5,0.03,300,15,10,"{'l2_regularization': 0.5, 'learning_rate': 0.03, 'max_iter': 300, 'max_leaf_nodes': 15, 'min_samples_leaf': 10}",-0.8310854469834733,-0.6535377444670031,-0.6678668417384707,-0.6156452846919974,-0.609206725455634,-0.6754684086673157,0.08090094843763528,25,-0.4209347827285929,-0.42177201317769314,-0.42368077531454124,-0.4273294905223945,-0.42826296445309664,-0.42439600523926374,0.002930380825782561,0.6754684086673157
0.36935954093933104,0.0013087173770235556,0.022557878494262697,0.0007836119162450042,0.5,0.03,300,15,20,"{'l2_regularization': 0.5, 'learning_rate': 0.03, 'max_iter': 300, 'max_leaf_nodes': 15, 'min_samples_leaf': 20}",-0.8571916300658007,-0.7777980332426198,-0.693027704385335,-0.7185119589349502,-0.6117403898317783,-0.7316539432920968,0.08238075773657455,109,-0.512345341199996,-0.5153429103297563,-0.5422753907120252,-0.5309142940662558,-0.5544536328860328,-0.5310663138388133,0.015939469508294373,0.7316539432920968
0.6819584846496582,0.005025591015885906,0.027264118194580078,0.001161916090474255,0.5,0.03,300,31,10,"{'l2_regularization': 0.5, 'learning_rate': 0.03, 'max_iter': 300, 'max_leaf_nodes': 31, 'min_samples_leaf': 10}",-0.8220371275932861,-0.6601623165542839,-0.6657010259628418,-0.651906788782836,-0.6144918180993761,-0.6828598153985247,0.07185011851042196,41,-0.29688969664343023,-0.3213901118346125,-0.3278808984489258,-0.31027979581820736,-0.31541018121297515,-0.3143701367916302,0.010537543353328401,0.6828598153985247
0.653069257736206,0.0036360943185843224,0.030333757400512695,0.0015205777813812609,0.5,0.03,300,31,20,"{'l2_regularization': 0.5, 'learning_rate': 0.03, 'max_iter': 300, 'max_leaf_nodes': 31, 'min_samples_leaf': 20}",-0.8052407061521092,-0.7920027270102855,-0.6931705469275935,-0.7215330217182189,-0.5884968733100869,-0.7200887750236588,0.07805840545922023,91,-0.4307327069632255,-0.43883639030569244,-0.4778268468176655,-0.4558115120784343,-0.48813558521005795,-0.45826860827501514,0.02198379077460815,0.7200887750236588
0.07735271453857422,0.0011386013917254918,0.006136465072631836,0.0001722045358560539,0.5,0.05,100,7,10,"{'l2_regularization': 0.5, 'learning_rate': 0.05, 'max_iter': 100, 'max_leaf_nodes': 7, 'min_samples_leaf': 10}",-0.9300163777304826,-0.7614396245651766,-0.7646166318105523,-0.7636057111058688,-0.7078310287581208,-0.7855018747940403,0.07538146871442278,139,-0.6569445816959839,-0.6742889491127992,-0.6663769059110703,-0.6808127780422265,-0.6776086638067312,-0.6712063757137623,0.008596476772059556,0.7855018747940403
0.07684154510498047,0.0007740621475307434,0.006488895416259766,0.0007403387231604378,0.5,0.05,100,7,20,"{'l2_regularization': 0.5, 'learning_rate': 0.05, 'max_iter': 100, 'max_leaf_nodes': 7, 'min_samples_leaf': 20}",-0.9661123319840764,-0.870987422144308,-0.7981670644062259,-0.8420464794467608,-0.725818975225352,-0.8406264546413447,0.07956640921850225,160,-0.7136881591688715,-0.7229246557845035,-0.743429988635788,-0.7480229159422317,-0.7411460544873916,-0.7338423548037573,0.013204111627308324,0.8406264546413447
0.13896594047546387,0.0010654067350358393,0.00786590576171875,0.00024283449025149976,0.5,0.05,100,15,10,"{'l2_regularization': 0.5, 'learning_rate': 0.05, 'max_iter': 100, 'max_leaf_nodes': 15, 'min_samples_leaf': 10}",-0.8868223054106368,-0.7110442883839111,-0.7133498720594906,-0.6608848842273443,-0.6379590125373614,-0.7220120725237489,0.08736039023739609,96,-0.525964835549257,-0.5339989469338792,-0.5371209258822596,-0.5441381405054925,-0.542907560694751,-0.5368260819131279,0.006580226177924714,0.7220120725237489
0.13702807426452637,0.0008448319285640814,0.008078575134277344,0.00017860132929760456,0.5,0.05,100,15,20,"{'l2_regularization': 0.5, 'learning_rate': 0.05, 'max_iter': 100, 'max_leaf_nodes': 15, 'min_samples_leaf': 20}",-0.9027616824215365,-0.8225461734007316,-0.7385604628196883,-0.7391881729418088,-0.649932092125824,-0.7705977167419179,0.0857194190577567,133,-0.6170777059532457,-0.6152159434274416,-0.642508325312132,-0.6369530970624561,-0.6501973392505775,-0.6323904822011706,0.013926365355524743,0.7705977167419179
0.24607329368591307,0.0015006883136490711,0.009084749221801757,0.0002843325796895427,0.5,0.05,100,31,10,"{'l2_regularization': 0.5, 'learning_rate': 0.05, 'max_iter': 100, 'max_leaf_nodes': 31, 'min_samples_leaf': 10}",-0.8526824676744182,-0.6939907170620604,-0.6769321671422462,-0.672170713222783,-0.6192628607117433,-0.7030077851626502,0.07890233625741117,70,-0.4110956783555417,-0.4332239706470336,-0.4383300180439661,-0.4202353335978323,-0.4332201953705888,-0.42722103920299254,0.010042527737544275,0.7030077851626502
0.2337824821472168,0.0017486668550786301,0.00957632064819336,0.00034916060251649524,0.5,0.05,100,31,20,"{'l2_regularization': 0.5, 'learning_rate': 0.05, 'max_iter': 100, 'max_leaf_nodes': 31, 'min_samples_leaf': 20}",-0.8573658013505507,-0.8339418292405516,-0.71675134730141,-0.7267698360617171,-0.6093284491596265,-0.7488314526227712,0.08944318545282078,118,-0.5249779786146952,-0.5510646877802164,-0.5757734710505977,-0.5638238782130218,-0.5834707636757274,-0.5598221558668517,0.020593808898759815,0.7488314526227712
0.14370307922363282,0.0013203437389918246,0.011545515060424805,0.0005021225374208228,0.5,0.05,200,7,10,"{'l2_regularization': 0.5, 'learning_rate': 0.05, 'max_iter': 200, 'max_leaf_nodes': 7, 'min_samples_leaf': 10}",-0.8402109872933853,-0.6536323058370821,-0.6805165425491324,-0.6605546403072533,-0.6288409257299002,-0.6927510803433508,0.07555859342965095,52,-0.5307542948039409,-0.5448872651222237,-0.5379201759179884,-0.5441251225156167,-0.5439151840624982,-0.5403204084844536,0.005394925155866271,0.6927510803433508
0.1412294864654541,0.001985362994127813,0.01165757179260254,0.0004288754251425039,0.5,0.05,200,7,20,"{'l2_regularization': 0.5, 'learning_rate': 0.05, 'max_iter': 200, 'max_leaf_nodes': 7, 'min_samples_leaf': 20}",-0.884139397719564,-0.7701627339570334,-0.7180706038758772,-0.7467091699153973,-0.6417105350463634,-0.752158488102847,0.07890949578622405,120,-0.5812861495897261,-0.5975047367813009,-0.6053950474875972,-0.6054295102864209,-0.6016075900045819,-0.5982446068299254,0.008968812349108303,0.752158488102847
0.25692501068115237,0.0012627659711033621,0.01423344612121582,0.0006814718475844939,0.5,0.05,200,15,10,"{'l2_regularization': 0.5, 'learning_rate': 0.05, 'max_iter': 200, 'max_leaf_nodes': 15, 'min_samples_leaf': 10}",-0.8259261325758597,-0.64681035062553,-0.6606070197585565,-0.6071581799725241,-0.5914739940157665,-0.6663951353896473,0.08365333161554088,15,-0.40136834218739575,-0.4058758881990553,-0.4078836011299509,-0.40678785625501623,-0.4058821255873131,-0.4055595626717463,0.0022217244520453976,0.6663951353896473
0.25023517608642576,0.0010633914835510164,0.015151214599609376,0.0006208383798861097,0.5,0.05,200,15,20,"{'l2_regularization': 0.5, 'learning_rate': 0.05, 'max_iter': 200, 'max_leaf_nodes': 15, 'min_samples_leaf': 20}",-0.8408316038196024,-0.767857927965042,-0.6918586376049422,-0.7090946059664917,-0.612440826726059,-0.7244167204164274,0.07651530605884001,101,-0.4963037493496961,-0.4983433071191299,-0.5248115996692286,-0.513316412825516,-0.5352341570699529,-0.5136018452067048,0.015004959767699244,0.7244167204164274
0.46695857048034667,0.0036856604630443705,0.01913771629333496,0.0004905071967254381,0.5,0.05,200,31,10,"{'l2_regularization': 0.5, 'learning_rate': 0.05, 'max_iter': 200, 'max_leaf_nodes': 31, 'min_samples_leaf': 10}",-0.8227356235858909,-0.6614349963655339,-0.650958753586945,-0.6498134277388128,-0.6072786131457877,-0.6784442828845941,0.0744970329151285,34,-0.28313439576782046,-0.3028107808776722,-0.3116677399493451,-0.2969211039926249,-0.29898200616678644,-0.2987032053508498,0.009280008416404723,0.6784442828845941
0.45040225982666016,0.002923071212693292,0.020711469650268554,0.0005128681102409401,0.5,0.05,200,31,20,"{'l2_regularization': 0.5, 'learning_rate': 0.05, 'max_iter': 200, 'max_leaf_nodes': 31, 'min_samples_leaf': 20}",-0.8092648402607985,-0.795956330608209,-0.6946300631631526,-0.717934715068321,-0.5917915995122436,-0.7219155097225449,0.07849143014539509,95,-0.4066069117676371,-0.42245708966252826,-0.454655673697351,-0.43989734582191115,-0.4669250736938747,-0.4381084189286605,0.0216551174223544,0.7219155097225449
0.20855679512023925,0.0032757536500526946,0.015830135345458983,0.001662485558814162,0.5,0.05,300,7,10,"{'l2_regularization': 0.5, 'learning_rate': 0.05, 'max_iter': 300, 'max_leaf_nodes': 7, 'min_samples_leaf': 10}",-0.8168519014730704,-0.6207452919554924,-0.6592805304363145,-0.6428110805252538,-0.6083910846081293,-0.6696159777996522,0.07568430840173933,17,-0.4770044306156339,-0.48564254052054956,-0.4840136118952347,-0.4861871219287297,-0.4866164186067771,-0.48389282471338496,0.003555498041161999,0.6696159777996522
0.2061453342437744,0.003381081008419388,0.01735405921936035,0.0012373506432389995,0.5,0.05,300,7,20,"{'l2_regularization': 0.5, 'learning_rate': 0.05, 'max_iter': 300, 'max_leaf_nodes': 7, 'min_samples_leaf': 20}",-0.8519094630418778,-0.7248927722968662,-0.6921107066165146,-0.732015922048982,-0.6270665273552521,-0.7255990782718985,0.07324769304107905,103,-0.5218700219720588,-0.5354271259963875,-0.5412999532222813,-0.5433559079266448,-0.5506268339364252,-0.5385159686107596,0.009638227326950594,0.7255990782718985
0.3711095809936523,0.006048604133613415,0.019372224807739258,0.0008765989560810589,0.5,0.05,300,15,10,"{'l2_regularization': 0.5, 'learning_rate': 0.05, 'max_iter': 300, 'max_leaf_nodes': 15, 'min_samples_leaf': 10}",-0.8161075606639436,-0.6361742695830059,-0.6445077813745385,-0.5990794216042722,-0.5843117531207763,-0.6560361572693073,0.08311282946217295,7,-0.33533730334408207,-0.33790824869410124,-0.3405439803766512,-0.33261050121808183,-0.3364773996270208,-0.3365754866519874,0.0026377651738970533,0.6560361572693073
0.35966196060180666,0.00221070456064247,0.023726463317871094,0.0022132212521897166,0.5,0.05,300,15,20,"{'l2_regularization': 0.5, 'learning_rate': 0.05, 'max_iter': 300, 'max_leaf_nodes': 15, 'min_samples_leaf': 20}",-0.8130073429764196,-0.7421351262417333,-0.674428518526198,-0.7027513951524248,-0.6046434232699256,-0.7073931612333403,0.06932111053728794,76,-0.42212709909216023,-0.43113306059054896,-0.4574000031733664,-0.43399498484332427,-0.47118445046639157,-0.44316791963315827,0.018216338247284945,0.7073931612333403
0.6539013385772705,0.001708141193671147,0.027773237228393553,0.0008277711448786592,0.5,0.05,300,31,10,"{'l2_regularization': 0.5, 'learning_rate': 0.05, 'max_iter': 300, 'max_leaf_nodes': 31, 'min_samples_leaf': 10}",-0.8144688196876907,-0.6580049235526144,-0.6452985720458758,-0.646556379696263,-0.6106301836074288,-0.6749917757179745,0.0715193282564182,24,-0.21230059221439398,-0.23369763472081853,-0.23982723133939873,-0.226605870730896,-0.2272104366796264,-0.22792835313702672,0.009179969364624932,0.6749917757179745
0.6530280113220215,0.005129196791068546,0.032145214080810544,0.0010074609046357662,0.5,0.05,300,31,20,"{'l2_regularization': 0.5, 'learning_rate': 0.05, 'max_iter': 300, 'max_leaf_nodes': 31, 'min_samples_leaf': 20}",-0.7888056950926365,-0.7880080326665444,-0.6889376612544402,-0.7218612110638463,-0.596730002431896,-0.7168685205018727,0.07137802275284338,88,-0.3378834282751708,-0.34752625218688926,-0.3891700011708089,-0.3653664564403805,-0.3973266917055624,-0.36745456595576237,0.022977615621008793,0.7168685205018727
0.07815709114074706,0.001225129541786994,0.006227445602416992,0.0001668604682813061,0.5,0.1,100,7,10,"{'l2_regularization': 0.5, 'learning_rate': 0.1, 'max_iter': 100, 'max_leaf_nodes': 7, 'min_samples_leaf': 10}",-0.8566622724459076,-0.6770717284418584,-0.6949575524583872,-0.6584588542476821,-0.6419759941145702,-0.7058252803416811,0.07748158763975016,75,-0.5390509399792682,-0.545997303160099,-0.5383901775603696,-0.5484898249327651,-0.5441971997520605,-0.5432250890769126,0.003928040320104117,0.7058252803416811
0.0744400978088379,0.0006638959008287794,0.006306219100952149,0.0001230302151131005,0.5,0.1,100,7,20,"{'l2_regularization': 0.5, 'learning_rate': 0.1, 'max_iter': 100, 'max_leaf_nodes': 7, 'min_samples_leaf': 20}",-0.8987937442134384,-0.7782574162804858,-0.7090053545853209,-0.7465725007882301,-0.6514078088812992,-0.7568073649497549,0.08260640127401193,127,-0.5918851598319841,-0.6053857263129225,-0.602690967908187,-0.60397976044762,-0.6063016861533405,-0.6020486601308109,0.005228052928018567,0.7568073649497549
0.13500514030456542,0.002742466250170199,0.008318567276000976,0.00021043524502468397,0.5,0.1,100,15,10,"{'l2_regularization': 0.5, 'learning_rate': 0.1, 'max_iter': 100, 'max_leaf_nodes': 15, 'min_samples_leaf': 10}",-0.8324320061399945,-0.6363882550425245,-0.6631604991438269,-0.613571577035285,-0.6072042647445773,-0.6705513204212417,0.08329061928360323,18,-0.40819466110984676,-0.4035860785089964,-0.4099527930874238,-0.4116605339491968,-0.40983461410019717,-0.40864573615113214,0.002757333440996568,0.6705513204212417
0.1407031536102295,0.00679493227741118,0.009571456909179687,0.0009876138549094213,0.5,0.1,100,15,20,"{'l2_regularization': 0.5, 'learning_rate': 0.1, 'max_iter': 100, 'max_leaf_nodes': 15, 'min_samples_leaf': 20}",-0.8544228378520349,-0.7615779446898315,-0.6794956614267473,-0.714043215353597,-0.596376598925682,-0.7211832516495786,0.08573220447213055,93,-0.49455753588750445,-0.49499288887918913,-0.5198670542181116,-0.5124192019585342,-0.5336099552420166,-0.5110893272370711,0.014955876413639622,0.7211832516495786
0.2789618968963623,0.0037757508468491403,0.012192678451538087,0.0006102201648179785,0.5,0.1,100,31,10,"{'l2_regularization': 0.5, 'learning_rate': 0.1, 'max_iter': 100, 'max_leaf_nodes': 31, 'min_samples_leaf': 10}",-0.8357480731691629,-0.6643448752440162,-0.6695645088352236,-0.64970877466516,-0.6292618936611388,-0.6897256251149403,0.07433763454756993,47,-0.2778704660782161,-0.30406794284884486,-0.31396302854856073,-0.29049789764360817,-0.29523543600732843,-0.29632695422531163,0.012221008876370273,0.6897256251149403
0.28350515365600587,0.0066031955579560495,0.013888788223266602,0.0006365835425282261,0.5,0.1,100,31,20,"{'l2_regularization': 0.5, 'learning_rate': 0.1, 'max_iter': 100, 'max_leaf_nodes': 31, 'min_samples_leaf': 20}",-0.7945830006284194,-0.7858395445358647,-0.6884613262834511,-0.7163947655133192,-0.5890471547208369,-0.7148651583363782,0.07472880295453406,86,-0.4141937111670461,-0.4147690245053198,-0.4522106816353858,-0.42957679469795224,-0.4723179036083684,-0.4366136231228145,0.02257175125851108,0.7148651583363782
0.1671433925628662,0.0010528404793530796,0.012607765197753907,0.0004811042688709251,0.5,0.1,200,7,10,"{'l2_regularization': 0.5, 'learning_rate': 0.1, 'max_iter': 200, 'max_leaf_nodes': 7, 'min_samples_leaf': 10}",-0.8263428749634552,-0.6340617821213481,-0.6552120374015956,-0.6359363424287785,-0.6064885726065178,-0.671608321904339,0.07891062612080954,19,-0.44357941320299765,-0.4476996987861247,-0.4423015204688441,-0.44581890467327634,-0.44294135501876164,-0.4444681784300009,0.0020041299995159066,0.671608321904339
0.16022591590881347,0.0025722237671802484,0.012749385833740235,0.00029208256790562377,0.5,0.1,200,7,20,"{'l2_regularization': 0.5, 'learning_rate': 0.1, 'max_iter': 200, 'max_leaf_nodes': 7, 'min_samples_leaf': 20}",-0.8255819670317478,-0.7276008208372924,-0.6642119816662853,-0.7186940674636133,-0.6148099237872245,-0.7101797521572328,0.07057208865304868,81,-0.4855546517418162,-0.4971811776280453,-0.4935543831447733,-0.49045607239731853,-0.4991529241592663,-0.49317984181424396,0.00484543343119541,0.7101797521572328
0.26558670997619627,0.006000526387900411,0.015244865417480468,0.0013025228389505325,0.5,0.1,200,15,10,"{'l2_regularization': 0.5, 'learning_rate': 0.1, 'max_iter': 200, 'max_leaf_nodes': 15, 'min_samples_leaf': 10}",-0.8191572358831772,-0.6198037603224101,-0.6312438626036034,-0.5973380050589168,-0.5891726852490183,-0.6513431098234252,0.08525491685918951,2,-0.2958636690396956,-0.28596114368115944,-0.29507408016644393,-0.2886858043703128,-0.28943228992535625,-0.29100339743659365,0.003832926748842202,0.6513431098234252
0.27330522537231444,0.0043936902250774025,0.01793646812438965,0.000893605849436917,0.5,0.1,200,15,20,"{'l2_regularization': 0.5, 'learning_rate': 0.1, 'max_iter': 200, 'max_leaf_nodes': 15, 'min_samples_leaf': 20}",-0.809359610759232,-0.7210105241994823,-0.6627772554325162,-0.6993113823575345,-0.5876078000374237,-0.6960133145572377,0.07258031662685344,57,-0.35587573367786196,-0.37317476294585533,-0.39373822955292065,-0.36900106982105707,-0.3869063376256397,-0.3757392267246669,0.013380628218712913,0.6960133145572377
0.4990232467651367,0.014368407684825724,0.021354150772094727,0.0012762122064333946,0.5,0.1,200,31,10,"{'l2_regularization': 0.5, 'learning_rate': 0.1, 'max_iter': 200, 'max_leaf_nodes': 31, 'min_samples_leaf': 10}",-0.8251520374535602,-0.6434946827430147,-0.6544855378260617,-0.6441460287941614,-0.6376504900025757,-0.6809857553638747,0.07228674792109857,40,-0.1632580530012098,-0.18423863625561412,-0.18757043444958071,-0.17014972314602578,-0.17557055591402282,-0.17615748055329067,0.008926292118143412,0.6809857553638747
0.45941686630249023,0.004443760543022799,0.02397465705871582,0.0014448716921103002,0.5,0.1,200,31,20,"{'l2_regularization': 0.5, 'learning_rate': 0.1, 'max_iter': 200, 'max_leaf_nodes': 31, 'min_samples_leaf': 20}",-0.7446462952859416,-0.7701676289506374,-0.6772954526286165,-0.7170888376658091,-0.5950446768436337,-0.7008485782749276,0.06121491993433542,63,-0.2674844835229206,-0.2894017043881472,-0.31882408314807537,-0.2770215923321239,-0.3076574107670054,-0.2920778548316545,0.018956634861056712,0.7008485782749276
0.2147690773010254,0.0019754051882687647,0.015513229370117187,0.0007335122691624377,0.5,0.1,300,7,10,"{'l2_regularization': 0.5, 'learning_rate': 0.1, 'max_iter': 300, 'max_leaf_nodes': 7, 'min_samples_leaf': 10}",-0.8129627943878595,-0.625505841479533,-0.6358071232092768,-0.6372496277792424,-0.584260368649331,-0.6591571511010486,0.07927581970358268,9,-0.3807579256879326,-0.38372756806255054,-0.384662617504893,-0.3841920870501333,-0.377887960181089,-0.3822456316973196,0.0025701834346534857,0.6591571511010486
0.20804052352905272,0.0022576630846221526,0.01663060188293457,0.0007695076765739538,0.5,0.1,300,7,20,"{'l2_regularization': 0.5, 'learning_rate': 0.1, 'max_iter': 300, 'max_leaf_nodes': 7, 'min_samples_leaf': 20}",-0.8014834075338825,-0.7017629729810149,-0.6438071330477395,-0.7114375225872422,-0.6018205229968272,-0.6920623118293412,0.0676972976341175,50,-0.4213988103932881,-0.4414694467354802,-0.42459403629836084,-0.422887148125785,-0.42931381728667617,-0.42793265176791806,0.007272509601907639,0.6920623118293412
0.37223000526428224,0.010569513614485286,0.019484663009643556,0.0011513108084736223,0.5,0.1,300,15,10,"{'l2_regularization': 0.5, 'learning_rate': 0.1, 'max_iter': 300, 'max_leaf_nodes': 15, 'min_samples_leaf': 10}",-0.813988521174363,-0.6153368034482336,-0.6240473770279089,-0.5976135993034676,-0.5875515373836031,-0.6477075676675152,0.08412512126869891,1,-0.22323926932077162,-0.21690434934074876,-0.22303296562800662,-0.21794018307380092,-0.2203561729936688,-0.22029458807139934,0.002577230821991145,0.6477075676675152
0.350648307800293,0.0034389355436251047,0.022513055801391603,0.0020282750461969455,0.5,0.1,300,15,20,"{'l2_regularization': 0.5, 'learning_rate': 0.1, 'max_iter': 300, 'max_leaf_nodes': 15, 'min_samples_leaf': 20}",-0.7927481281947228,-0.7168880473427247,-0.6467884717217648,-0.6837306782280692,-0.6044084444593589,-0.6889127539893282,0.0640416885621742,46,-0.277732202932144,-0.2998888131151127,-0.30189013211922794,-0.2720891989742688,-0.3032687310050115,-0.290973815629153,0.013279888124567844,0.6889127539893282
0.6227373123168946,0.002240592817998632,0.026969051361083983,0.0012014160325913088,0.5,0.1,300,31,10,"{'l2_regularization': 0.5, 'learning_rate': 0.1, 'max_iter': 300, 'max_leaf_nodes': 31, 'min_samples_leaf': 10}",-0.8258055137026324,-0.6400037165618626,-0.6500084184160366,-0.6383823215547809,-0.637062301794392,-0.678252454405941,0.07391732271830309,33,-0.1069547021025188,-0.12089529819354283,-0.12333752680286883,-0.10968416379916969,-0.11173676844517876,-0.11452169186865577,0.00643053051606864,0.678252454405941
0.6115901470184326,0.002413616799419234,0.03207640647888184,0.001267132258736051,0.5,0.1,300,31,20,"{'l2_regularization': 0.5, 'learning_rate': 0.1, 'max_iter': 300, 'max_leaf_nodes': 31, 'min_samples_leaf': 20}",-0.727306691268139,-0.7723697597252362,-0.6594715252875376,-0.7043661856626792,-0.6048500340907119,-0.6936728392068608,0.057442161422580656,54,-0.1693608735897393,-0.2214839274341458,-0.2171533102280494,-0.17899967468629027,-0.21357523651869406,-0.2001146044913838,0.021539667108997653,0.6936728392068608
0.07998433113098144,0.0010709915283181005,0.005828285217285156,0.00012381677091456662,1.0,0.01,100,7,10,"{'l2_regularization': 1.0, 'learning_rate': 0.01, 'max_iter': 100, 'max_leaf_nodes': 7, 'min_samples_leaf': 10}",-1.8755623678091322,-1.8281542964276005,-1.7152419940477817,-1.9038125009246922,-1.7831628925256988,-1.821186810346981,0.06708557860255471,213,-1.76145635928292,-1.7763188649580668,-1.7833607752225205,-1.761987973479631,-1.7800943292572677,-1.772643660440081,0.00919320961484641,1.821186810346981
0.07893853187561035,0.0002968870784321363,0.006088447570800781,0.0002599640531691535,1.0,0.01,100,7,20,"{'l2_regularization': 1.0, 'learning_rate': 0.01, 'max_iter': 100, 'max_leaf_nodes': 7, 'min_samples_leaf': 20}",-1.9018278055844537,-1.8460284166370757,-1.7326845871878707,-1.904327306777621,-1.7824370802600185,-1.8334610392894082,0.06725075355407893,216,-1.7765097151926383,-1.7950499839628395,-1.8084329208248562,-1.7829939679307873,-1.7944634633654872,-1.791490010255322,0.011001536530041149,1.8334610392894082
0.14261116981506347,0.0005883802382329945,0.006986856460571289,0.00027540357433303764,1.0,0.01,100,15,10,"{'l2_regularization': 1.0, 'learning_rate': 0.01, 'max_iter': 100, 'max_leaf_nodes': 15, 'min_samples_leaf': 10}",-1.7116159657350065,-1.6373847231642618,-1.532848586858851,-1.7075852284086483,-1.560658304181517,-1.630018561669657,0.07345996705406287,207,-1.5589347702709537,-1.570785280003802,-1.5728142392828592,-1.5632071755304884,-1.5824542527916134,-1.5696391435759434,0.008143410912624037,1.630018561669657
0.13941621780395508,0.0033150631128791115,0.007012653350830078,0.00018819152771878565,1.0,0.01,100,15,20,"{'l2_regularization': 1.0, 'learning_rate': 0.01, 'max_iter': 100, 'max_leaf_nodes': 15, 'min_samples_leaf': 20}",-1.7433573874216313,-1.6919990155607703,-1.5548463428626267,-1.711343737021197,-1.5719358543448811,-1.6546964674422213,0.07652518335462301,210,-1.5922251407651316,-1.6115569227360167,-1.6232777310686413,-1.5988058298675265,-1.6172426192139484,-1.608621648730253,0.011514629724619233,1.6546964674422213
0.2546888828277588,0.003273609075058545,0.00815114974975586,0.00017609742802109036,1.0,0.01,100,31,10,"{'l2_regularization': 1.0, 'learning_rate': 0.01, 'max_iter': 100, 'max_leaf_nodes': 31, 'min_samples_leaf': 10}",-1.650486454716687,-1.5720641141495082,-1.4598247438497836,-1.6490619412291854,-1.4836266104261324,-1.5630127728742593,0.08010987865515981,201,-1.468819889100609,-1.488725310122063,-1.493677326479279,-1.4808038346269439,-1.493472673980631,-1.485099806861905,0.009384179455038293,1.5630127728742593
0.23719635009765624,0.0013689875610507585,0.008433866500854491,0.0004075096609066004,1.0,0.01,100,31,20,"{'l2_regularization': 1.0, 'learning_rate': 0.01, 'max_iter': 100, 'max_leaf_nodes': 31, 'min_samples_leaf': 20}",-1.6737088636272621,-1.6352573348259585,-1.494723547169024,-1.6498876132675118,-1.4932409716982833,-1.5893636661176083,0.07884137726611802,204,-1.5085010956925893,-1.537964278407329,-1.5520814872633255,-1.5245007430813942,-1.5407729610534187,-1.5327641130996115,0.014975457302581133,1.5893636661176083
0.15199627876281738,0.0007827925808093279,0.010683107376098632,0.0006415657177534148,1.0,0.01,200,7,10,"{'l2_regularization': 1.0, 'learning_rate': 0.01, 'max_iter': 200, 'max_leaf_nodes': 7, 'min_samples_leaf': 10}",-1.2954369691672698,-1.228426138659098,-1.1443624070741247,-1.2580811786446633,-1.1371916618028035,-1.2126996710695919,0.06248792623051854,195,-1.1357175790519671,-1.1414774777104093,-1.1440028730021192,-1.147541269884234,-1.1592664432911055,-1.1456011285879673,0.007845360961657957,1.2126996710695919
0.14872546195983888,0.0012042578591529398,0.01054520606994629,0.0004414227218384456,1.0,0.01,200,7,20,"{'l2_regularization': 1.0, 'learning_rate': 0.01, 'max_iter': 200, 'max_leaf_nodes': 7, 'min_samples_leaf': 20}",-1.3471882518879659,-1.256297467194418,-1.150727818957623,-1.2872312030980737,-1.1606919057518028,-1.2404273293779766,0.07515863010353512,198,-1.17236318508325,-1.16264893528343,-1.1752546196064761,-1.1901094298450405,-1.1834679179087542,-1.17676881754539,0.009422561754526198,1.2404273293779766
0.2739974021911621,0.0013737071055970594,0.012880563735961914,0.00035495202041198624,1.0,0.01,200,15,10,"{'l2_regularization': 1.0, 'learning_rate': 0.01, 'max_iter': 200, 'max_leaf_nodes': 15, 'min_samples_leaf': 10}",-1.1551743504773642,-1.063491121273608,-0.9863767115781737,-1.0572031344058197,-0.9628737534551813,-1.0450238142380293,0.06754351640199104,189,-0.9335036427015474,-0.940690240607095,-0.9419294723894024,-0.942398462547767,-0.9529171202279074,-0.9422877876947439,0.006210261006438564,1.0450238142380293
0.27141246795654295,0.0021445261152901835,0.01298675537109375,0.0006182359092993644,1.0,0.01,200,15,20,"{'l2_regularization': 1.0, 'learning_rate': 0.01, 'max_iter': 200, 'max_leaf_nodes': 15, 'min_samples_leaf': 20}",-1.2176707062784378,-1.1376267440595125,-0.9951873425265032,-1.0987999844239786,-0.9762135003777657,-1.0850996555332395,0.0899580973022557,192,-0.991930548899003,-0.9946034191864848,-1.0111709767928265,-1.0120984280068925,-1.0113432229640988,-1.0042293191698612,0.008995941443812291,1.0850996555332395
0.5021024227142334,0.0023173753973660866,0.01576371192932129,0.0009758363269257662,1.0,0.01,200,31,10,"{'l2_regularization': 1.0, 'learning_rate': 0.01, 'max_iter': 200, 'max_leaf_nodes': 31, 'min_samples_leaf': 10}",-1.115338037847794,-1.00156899170129,-0.9041993228660797,-0.9866961589377014,-0.8828811574981005,-0.978136733770193,0.08244622229511074,177,-0.8230071713112123,-0.8355416856186325,-0.8369604276866494,-0.8397594260449438,-0.8519409328152555,-0.8374419286953387,0.009249831373007,0.978136733770193
0.4715430736541748,0.0048375128877168804,0.015814447402954103,0.0003123558046916714,1.0,0.01,200,31,20,"{'l2_regularization': 1.0, 'learning_rate': 0.01, 'max_iter': 200, 'max_leaf_nodes': 31, 'min_samples_leaf': 20}",-1.1487653205358734,-1.0922977748660716,-0.9332509375782433,-1.0253072022940437,-0.8944800064363638,-1.0188202483421192,0.09498352695586645,186,-0.8870813080833745,-0.9133435356483376,-0.9236028894349072,-0.9204129267412635,-0.9315099749927224,-0.9151901269801211,0.015217787276320897,1.0188202483421192
0.22135777473449708,0.0033207094662133286,0.01557173728942871,0.00069522098254542,1.0,0.01,300,7,10,"{'l2_regularization': 1.0, 'learning_rate': 0.01, 'max_iter': 300, 'max_leaf_nodes': 7, 'min_samples_leaf': 10}",-1.091999860248498,-0.962484170158876,-0.9268906854243633,-0.9845837283520594,-0.8768674912020942,-0.9685651870771782,0.07165880614279888,175,-0.8698774114011337,-0.8747617300449989,-0.87421401031066,-0.884540066963803,-0.8839409591135562,-0.8774668355668304,0.005786928464940147,0.9685651870771782
0.21577000617980957,0.0010255036901967026,0.016037607192993165,0.0002727411258402986,1.0,0.01,300,7,20,"{'l2_regularization': 1.0, 'learning_rate': 0.01, 'max_iter': 300, 'max_leaf_nodes': 7, 'min_samples_leaf': 20}",-1.118498578923726,-1.0254539676140824,-0.9297949241747349,-1.0241502939965288,-0.9028121971022922,-1.0001419923622727,0.07700282497275054,183,-0.9145567053401363,-0.9072674012925738,-0.9245839051532517,-0.9406107967011537,-0.9286107796825953,-0.9231259176339421,0.011513942636473314,1.0001419923622727
0.4063542366027832,0.0017601228335152352,0.018353271484375,0.0007522671235468595,1.0,0.01,300,15,10,"{'l2_regularization': 1.0, 'learning_rate': 0.01, 'max_iter': 300, 'max_leaf_nodes': 15, 'min_samples_leaf': 10}",-0.9768343707549823,-0.8491493213482549,-0.8136889937468381,-0.8100611618056582,-0.7542657849246425,-0.8407999265160753,0.07448907893907473,161,-0.6942689570670986,-0.7051291390241372,-0.7062657721316842,-0.7091010666680133,-0.7168730723896274,-0.7063276014561122,0.007290406107455797,0.8407999265160753
0.3945161819458008,0.0020679034286651254,0.01885371208190918,0.00038237899655658975,1.0,0.01,300,15,20,"{'l2_regularization': 1.0, 'learning_rate': 0.01, 'max_iter': 300, 'max_leaf_nodes': 15, 'min_samples_leaf': 20}",-1.004469913810906,-0.9462964739674615,-0.8250560938696692,-0.8717345830707802,-0.7621729108984873,-0.8819459951234607,0.08583637956428293,168,-0.7684330070288268,-0.7717731224345524,-0.7940003579751068,-0.7937482843514804,-0.7923751756514799,-0.7840659894882893,0.011462860085710886,0.8819459951234607
0.7358518123626709,0.004994908554359373,0.022538089752197267,0.000997651262535188,1.0,0.01,300,31,10,"{'l2_regularization': 1.0, 'learning_rate': 0.01, 'max_iter': 300, 'max_leaf_nodes': 31, 'min_samples_leaf': 10}",-0.9307162193046865,-0.8057600866226132,-0.7523118929782104,-0.7536854888600953,-0.6959529572337351,-0.7876853289998682,0.07950676647916004,141,-0.5851714614606764,-0.6051797326196301,-0.6067488950114676,-0.6032534860646526,-0.6165249777310011,-0.6033757105774856,0.010187695717551716,0.7876853289998682
0.6843094825744629,0.005506128949007994,0.023092079162597656,0.0008973666424004784,1.0,0.01,300,31,20,"{'l2_regularization': 1.0, 'learning_rate': 0.01, 'max_iter': 300, 'max_leaf_nodes': 31, 'min_samples_leaf': 20}",-0.9549608948901414,-0.9238943542315202,-0.7794245734045444,-0.8230154026748897,-0.6975906407507458,-0.8357771731903684,0.09423735262606427,157,-0.6714362422850823,-0.6961928404319967,-0.7161542143553947,-0.713879146782009,-0.7233985054299766,-0.7042121898568918,0.018669490700142236,0.8357771731903684
0.08011512756347657,0.0010131474061723866,0.005946540832519531,0.00013928425634444726,1.0,0.03,100,7,10,"{'l2_regularization': 1.0, 'learning_rate': 0.03, 'max_iter': 100, 'max_leaf_nodes': 7, 'min_samples_leaf': 10}",-1.103422788824016,-0.9647881999045838,-0.9222425030319624,-0.9734727887236332,-0.872994276968883,-0.9673841114906157,0.07680825236041476,173,-0.867386600599255,-0.8683792397165022,-0.8690038722027704,-0.882381345327555,-0.8793364040627789,-0.8732974923817723,0.00626973466451654,0.9673841114906157
0.07837333679199218,0.0013911082989287809,0.006168651580810547,0.00020062978821494966,1.0,0.03,100,7,20,"{'l2_regularization': 1.0, 'learning_rate': 0.03, 'max_iter': 100, 'max_leaf_nodes': 7, 'min_samples_leaf': 20}",-1.1053886093637222,-1.0224523489013937,-0.9289360130227431,-1.0199480893206354,-0.8995691423662369,-0.9952588405949463,0.07352937871353121,179,-0.9054905334281259,-0.9004197326602104,-0.9220636734195349,-0.9389146732036254,-0.9287525282031576,-0.9191282281829307,0.014343931951332545,0.9952588405949463
0.14146246910095214,0.0011332381686803025,0.007300138473510742,0.00027735716062902635,1.0,0.03,100,15,10,"{'l2_regularization': 1.0, 'learning_rate': 0.03, 'max_iter': 100, 'max_leaf_nodes': 15, 'min_samples_leaf': 10}",-0.9894168674843411,-0.8404639337106041,-0.8117656124578991,-0.8058920088125752,-0.7547775113830126,-0.8404631867696863,0.07943292904355781,159,-0.6954302760138557,-0.699316079953375,-0.701483574573803,-0.705476775741437,-0.7134233933963279,-0.7030260199357597,0.00613106348021694,0.8404631867696863
0.13768367767333983,0.001467007162328053,0.007361173629760742,0.00024269273504608468,1.0,0.03,100,15,20,"{'l2_regularization': 1.0, 'learning_rate': 0.03, 'max_iter': 100, 'max_leaf_nodes': 15, 'min_samples_leaf': 20}",-1.0088743041884265,-0.9439930491752471,-0.8197075887878252,-0.8686022864269093,-0.7612701088844606,-0.8804894674925737,0.08782296795194898,167,-0.7677864516645179,-0.7706290830581416,-0.7909206975513562,-0.7902029277146475,-0.7899214705195247,-0.7818921261016376,0.01040077965904665,0.8804894674925737
0.25135025978088377,0.002005876735517644,0.008482789993286133,0.0002483924625333434,1.0,0.03,100,31,10,"{'l2_regularization': 1.0, 'learning_rate': 0.03, 'max_iter': 100, 'max_leaf_nodes': 31, 'min_samples_leaf': 10}",-0.9290677218826738,-0.7987667153437167,-0.7489268874768286,-0.7582701645340675,-0.6949278219236495,-0.7859918622321872,0.07882748607046045,140,-0.5815129840416633,-0.6013663874268498,-0.6018658672377192,-0.6033703743952719,-0.6138508086710484,-0.6003932843545104,0.01048378935005489,0.7859918622321872
0.23581476211547853,0.0007691744809487996,0.008667850494384765,0.00024761509478333864,1.0,0.03,100,31,20,"{'l2_regularization': 1.0, 'learning_rate': 0.03, 'max_iter': 100, 'max_leaf_nodes': 31, 'min_samples_leaf': 20}",-0.9535120516152946,-0.9153652047447478,-0.7787218219504219,-0.8209836361625855,-0.6969492133947275,-0.8331063855735555,0.09263633746634047,155,-0.6674508467456253,-0.6918360755284448,-0.7124264521698118,-0.7134311711233249,-0.7209033719423321,-0.7012095835019079,0.019445028202323224,0.8331063855735555
0.14578695297241212,0.0013928697711141345,0.011039829254150391,0.0002764873805229716,1.0,0.03,200,7,10,"{'l2_regularization': 1.0, 'learning_rate': 0.03, 'max_iter': 200, 'max_leaf_nodes': 7, 'min_samples_leaf': 10}",-0.9228479718949146,-0.7206984220049436,-0.7424000123550313,-0.7229239212422558,-0.6838857629713561,-0.7585512180937003,0.08429869915690799,129,-0.6124372440489878,-0.6297304006472016,-0.6229238638909277,-0.638525022732059,-0.630295589603673,-0.6267824241845699,0.00871314177315712,0.7585512180937003
0.14242615699768066,0.0010666868608851486,0.011426591873168945,0.00030392953352896394,1.0,0.03,200,7,20,"{'l2_regularization': 1.0, 'learning_rate': 0.03, 'max_iter': 200, 'max_leaf_nodes': 7, 'min_samples_leaf': 20}",-0.9395650471209547,-0.8310601174193509,-0.7537734608993313,-0.7995336595492555,-0.6929241889398507,-0.8033712947857486,0.08244834120119886,145,-0.6727510399822344,-0.6790235312148951,-0.6941769092852796,-0.705879293978427,-0.695755655760525,-0.6895172860442722,0.011996420687305139,0.8033712947857486
0.2670316696166992,0.0015271970673040001,0.01380472183227539,0.0005008153139516393,1.0,0.03,200,15,10,"{'l2_regularization': 1.0, 'learning_rate': 0.03, 'max_iter': 200, 'max_leaf_nodes': 15, 'min_samples_leaf': 10}",-0.8673111665339712,-0.6753371936716526,-0.6972941347190893,-0.6438914240055468,-0.6287381210251033,-0.7025144079910726,0.0857944271235569,69,-0.49217725601884194,-0.4969130012770598,-0.5022083940982487,-0.5044704773704959,-0.5065675225213281,-0.5004673302571948,0.005246473504082093,0.7025144079910726
0.2571059226989746,0.0012114917944994398,0.01445612907409668,0.0004995006500215229,1.0,0.03,200,15,20,"{'l2_regularization': 1.0, 'learning_rate': 0.03, 'max_iter': 200, 'max_leaf_nodes': 15, 'min_samples_leaf': 20}",-0.8880542174906098,-0.8135363959265176,-0.7180269478553446,-0.7362877829846994,-0.6287005599340153,-0.7569211808382372,0.08806836205191831,128,-0.5861541006194089,-0.587969846540492,-0.6146711664117708,-0.6040790111947261,-0.6195950106154583,-0.6024938270763712,0.01357338242083417,0.7569211808382372
0.4784519195556641,0.003152531572984004,0.017848396301269533,0.0005001618484515161,1.0,0.03,200,31,10,"{'l2_regularization': 1.0, 'learning_rate': 0.03, 'max_iter': 200, 'max_leaf_nodes': 31, 'min_samples_leaf': 10}",-0.8288145899853904,-0.6798820882114949,-0.6702486724704472,-0.6634446455285096,-0.6133530285694551,-0.6911486049530595,0.07257454937489036,49,-0.3759354058745029,-0.4030878422340821,-0.4023884441186556,-0.3880102541949615,-0.39807267045065,-0.39349892337457043,0.010300414968418822,0.6911486049530595
0.4536007881164551,0.002607154200826821,0.01862330436706543,0.0005453720305433347,1.0,0.03,200,31,20,"{'l2_regularization': 1.0, 'learning_rate': 0.03, 'max_iter': 200, 'max_leaf_nodes': 31, 'min_samples_leaf': 20}",-0.8418527772914963,-0.8163802980566389,-0.7090594175678112,-0.7154718541555626,-0.6024015534745653,-0.7370331801092149,0.08562267239220268,113,-0.4987403311259179,-0.5170350653975533,-0.5468557073202419,-0.5320149160625909,-0.5576390040129756,-0.5304570047838559,0.02095853744579934,0.7370331801092149
0.21421985626220702,0.0015132825305883843,0.015692710876464844,0.0006754351301665638,1.0,0.03,300,7,10,"{'l2_regularization': 1.0, 'learning_rate': 0.03, 'max_iter': 300, 'max_leaf_nodes': 7, 'min_samples_leaf': 10}",-0.8778973306894513,-0.6646440958971473,-0.6944779657661314,-0.662766488661214,-0.6391708640453861,-0.7077913490118661,0.08684582388799013,77,-0.5469887079839936,-0.5595135069192058,-0.549594692640915,-0.5624945526141313,-0.5589632128718546,-0.5555109346060201,0.0060719024435031375,0.7077913490118661
0.2084035873413086,0.002641225609989432,0.016208934783935546,0.0008461676893739324,1.0,0.03,300,7,20,"{'l2_regularization': 1.0, 'learning_rate': 0.03, 'max_iter': 300, 'max_leaf_nodes': 7, 'min_samples_leaf': 20}",-0.8994210428828339,-0.7710892671806968,-0.7102282642450513,-0.7475264878897964,-0.6502858333766732,-0.7557101791150103,0.08263074339649906,124,-0.60514903643857,-0.6075359198420456,-0.6193127152209074,-0.6274913565331476,-0.6220776233750357,-0.6163133302819411,0.008589016786563848,0.7557101791150103
0.3850599765777588,0.005297588837183381,0.020326566696166993,0.0008127487643942709,1.0,0.03,300,15,10,"{'l2_regularization': 1.0, 'learning_rate': 0.03, 'max_iter': 300, 'max_leaf_nodes': 15, 'min_samples_leaf': 10}",-0.8458589298046563,-0.6400478412203844,-0.6736719034986302,-0.623782680859541,-0.6033430344200417,-0.6773408779606507,0.08734612422494147,31,-0.42432247625338304,-0.4244712756230816,-0.4340876180729034,-0.426101231137417,-0.4275288884159962,-0.4273022979005563,0.0035896656851853535,0.6773408779606507
0.3810689449310303,0.006100058286065298,0.02219562530517578,0.0007857452477856661,1.0,0.03,300,15,20,"{'l2_regularization': 1.0, 'learning_rate': 0.03, 'max_iter': 300, 'max_leaf_nodes': 15, 'min_samples_leaf': 20}",-0.8550118667776946,-0.783442890031012,-0.6933309180317583,-0.723740746368176,-0.6104880027765726,-0.7332028847970427,0.08258296953216071,110,-0.5159346274839146,-0.5189271713797203,-0.5469356499815691,-0.5359976734484989,-0.5558469098372205,-0.5347284064261847,0.015488732525554617,0.7332028847970427
0.6843230724334717,0.004704662332720383,0.027325248718261717,0.0009303926907598409,1.0,0.03,300,31,10,"{'l2_regularization': 1.0, 'learning_rate': 0.03, 'max_iter': 300, 'max_leaf_nodes': 31, 'min_samples_leaf': 10}",-0.8142118401705003,-0.6594825289497427,-0.6567953709955404,-0.6576846008112268,-0.6122848281349912,-0.6800918338124002,0.06936212055856013,36,-0.3051034477435969,-0.32881256480608,-0.33187629975854355,-0.3191434790372717,-0.3227920323496733,-0.3215455647390331,0.00935093882487094,0.6800918338124002
0.6539707183837891,0.0035823367687894975,0.02984752655029297,0.0014130255157763618,1.0,0.03,300,31,20,"{'l2_regularization': 1.0, 'learning_rate': 0.03, 'max_iter': 300, 'max_leaf_nodes': 31, 'min_samples_leaf': 20}",-0.8111044242891053,-0.7935423591953015,-0.6969451833785858,-0.7136608505327906,-0.5909316406811445,-0.7212368916153855,0.07865264900738547,94,-0.4300749060112108,-0.43747805218531605,-0.4774765043035352,-0.46058837600092883,-0.4907852601938775,-0.4592806197389737,0.023037658205642946,0.7212368916153855
0.07809648513793946,0.0015938061467986571,0.0063403606414794925,0.0001405151485485446,1.0,0.05,100,7,10,"{'l2_regularization': 1.0, 'learning_rate': 0.05, 'max_iter': 100, 'max_leaf_nodes': 7, 'min_samples_leaf': 10}",-0.9333172753716212,-0.7681973384261634,-0.7776433016706482,-0.7655167776268769,-0.7121864586341647,-0.791372230345895,0.07458263307540751,144,-0.6624055227378657,-0.6759943038977876,-0.6683328138167214,-0.6821208444324623,-0.6784277175246912,-0.6734562404819057,0.007135833167359589,0.791372230345895
0.07714352607727051,0.0015476252664192306,0.006621599197387695,0.000362820972456298,1.0,0.05,100,7,20,"{'l2_regularization': 1.0, 'learning_rate': 0.05, 'max_iter': 100, 'max_leaf_nodes': 7, 'min_samples_leaf': 20}",-0.981660380192091,-0.8694268917536038,-0.783437377450874,-0.8443845884294737,-0.7274847041401502,-0.8412787883932384,0.08579472648529508,162,-0.7221704054805995,-0.7224713892504239,-0.7406002384809742,-0.7546076948974538,-0.7493881836659945,-0.7378475823550892,0.013445186171588406,0.8412787883932384
0.13966689109802247,0.0013292014723800681,0.007746315002441407,0.00031739932513609426,1.0,0.05,100,15,10,"{'l2_regularization': 1.0, 'learning_rate': 0.05, 'max_iter': 100, 'max_leaf_nodes': 15, 'min_samples_leaf': 10}",-0.895714889798148,-0.7066618462062813,-0.717259812404376,-0.6682508166345204,-0.6375058481220592,-0.725078642633077,0.08990599255838473,102,-0.5288679194882394,-0.5381954970006352,-0.5429428601382934,-0.5499677849644781,-0.5481761775521246,-0.5416300478287541,0.007599489591155489,0.725078642633077
0.13456997871398926,0.0006695682209916467,0.00796365737915039,0.000383820236103052,1.0,0.05,100,15,20,"{'l2_regularization': 1.0, 'learning_rate': 0.05, 'max_iter': 100, 'max_leaf_nodes': 15, 'min_samples_leaf': 20}",-0.9153042845266052,-0.8359887169073542,-0.7342040238394592,-0.7474489316350523,-0.6423016234670625,-0.7750495160751066,0.09320636862440053,135,-0.6217355305344896,-0.6229068831543909,-0.64873138104958,-0.6413343327717989,-0.6495209245379672,-0.6368458104096453,0.012203986164620335,0.7750495160751066
0.2450927734375,0.0013310083436773952,0.009420204162597656,0.0002864146673099104,1.0,0.05,100,31,10,"{'l2_regularization': 1.0, 'learning_rate': 0.05, 'max_iter': 100, 'max_leaf_nodes': 31, 'min_samples_leaf': 10}",-0.8416494878189299,-0.6974632506625683,-0.6816566987457904,-0.6683762055823135,-0.6214801160282317,-0.7021251517675667,0.07422983820486868,66,-0.4135108252752226,-0.43704345884243806,-0.4418514354393432,-0.42700404749899673,-0.4454203055830845,-0.43296601452781697,0.011530265064690778,0.7021251517675667
0.23341093063354493,0.00469418578307428,0.009579658508300781,0.00015141873673998904,1.0,0.05,100,31,20,"{'l2_regularization': 1.0, 'learning_rate': 0.05, 'max_iter': 100, 'max_leaf_nodes': 31, 'min_samples_leaf': 20}",-0.8454378386821874,-0.8288474030566815,-0.7222088088215886,-0.7268210329122676,-0.6092542636681992,-0.7465138694281849,0.08530358211381425,115,-0.5345356577305601,-0.5515386760483646,-0.581835317725084,-0.5628928715289934,-0.5882093177941512,-0.5638023681654307,0.01964002101909437,0.7465138694281849
0.14438576698303224,0.003321147062157877,0.010903263092041015,0.0004856153865906299,1.0,0.05,200,7,10,"{'l2_regularization': 1.0, 'learning_rate': 0.05, 'max_iter': 200, 'max_leaf_nodes': 7, 'min_samples_leaf': 10}",-0.8431383168558906,-0.657571402134745,-0.6956672677221273,-0.661213142068553,-0.6346248404293098,-0.6984429938421252,0.07493163115046907,60,-0.5332697804447336,-0.5476664127735168,-0.5361227453133754,-0.548953326651876,-0.5436619055660299,-0.5419348341499064,0.0062282668303867425,0.6984429938421252
0.1414341926574707,0.000918132297174835,0.011529159545898438,0.0006057808658541017,1.0,0.05,200,7,20,"{'l2_regularization': 1.0, 'learning_rate': 0.05, 'max_iter': 200, 'max_leaf_nodes': 7, 'min_samples_leaf': 20}",-0.8993160014343069,-0.765648341855257,-0.7074530066355267,-0.7555712602137428,-0.6453678426017411,-0.7546712905481148,0.08392878893057398,123,-0.5893865764790952,-0.5973853692629972,-0.6126754556978504,-0.6157255978670181,-0.606884424435392,-0.6044114847484706,0.00977273727800954,0.7546712905481148
0.26028919219970703,0.004957672588134089,0.014143943786621094,0.00020906288837888837,1.0,0.05,200,15,10,"{'l2_regularization': 1.0, 'learning_rate': 0.05, 'max_iter': 200, 'max_leaf_nodes': 15, 'min_samples_leaf': 10}",-0.8433952779009696,-0.6407355054186522,-0.6622065047392738,-0.6232364338631584,-0.593525605613508,-0.6726198655071124,0.08829939665487398,20,-0.40482848740053584,-0.4111221807440002,-0.41269546152673797,-0.4147269546966658,-0.4199117036723735,-0.41265695760806265,0.004910360409762386,0.6726198655071124
0.2486365795135498,0.004241630240117029,0.01530771255493164,0.0005423438680041973,1.0,0.05,200,15,20,"{'l2_regularization': 1.0, 'learning_rate': 0.05, 'max_iter': 200, 'max_leaf_nodes': 15, 'min_samples_leaf': 20}",-0.8501845564115182,-0.7798026085161006,-0.6906757280147694,-0.714215315263627,-0.6039983431248428,-0.7277753102661716,0.08315269492621669,105,-0.5000044975441261,-0.501550516220213,-0.5294046398679687,-0.5172057583328897,-0.5346671022204575,-0.5165665028371311,0.014089982125269632,0.7277753102661716
0.45884017944335936,0.0024212693401388695,0.018909454345703125,0.0006983684643343434,1.0,0.05,200,31,10,"{'l2_regularization': 1.0, 'learning_rate': 0.05, 'max_iter': 200, 'max_leaf_nodes': 31, 'min_samples_leaf': 10}",-0.8067024030203104,-0.6595418882442887,-0.6564130197553345,-0.6575149188695328,-0.6159756753136091,-0.6792295810406151,0.06577249303914177,35,-0.28246918836300566,-0.30576056990740436,-0.313210484696036,-0.302578243158097,-0.3083082729391127,-0.30246535181273115,0.010585984766893002,0.6792295810406151
0.43855671882629393,0.005119171253120941,0.02172117233276367,0.0016129158756678082,1.0,0.05,200,31,20,"{'l2_regularization': 1.0, 'learning_rate': 0.05, 'max_iter': 200, 'max_leaf_nodes': 31, 'min_samples_leaf': 20}",-0.7948236207092343,-0.780795416810555,-0.6942886867416798,-0.7198128022080369,-0.5907503655678203,-0.7160941784074653,0.07291769933696178,87,-0.4136906441186014,-0.418270963260959,-0.46275431259811584,-0.4381897702152689,-0.47149166694004313,-0.44087947142659767,0.023122398901924406,0.7160941784074653
0.20191831588745118,0.0015089426953550993,0.01534585952758789,0.0006752635669929619,1.0,0.05,300,7,10,"{'l2_regularization': 1.0, 'learning_rate': 0.05, 'max_iter': 300, 'max_leaf_nodes': 7, 'min_samples_leaf': 10}",-0.8252350002545031,-0.6285294528648695,-0.6705970036657627,-0.6462935843473179,-0.6093400915366525,-0.6759990265338212,0.07730426254507779,26,-0.47951539373475865,-0.48845383054597846,-0.48439988937271655,-0.4922024562096512,-0.4845127702558096,-0.4858168680237829,0.004269575752325029,0.6759990265338212
0.19804515838623046,0.0022337127948679203,0.016202878952026368,0.0007410144007507698,1.0,0.05,300,7,20,"{'l2_regularization': 1.0, 'learning_rate': 0.05, 'max_iter': 300, 'max_leaf_nodes': 7, 'min_samples_leaf': 20}",-0.8729945400951281,-0.7286955948071373,-0.6782691990241003,-0.73582215318401,-0.6308772206492327,-0.7293317415519216,0.08121847788118705,106,-0.5306386509916476,-0.5384447251883842,-0.5392146062521129,-0.5475183242458567,-0.5548068647569359,-0.5421246342869874,0.008292993035856941,0.7293317415519216
0.3601419925689697,0.001228554545277801,0.019598913192749024,0.0006920002456927697,1.0,0.05,300,15,10,"{'l2_regularization': 1.0, 'learning_rate': 0.05, 'max_iter': 300, 'max_leaf_nodes': 15, 'min_samples_leaf': 10}",-0.8303445162568324,-0.6283047302134082,-0.6434179833369612,-0.611556888689426,-0.5823754017084932,-0.6591999040410241,0.08793852414940903,10,-0.3407334256104823,-0.348086645035619,-0.3447450511122361,-0.34201769909368107,-0.34906694515387177,-0.34492995320117803,0.003262074871699831,0.6591999040410241
0.3582965850830078,0.00401120094107893,0.02245326042175293,0.0006731101019787257,1.0,0.05,300,15,20,"{'l2_regularization': 1.0, 'learning_rate': 0.05, 'max_iter': 300, 'max_leaf_nodes': 15, 'min_samples_leaf': 20}",-0.8311887588998477,-0.74309363133794,-0.6731512125452939,-0.7055575588801382,-0.5989821633642782,-0.7103946650054995,0.07679017305325653,83,-0.4264645544867871,-0.4332694702990764,-0.4631884075548629,-0.445915691033349,-0.4692237144875027,-0.4476123675723157,0.01652568152177393,0.7103946650054995
0.6474117279052735,0.004644962361678489,0.026851797103881837,0.0014170968069216758,1.0,0.05,300,31,10,"{'l2_regularization': 1.0, 'learning_rate': 0.05, 'max_iter': 300, 'max_leaf_nodes': 31, 'min_samples_leaf': 10}",-0.797944077453932,-0.6570428223547684,-0.646914137218951,-0.65695812017443,-0.622712216998973,-0.6763142748402109,0.06209252319750182,28,-0.21490975714686625,-0.23997481382276423,-0.2424179597405387,-0.23348631046392396,-0.2381557001128224,-0.2337889082573831,0.009882395866892097,0.6763142748402109
0.6359858036041259,0.0038294733050052193,0.03147578239440918,0.0008171600270568782,1.0,0.05,300,31,20,"{'l2_regularization': 1.0, 'learning_rate': 0.05, 'max_iter': 300, 'max_leaf_nodes': 31, 'min_samples_leaf': 20}",-0.7726984709865081,-0.7744721176771543,-0.6877480896376837,-0.7210176326865609,-0.5946955217933769,-0.7101263665562568,0.06633148697048828,80,-0.3436047617997201,-0.3480909985991053,-0.3948391876958626,-0.3654116133226025,-0.40359374097287554,-0.3711080604780332,0.02423696318503328,0.7101263665562568
0.07551827430725097,0.000517985630476737,0.006508779525756836,0.00015379365224490443,1.0,0.1,100,7,10,"{'l2_regularization': 1.0, 'learning_rate': 0.1, 'max_iter': 100, 'max_leaf_nodes': 7, 'min_samples_leaf': 10}",-0.8481700067622114,-0.6734533804218596,-0.6817857920006727,-0.6708425739435165,-0.6367773573088578,-0.7022058220874235,0.07458386028581164,67,-0.544041585345852,-0.5494963923934545,-0.534803733818019,-0.5530525908982863,-0.5460224237365485,-0.5454833452384321,0.006161516122411038,0.7022058220874235
0.07426714897155762,0.0010519665779135962,0.006472969055175781,0.0003299910409906665,1.0,0.1,100,7,20,"{'l2_regularization': 1.0, 'learning_rate': 0.1, 'max_iter': 100, 'max_leaf_nodes': 7, 'min_samples_leaf': 20}",-0.9067524441357642,-0.7846552608609756,-0.7140721322798014,-0.7510319132833091,-0.6622388235478045,-0.763750114821531,0.08224462070685166,132,-0.5969260707256344,-0.6071080734090502,-0.616572435049315,-0.6063146576177773,-0.604476350374973,-0.60627951743535,0.006282838047267563,0.763750114821531
0.13162970542907715,0.0011522137334276353,0.008105087280273437,0.0004869595302415328,1.0,0.1,100,15,10,"{'l2_regularization': 1.0, 'learning_rate': 0.1, 'max_iter': 100, 'max_leaf_nodes': 15, 'min_samples_leaf': 10}",-0.8332012332210735,-0.6411952495980909,-0.6737694409501238,-0.6158852708036119,-0.6202041873994116,-0.6768510763944624,0.0808107733973751,30,-0.4080640080804292,-0.41075926560276843,-0.4135248836863983,-0.41127003685636176,-0.4266062485052981,-0.41404488854625116,0.006516505509076031,0.6768510763944624
0.12909221649169922,0.00217195310356638,0.008424663543701172,0.000392700126786607,1.0,0.1,100,15,20,"{'l2_regularization': 1.0, 'learning_rate': 0.1, 'max_iter': 100, 'max_leaf_nodes': 15, 'min_samples_leaf': 20}",-0.874368629222286,-0.7720615301984985,-0.6885736438320097,-0.7178437722010506,-0.6217933556913063,-0.7349281862290302,0.08492659543491234,111,-0.49342833398764574,-0.4955913951622818,-0.5283726252633622,-0.5187448684671905,-0.5318591787249548,-0.513599280321087,0.016182111677723807,0.7349281862290302
0.2367302417755127,0.00468521045854237,0.010426759719848633,0.0006602964906469856,1.0,0.1,100,31,10,"{'l2_regularization': 1.0, 'learning_rate': 0.1, 'max_iter': 100, 'max_leaf_nodes': 31, 'min_samples_leaf': 10}",-0.8049846649956556,-0.6485918607451696,-0.6731596456456441,-0.6423333773955523,-0.6315118031477893,-0.6801162703859622,0.06391281599430836,37,-0.2874619622050348,-0.3030935772389222,-0.31807267624142455,-0.2926835995082619,-0.31169196855857967,-0.3026007567504446,0.011400056183755499,0.6801162703859622
0.22722306251525878,0.0033552041719543597,0.011176538467407227,0.00032924873418487325,1.0,0.1,100,31,20,"{'l2_regularization': 1.0, 'learning_rate': 0.1, 'max_iter': 100, 'max_leaf_nodes': 31, 'min_samples_leaf': 20}",-0.8150046620417403,-0.8077619039904853,-0.6998433207511497,-0.7246778322776911,-0.6070428590642508,-0.7308661156250633,0.07658350315747138,108,-0.41565937871876996,-0.4272303955081807,-0.4562181622836027,-0.44184005304512897,-0.46786912359707256,-0.441763422630551,0.01888429495373937,0.7308661156250633
0.1383066177368164,0.0020486276420354603,0.010667228698730468,0.00034034168574001715,1.0,0.1,200,7,10,"{'l2_regularization': 1.0, 'learning_rate': 0.1, 'max_iter': 200, 'max_leaf_nodes': 7, 'min_samples_leaf': 10}",-0.8159545775676492,-0.6299637088696034,-0.6312798871568569,-0.6405477403027973,-0.6039113369367178,-0.6643314501667248,0.07678460152884357,13,-0.44664388705645425,-0.4510423794986499,-0.4398058375019716,-0.4492079550163857,-0.44159758353140255,-0.4456595285209728,0.004319733154069425,0.6643314501667248
0.13434929847717286,0.0008509617996453441,0.01141963005065918,0.0005222846087296064,1.0,0.1,200,7,20,"{'l2_regularization': 1.0, 'learning_rate': 0.1, 'max_iter': 200, 'max_leaf_nodes': 7, 'min_samples_leaf': 20}",-0.8371127340339184,-0.7186350249513338,-0.6633449900079057,-0.7194571860336306,-0.6246211758876735,-0.7126342221828924,0.07176794146244451,84,-0.4854411158219496,-0.5056716491043527,-0.4957259145130566,-0.49231388785607094,-0.5062042684881356,-0.4970713671567131,0.007963433110543762,0.7126342221828924
0.24140410423278807,0.0023341253288314137,0.013497161865234374,0.0008642340278779116,1.0,0.1,200,15,10,"{'l2_regularization': 1.0, 'learning_rate': 0.1, 'max_iter': 200, 'max_leaf_nodes': 15, 'min_samples_leaf': 10}",-0.813563823088613,-0.6212752143442303,-0.6502294255542056,-0.6082435450543653,-0.5976805832895212,-0.6581985182661871,0.07965316636037069,8,-0.2954086046936399,-0.2914941629977988,-0.2995964776485282,-0.2909803034259706,-0.29794476498224043,-0.2950848627496356,0.0034169884568608596,0.6581985182661871
0.2360363006591797,0.0014791234547334299,0.015642166137695312,0.0008288771731398038,1.0,0.1,200,15,20,"{'l2_regularization': 1.0, 'learning_rate': 0.1, 'max_iter': 200, 'max_leaf_nodes': 15, 'min_samples_leaf': 20}",-0.8202771319390159,-0.7309232828247942,-0.6691136819015474,-0.6887850743512768,-0.6163164195714911,-0.7050831181176251,0.06837591429073386,73,-0.3621646199157436,-0.3770213859755596,-0.4023666521878166,-0.3690664815065035,-0.3940492534372076,-0.3809336786045662,0.015098374908940622,0.7050831181176251
0.2912137508392334,0.06821415917714983,0.012220287322998047,0.0005726559090944159,1.0,0.1,200,31,10,"{'l2_regularization': 1.0, 'learning_rate': 0.1, 'max_iter': 200, 'max_leaf_nodes': 31, 'min_samples_leaf': 10}",-0.7977912650408557,-0.6346906623310206,-0.6604843867106241,-0.6333301775993672,-0.6388083557869053,-0.6730209694937546,0.06315040285514646,21,-0.1721915582355574,-0.18989132448841808,-0.19189275875497383,-0.17273097750492833,-0.18382573277068942,-0.18210647035091337,0.008313081333634068,0.6730209694937546
0.23199224472045898,0.02200146607896277,0.018071937561035156,0.003915299416271203,1.0,0.1,200,31,20,"{'l2_regularization': 1.0, 'learning_rate': 0.1, 'max_iter': 200, 'max_leaf_nodes': 31, 'min_samples_leaf': 20}",-0.7819051089917791,-0.7937901772317928,-0.6866118446254247,-0.7149547052696056,-0.6162404725779633,-0.7187004617393131,0.06507695786652325,89,-0.28120217758413985,-0.29797318339832113,-0.3215666099176554,-0.29342160560357794,-0.3146214523415182,-0.3017570057690425,0.014589116296083808,0.7187004617393131
0.1918412208557129,0.014480608629937016,0.014361763000488281,0.0006476163578872554,1.0,0.1,300,7,10,"{'l2_regularization': 1.0, 'learning_rate': 0.1, 'max_iter': 300, 'max_leaf_nodes': 7, 'min_samples_leaf': 10}",-0.8049721724823099,-0.6183555961162434,-0.6172867649509295,-0.6386946632142126,-0.5871015659925019,-0.6532821525512393,0.0776119311729949,4,-0.3912410385651294,-0.3842940908735281,-0.38356921940720606,-0.387505190065788,-0.3821300837734175,-0.3857479245370138,0.003262252106106206,0.6532821525512393
0.1959388256072998,0.0028686142623116193,0.01592988967895508,0.0004815662103597585,1.0,0.1,300,7,20,"{'l2_regularization': 1.0, 'learning_rate': 0.1, 'max_iter': 300, 'max_leaf_nodes': 7, 'min_samples_leaf': 20}",-0.811136804179174,-0.6983487108763773,-0.6476313842051334,-0.7200814903179861,-0.6128643874503074,-0.6980125554057957,0.06793043422049733,59,-0.41934345614536617,-0.44267673541724334,-0.4301482146693676,-0.4254439747069058,-0.43479695701266124,-0.4304818675903088,0.00796103883337376,0.6980125554057957
0.3482976913452148,0.0039642048664540065,0.017706871032714844,0.0005010501530514492,1.0,0.1,300,15,10,"{'l2_regularization': 1.0, 'learning_rate': 0.1, 'max_iter': 300, 'max_leaf_nodes': 15, 'min_samples_leaf': 10}",-0.8028028340112227,-0.6204609044861874,-0.6438696324764106,-0.60587336082276,-0.5964626409302095,-0.6538938745453581,0.07615306094699117,5,-0.22287559417441463,-0.2209247847818847,-0.225942794169694,-0.2195733231688468,-0.22841674012737256,-0.22354664728444257,0.003242563923219713,0.6538938745453581
0.34788007736206056,0.005295638887002661,0.022159671783447264,0.0015938607920850366,1.0,0.1,300,15,20,"{'l2_regularization': 1.0, 'learning_rate': 0.1, 'max_iter': 300, 'max_leaf_nodes': 15, 'min_samples_leaf': 20}",-0.7842371319379068,-0.7216029844996164,-0.6513266711974288,-0.6917424525434362,-0.6198962795604865,-0.6937611039477749,0.05695937196218892,55,-0.283036317201934,-0.30010475629081684,-0.3101964085830884,-0.27581139597537013,-0.3008273023222857,-0.293995236074699,0.012627203180015466,0.6937611039477749
0.6250030517578125,0.0032464462937228096,0.027042961120605467,0.0014634144706260988,1.0,0.1,300,31,10,"{'l2_regularization': 1.0, 'learning_rate': 0.1, 'max_iter': 300, 'max_leaf_nodes': 31, 'min_samples_leaf': 10}",-0.7925924267250178,-0.6334325779195267,-0.6515821950465229,-0.6289733380617072,-0.6378684977869916,-0.6688898071079532,0.06231332565386067,16,-0.11074015128818454,-0.1262613849670466,-0.1271558642106775,-0.10730875917351171,-0.11749883962243184,-0.11779299985237043,0.00798905853233006,0.6688898071079532
0.6181734085083008,0.006169430050934519,0.033409738540649415,0.003015994228770034,1.0,0.1,300,31,20,"{'l2_regularization': 1.0, 'learning_rate': 0.1, 'max_iter': 300, 'max_leaf_nodes': 31, 'min_samples_leaf': 20}",-0.7669114082003505,-0.7819405153598312,-0.6635310768036518,-0.7027056663154881,-0.6286873273489038,-0.7087551988056451,0.05870420316146222,78,-0.18586735477213825,-0.22338404156270608,-0.2257482585493157,-0.18151026570016815,-0.22099036015092563,-0.20750005614705075,0.01954855064686256,0.7087551988056451
