mean_fit_time,std_fit_time,mean_score_time,std_score_time,param_colsample_bytree,param_learning_rate,param_min_child_samples,param_n_estimators,param_num_leaves,params,split0_test_score,split1_test_score,split2_test_score,split3_test_score,split4_test_score,mean_test_score,std_test_score,rank_test_score,split0_train_score,split1_train_score,split2_train_score,split3_train_score,split4_train_score,mean_train_score,std_train_score,CV_RMSE
0.034746217727661136,0.0049682193399597195,0.00235595703125,4.644810033247958e-05,0.8,0.01,10,100,7,"{'colsample_bytree': 0.8, 'learning_rate': 0.01, 'min_child_samples': 10, 'n_estimators': 100, 'num_leaves': 7}",-1.891615179119163,-1.8663092414367988,-1.7629746758243638,-1.9357596822873888,-1.8270700197222252,-1.8567457596779877,0.05869276321770097,215,-1.7964211977565145,-1.8160933393485141,-1.8194452216853931,-1.804077113951626,-1.8124903423881256,-1.8097054430260346,0.008385385295472315,1.8567457596779877
0.04051885604858398,0.0013702481852051578,0.002969646453857422,0.000323976465075183,0.8,0.01,10,100,15,"{'colsample_bytree': 0.8, 'learning_rate': 0.01, 'min_child_samples': 10, 'n_estimators': 100, 'num_leaves': 15}",-1.710937650907251,-1.6472461922421369,-1.5758351525885268,-1.7426216672062436,-1.6208818607520978,-1.6595045047392514,0.060326389854624095,208,-1.586909959626254,-1.598932763785405,-1.6066731793023565,-1.5936471107085932,-1.607684009394711,-1.598769404563464,0.007859400094284605,1.6595045047392514
0.08235163688659668,0.01075832261327465,0.0033121585845947267,0.00013022215885905822,0.8,0.01,10,100,31,"{'colsample_bytree': 0.8, 'learning_rate': 0.01, 'min_child_samples': 10, 'n_estimators': 100, 'num_leaves': 31}",-1.6139822826640218,-1.5664617635354687,-1.4788162828953733,-1.6625909992968222,-1.5259259193341634,-1.5695554495451698,0.06446093418873448,201,-1.4739641242415193,-1.4859653784171605,-1.494431721935072,-1.4833745214645915,-1.493863999064296,-1.4863199490245278,0.0075389816374575565,1.5695554495451698
0.04498114585876465,0.004292537997311079,0.004263925552368164,0.0010150741427385045,0.8,0.01,10,200,7,"{'colsample_bytree': 0.8, 'learning_rate': 0.01, 'min_child_samples': 10, 'n_estimators': 200, 'num_leaves': 7}",-1.3163932900516808,-1.2776219440037255,-1.2025291820357724,-1.28525167386516,-1.1997837289641518,-1.2563159637840982,0.04688158851202801,196,-1.1765049851949583,-1.1843234970516239,-1.1832949893410782,-1.1858657492510665,-1.1953741666035598,-1.1850726774884572,0.006064263162521417,1.2563159637840982
0.07021827697753906,0.0034518542099379766,0.004104995727539062,7.551188780881334e-05,0.8,0.01,10,200,15,"{'colsample_bytree': 0.8, 'learning_rate': 0.01, 'min_child_samples': 10, 'n_estimators': 200, 'num_leaves': 15}",-1.145320655474616,-1.0681079270839313,-1.0118656831584447,-1.0903589228001351,-0.9992848117925706,-1.0629876000619396,0.0533397313304395,189,-0.9447627714500232,-0.9587038748584396,-0.9633138445968009,-0.9594729841648744,-0.961809235232835,-0.9576125420605945,0.0066315298541832065,1.0629876000619396
0.1173004150390625,0.001778657778121808,0.004865598678588867,7.996779503057985e-05,0.8,0.01,10,200,31,"{'colsample_bytree': 0.8, 'learning_rate': 0.01, 'min_child_samples': 10, 'n_estimators': 200, 'num_leaves': 31}",-1.0486649397064007,-0.9821596411828627,-0.9179364634946281,-1.0131078032086982,-0.8987584844822831,-0.9721254664149747,0.05649369812552343,173,-0.8128082874649819,-0.8265030856866677,-0.8332147587407783,-0.827775870101559,-0.8395811873471519,-0.8279766378682277,0.008881373728965707,0.9721254664149747
0.05297384262084961,0.00044034213036958295,0.0045684814453125,0.00018214827429280985,0.8,0.01,10,300,7,"{'colsample_bytree': 0.8, 'learning_rate': 0.01, 'min_child_samples': 10, 'n_estimators': 300, 'num_leaves': 7}",-1.0903200816776004,-0.9942726745264646,-0.9668172512744181,-1.0003339074282505,-0.9190896825665448,-0.9941667194946557,0.05597869126443794,176,-0.8957645393605352,-0.9004272018649164,-0.9043305127743888,-0.909936735049034,-0.9081141508808028,-0.9037146279859354,0.005147053753996513,0.9941667194946557
0.09555721282958984,0.0007497254244480622,0.005629301071166992,0.00013685600262364482,0.8,0.01,10,300,15,"{'colsample_bytree': 0.8, 'learning_rate': 0.01, 'min_child_samples': 10, 'n_estimators': 300, 'num_leaves': 15}",-0.9556529657339234,-0.8389325214018587,-0.8154399818873861,-0.8362919740195284,-0.7656553111408639,-0.8423945508367121,0.062437417199924426,152,-0.6932974878344481,-0.7073719600650752,-0.7107292129707421,-0.7104418277738073,-0.7124277646576905,-0.7068536506603527,0.006971426543771493,0.8423945508367121
0.17095541954040527,0.0009999610261301692,0.007010555267333985,0.00014745926796839607,0.8,0.01,10,300,31,"{'colsample_bytree': 0.8, 'learning_rate': 0.01, 'min_child_samples': 10, 'n_estimators': 300, 'num_leaves': 31}",-0.8806634762428763,-0.7774003253807449,-0.7354553349492177,-0.7794173183289397,-0.69116658830159,-0.7728206086406737,0.06286193950614262,128,-0.5721481691168583,-0.5830228572082014,-0.5930851037780434,-0.5831260926749812,-0.6052679396572351,-0.5873300324870638,0.011149916622360782,0.7728206086406737
0.020778846740722657,0.0005082684281103315,0.0020447254180908205,7.829869415209224e-05,0.8,0.01,20,100,7,"{'colsample_bytree': 0.8, 'learning_rate': 0.01, 'min_child_samples': 20, 'n_estimators': 100, 'num_leaves': 7}",-1.931678495850188,-1.868013739609301,-1.7726193515304332,-1.9407303670314593,-1.8435939871313503,-1.8713271882305462,0.06161562783914875,216,-1.814242554557039,-1.8305316850610498,-1.8426797783170026,-1.824653008040338,-1.833248641830405,-1.829071133561167,0.009425355022632906,1.8713271882305462
0.03479747772216797,0.00015592694646627658,0.0025275230407714845,9.174394012615834e-05,0.8,0.01,20,100,15,"{'colsample_bytree': 0.8, 'learning_rate': 0.01, 'min_child_samples': 20, 'n_estimators': 100, 'num_leaves': 15}",-1.7736576015466077,-1.6869332753499986,-1.5958442088012843,-1.7625222071507602,-1.6415086991261048,-1.6920931983949512,0.06850150583122,210,-1.6254797849101998,-1.6394632439530668,-1.6540549651470937,-1.635792005164423,-1.647283170671867,-1.6404146339693302,0.00978324064431793,1.6920931983949512
0.05819926261901855,0.000530281910217473,0.0030576229095458985,0.00010180094754329408,0.8,0.01,20,100,31,"{'colsample_bytree': 0.8, 'learning_rate': 0.01, 'min_child_samples': 20, 'n_estimators': 100, 'num_leaves': 31}",-1.6836486210916433,-1.6168568678104136,-1.508663621460555,-1.69792720531028,-1.5464171872310117,-1.6107027005807808,0.07417775436493182,204,-1.5276186049233629,-1.541800891111006,-1.5601070722740646,-1.5441787866112664,-1.547577601206716,-1.5442565912252832,0.010441512932201613,1.6107027005807808
0.03766255378723145,0.0007412719490990414,0.0033713340759277343,0.00010169793049928128,0.8,0.01,20,200,7,"{'colsample_bytree': 0.8, 'learning_rate': 0.01, 'min_child_samples': 20, 'n_estimators': 200, 'num_leaves': 7}",-1.3751837726929341,-1.2994403175291236,-1.2031059646365343,-1.3331277962757107,-1.228040932862407,-1.2877797567993419,0.06414086609924909,198,-1.2077964313820357,-1.211933498188804,-1.221034713200333,-1.2244789063703685,-1.2293257093073289,-1.218913851689774,0.007952320862372556,1.2877797567993419
0.06541390419006347,0.00047055537451228083,0.004286575317382813,0.00015015044100518158,0.8,0.01,20,200,15,"{'colsample_bytree': 0.8, 'learning_rate': 0.01, 'min_child_samples': 20, 'n_estimators': 200, 'num_leaves': 15}",-1.2257505821590815,-1.1419219754556638,-1.022241103796158,-1.172280952565626,-1.0228841612668103,-1.117015755048668,0.08165882189479505,192,-1.0067083588179804,-1.013369022904387,-1.0349473798357802,-1.0323334898001144,-1.02990284212965,-1.0234522186975825,0.011266356373946318,1.117015755048668
0.11292214393615722,0.0011283484374640467,0.0052566051483154295,0.00015055618103649332,0.8,0.01,20,200,31,"{'colsample_bytree': 0.8, 'learning_rate': 0.01, 'min_child_samples': 20, 'n_estimators': 200, 'num_leaves': 31}",-1.1361339487932245,-1.0759527386220407,-0.9440506578754744,-1.097819328941854,-0.9257479336229051,-1.0359409215710997,0.08491741948669303,186,-0.8920154119597032,-0.909026751921753,-0.9318671723994466,-0.9252975707501768,-0.9248798689412095,-0.916617355194458,0.014415582327913526,1.0359409215710997
0.05481715202331543,0.0004683517142575247,0.004810190200805664,0.0001545363389201355,0.8,0.01,20,300,7,"{'colsample_bytree': 0.8, 'learning_rate': 0.01, 'min_child_samples': 20, 'n_estimators': 300, 'num_leaves': 7}",-1.1199897076950793,-1.0466983883891152,-0.9688301213888161,-1.0840505830329596,-0.9558268883072772,-1.0350791377626494,0.06389501629621933,185,-0.9350948711055744,-0.9409316905594206,-0.956362621449347,-0.9644669980410165,-0.9569205983826504,-0.9507553559076017,0.010947291507347447,1.0350791377626494
0.09771065711975098,0.0004375345984047973,0.0061229228973388675,7.273815991906673e-05,0.8,0.01,20,300,15,"{'colsample_bytree': 0.8, 'learning_rate': 0.01, 'min_child_samples': 20, 'n_estimators': 300, 'num_leaves': 15}",-1.0107805253329354,-0.9418563557324269,-0.8265232788020953,-0.96746383772898,-0.790478665754806,-0.9074205326702487,0.0844915124691868,167,-0.7680853084367838,-0.777723474541296,-0.8052523783182208,-0.8056246224289951,-0.800370368685837,-0.7914112304822265,0.015526218750038656,0.9074205326702487
0.16349639892578124,0.0033144522616007483,0.007126998901367187,0.00018971428818175437,0.8,0.01,20,300,31,"{'colsample_bytree': 0.8, 'learning_rate': 0.01, 'min_child_samples': 20, 'n_estimators': 300, 'num_leaves': 31}",-0.9451299327396614,-0.8986529595884799,-0.7799079823229638,-0.9297154831559663,-0.7136132338537159,-0.8534039183321575,0.09080493428925443,156,-0.6738232446917344,-0.6880509067108725,-0.721683013672232,-0.7129005194551483,-0.7130893490797293,-0.7019094067219434,0.017987116067930076,0.8534039183321575
0.020336389541625977,0.0003133195334948597,0.0020723819732666017,5.718754775575887e-05,0.8,0.03,10,100,7,"{'colsample_bytree': 0.8, 'learning_rate': 0.03, 'min_child_samples': 10, 'n_estimators': 100, 'num_leaves': 7}",-1.0863473263954697,-0.9931978472909283,-0.9794614903392511,-1.0140902304579718,-0.9309693160293265,-1.0008132421025895,0.05076302502104975,177,-0.9011113071190664,-0.9051173655734411,-0.9131055488689304,-0.9174897522150512,-0.9156058546140353,-0.9104859656781048,0.00630610172527178,1.0008132421025895
0.034488773345947264,0.00016738339991421934,0.0027367115020751954,0.0001089875556932327,0.8,0.03,10,100,15,"{'colsample_bytree': 0.8, 'learning_rate': 0.03, 'min_child_samples': 10, 'n_estimators': 100, 'num_leaves': 15}",-0.938884621231542,-0.842567671036901,-0.8153106462943348,-0.8398560540026427,-0.7775775303173283,-0.8428393045765498,0.05338652007090339,153,-0.6965642545418825,-0.7090937292100122,-0.7133890935194236,-0.7141346692055296,-0.714686697326752,-0.70957368876072,0.006796741168406599,0.8428393045765498
0.059610414505004886,0.002203589086884614,0.003269004821777344,6.171577174245475e-05,0.8,0.03,10,100,31,"{'colsample_bytree': 0.8, 'learning_rate': 0.03, 'min_child_samples': 10, 'n_estimators': 100, 'num_leaves': 31}",-0.91051672850196,-0.7753597677167173,-0.7474184606470968,-0.7861682875951377,-0.6926157646783194,-0.7824158018278463,0.07178102359726556,136,-0.5676715260189013,-0.5860169353643023,-0.5924662693562776,-0.5910319761880328,-0.6025631260685697,-0.5879499665992167,0.011475120613747542,0.7824158018278463
0.03571152687072754,0.0005359490992956753,0.003745365142822266,2.924197798006114e-05,0.8,0.03,10,200,7,"{'colsample_bytree': 0.8, 'learning_rate': 0.03, 'min_child_samples': 10, 'n_estimators': 200, 'num_leaves': 7}",-0.8900116131520694,-0.7412537115433969,-0.7780831253252803,-0.7551137229259934,-0.6942077320815409,-0.7717339810056563,0.06518513477338847,125,-0.6327578065619838,-0.6447006572701444,-0.6449901566027334,-0.6489192641783993,-0.645168942402504,-0.6433073654031529,0.005495909696845916,0.7717339810056563
0.06287693977355957,0.0004724382630767559,0.0048984050750732425,0.0002043243383717797,0.8,0.03,10,200,15,"{'colsample_bytree': 0.8, 'learning_rate': 0.03, 'min_child_samples': 10, 'n_estimators': 200, 'num_leaves': 15}",-0.8134324017496111,-0.6708613817501805,-0.6949549051346852,-0.6696204335559369,-0.602883320917906,-0.6903504886216639,0.06874652556523042,51,-0.48441787445712053,-0.49785301025633777,-0.49839955835697364,-0.4999186690520953,-0.49654706115433195,-0.49542723465537186,0.0056098502966840285,0.6903504886216639
0.10878911018371581,0.0007232222928285149,0.006087255477905273,5.876626723228683e-05,0.8,0.03,10,200,31,"{'colsample_bytree': 0.8, 'learning_rate': 0.03, 'min_child_samples': 10, 'n_estimators': 200, 'num_leaves': 31}",-0.793330779455421,-0.6611830981826213,-0.6575113583990253,-0.6737513034813134,-0.5690987573383992,-0.6709750593713559,0.07160246424858908,36,-0.37020371539641805,-0.3889052943984317,-0.39734161626600517,-0.3774535471620886,-0.38240655639427074,-0.3832621459234428,0.009328140979636069,0.6709750593713559
0.04945082664489746,0.00042558592298453177,0.005444240570068359,0.000140034449680215,0.8,0.03,10,300,7,"{'colsample_bytree': 0.8, 'learning_rate': 0.03, 'min_child_samples': 10, 'n_estimators': 300, 'num_leaves': 7}",-0.8321139304077668,-0.6796991415784582,-0.7217745663190533,-0.6939593394152617,-0.6411324064893491,-0.7137358768419778,0.06465115433117635,63,-0.5557838613379035,-0.5682175538274545,-0.5660801709413777,-0.5681875206207624,-0.5668928930989473,-0.5650323999652891,0.004694565303352988,0.7137358768419778
0.09337396621704101,0.006924303111751377,0.007454395294189453,0.00020551482374461127,0.8,0.03,10,300,15,"{'colsample_bytree': 0.8, 'learning_rate': 0.03, 'min_child_samples': 10, 'n_estimators': 300, 'num_leaves': 15}",-0.7795861611575073,-0.6378443155931204,-0.6719266844570293,-0.6349593593549807,-0.5729088355302371,-0.659445071218575,0.0680357773188697,21,-0.41548275520550665,-0.42516069973711396,-0.4263677338152953,-0.4188334249734338,-0.4212998469276751,-0.4214288921318049,0.004010690513086353,0.659445071218575
0.1763604164123535,0.0073755319538543135,0.00995464324951172,0.0007168112275928502,0.8,0.03,10,300,31,"{'colsample_bytree': 0.8, 'learning_rate': 0.03, 'min_child_samples': 10, 'n_estimators': 300, 'num_leaves': 31}",-0.7638057314100092,-0.646970985753824,-0.6503226614734808,-0.6646139463382,-0.5597701684855538,-0.6570966986922135,0.06490639074938301,18,-0.2942760644459282,-0.31741676641014444,-0.3186149542837502,-0.30107727840818777,-0.30298705591261094,-0.30687442389212427,0.009554247494696553,0.6570966986922135
0.022698116302490235,0.001709860713782169,0.0025987148284912108,0.00013907447629992487,0.8,0.03,20,100,7,"{'colsample_bytree': 0.8, 'learning_rate': 0.03, 'min_child_samples': 20, 'n_estimators': 100, 'num_leaves': 7}",-1.1222689798105634,-1.0438488563338422,-0.975055790689665,-1.1007732249688051,-0.9759820089320203,-1.0435857721469792,0.06120154949203938,188,-0.9393834726832037,-0.9433146431484543,-0.9630283756708096,-0.975563070797102,-0.9697995812218086,-0.9582178287042756,0.01438731165432306,1.0435857721469792
0.04204258918762207,0.0031670248062771345,0.003112506866455078,6.25661231507338e-05,0.8,0.03,20,100,15,"{'colsample_bytree': 0.8, 'learning_rate': 0.03, 'min_child_samples': 20, 'n_estimators': 100, 'num_leaves': 15}",-0.999365030554661,-0.9285917847023559,-0.8346653116911105,-0.9887974256203181,-0.8022052125681456,-0.9107249530273183,0.07979122897218835,168,-0.7704204139009773,-0.7778179560778132,-0.8067755990085838,-0.8129253326410825,-0.8065485845773399,-0.7948975772411593,0.01727818463890216,0.9107249530273183
0.06480865478515625,0.0014867324207254939,0.0037445068359375,0.00012438684575926266,0.8,0.03,20,100,31,"{'colsample_bytree': 0.8, 'learning_rate': 0.03, 'min_child_samples': 20, 'n_estimators': 100, 'num_leaves': 31}",-0.9535195190596235,-0.900390675609957,-0.7812447910710966,-0.9424664786836227,-0.7199109313982857,-0.8595064791645172,0.09274064857321651,159,-0.6793244125102479,-0.6927631992870159,-0.7253191584926448,-0.717872801124108,-0.7163253235684867,-0.7063209789965007,0.017361395805914916,0.8595064791645172
0.039902687072753906,0.0004831349524839771,0.004125452041625977,0.00012948026395098486,0.8,0.03,20,200,7,"{'colsample_bytree': 0.8, 'learning_rate': 0.03, 'min_child_samples': 20, 'n_estimators': 200, 'num_leaves': 7}",-0.918794381176259,-0.8277260065238808,-0.7981177522694928,-0.8641843546862388,-0.722406398813835,-0.8262457786939412,0.06569714320821178,147,-0.6774490498034302,-0.69774305456079,-0.7073170837870862,-0.7206446106053874,-0.7136740355194908,-0.7033655668552369,0.01499148335410479,0.8262457786939412
0.06434259414672852,0.0019517115825908246,0.00514836311340332,0.0001986653994811352,0.8,0.03,20,200,15,"{'colsample_bytree': 0.8, 'learning_rate': 0.03, 'min_child_samples': 20, 'n_estimators': 200, 'num_leaves': 15}",-0.8613996106062586,-0.7967421997234164,-0.7397645951986731,-0.8568919088170214,-0.6391496682694272,-0.7787895965229593,0.08278761002131575,134,-0.5794484606890831,-0.5889414747402048,-0.6270931168894524,-0.6124345155411167,-0.6187644621406765,-0.6053364060001066,0.018127491844910613,0.7787895965229593
0.10575280189514161,0.0014564817410070163,0.006325531005859375,0.00010967766708361216,0.8,0.03,20,200,31,"{'colsample_bytree': 0.8, 'learning_rate': 0.03, 'min_child_samples': 20, 'n_estimators': 200, 'num_leaves': 31}",-0.8401364519006042,-0.8008186771724312,-0.7094414293239614,-0.8388281735197712,-0.5902259599155544,-0.7558901383664645,0.09549537707339877,113,-0.49920396171671055,-0.5238253739807738,-0.559086906363293,-0.5321291420809794,-0.546797749801745,-0.5322086267887003,0.020468891446066655,0.7558901383664645
0.04900274276733398,0.0009793932105873788,0.005316925048828125,0.00019874521271900705,0.8,0.03,20,300,7,"{'colsample_bytree': 0.8, 'learning_rate': 0.03, 'min_child_samples': 20, 'n_estimators': 300, 'num_leaves': 7}",-0.865249833804128,-0.772273144025136,-0.7493002462803291,-0.7994679969259276,-0.6604893049862789,-0.7693561052043598,0.06688058012637677,122,-0.6017347194438755,-0.6220245911008613,-0.6219228814939329,-0.6332766495082053,-0.6320769758521191,-0.6222071634797989,0.011306474525005081,0.7693561052043598
0.08496394157409667,0.0010101666909979508,0.007147312164306641,0.0003112967029898743,0.8,0.03,20,300,15,"{'colsample_bytree': 0.8, 'learning_rate': 0.03, 'min_child_samples': 20, 'n_estimators': 300, 'num_leaves': 15}",-0.8257614200059716,-0.7594556855319503,-0.7235246474939062,-0.8293987920961592,-0.6129928561352718,-0.7502266802526518,0.07950473668547936,107,-0.5111980917584656,-0.5237109944167803,-0.5548719257853072,-0.5376047851141426,-0.5519208401377931,-0.5358613274424977,0.0166027481403336,0.7502266802526518
0.1490633010864258,0.0029089988632083254,0.009585046768188476,0.0004271083848275663,0.8,0.03,20,300,31,"{'colsample_bytree': 0.8, 'learning_rate': 0.03, 'min_child_samples': 20, 'n_estimators': 300, 'num_leaves': 31}",-0.8098313810369298,-0.7744690200744003,-0.7022635785937885,-0.82349738021793,-0.5713891568466282,-0.7362901033539353,0.0925431627830901,91,-0.4268953736108009,-0.45595855493807547,-0.48225786270126986,-0.45500257767378977,-0.47455985498764336,-0.45893484478231594,0.019177866656979875,0.7362901033539353
0.01988067626953125,0.0003071302768694886,0.002309226989746094,0.00010399976927656924,0.8,0.05,10,100,7,"{'colsample_bytree': 0.8, 'learning_rate': 0.05, 'min_child_samples': 10, 'n_estimators': 100, 'num_leaves': 7}",-0.9219655173784752,-0.7943291855859502,-0.8057586809007167,-0.806432375427457,-0.7462269370919099,-0.8149425392769019,0.057892017272129004,144,-0.68066161642485,-0.6991885657713781,-0.6931289979577623,-0.7062154503710868,-0.7040078456122514,-0.6966404952274659,0.009166302003044928,0.8149425392769019
0.03382134437561035,0.0005055912730710095,0.0028627872467041015,0.00012487568598653872,0.8,0.05,10,100,15,"{'colsample_bytree': 0.8, 'learning_rate': 0.05, 'min_child_samples': 10, 'n_estimators': 100, 'num_leaves': 15}",-0.8472545440574758,-0.7109478019180826,-0.709452251417449,-0.7081469280650391,-0.6273250576312374,-0.7206253166178568,0.07087185820413773,72,-0.525878141184682,-0.5388879874249933,-0.5432384357795131,-0.5430434479905326,-0.5495338173270322,-0.5401163659413506,0.007889733556965567,0.7206253166178568
0.0570065975189209,6.175124046329606e-05,0.003567361831665039,7.375417761969057e-05,0.8,0.05,10,100,31,"{'colsample_bytree': 0.8, 'learning_rate': 0.05, 'min_child_samples': 10, 'n_estimators': 100, 'num_leaves': 31}",-0.7815718216112737,-0.6667612888343307,-0.6700862839772834,-0.6809361249182097,-0.5933732145185737,-0.6785457467719342,0.060141303967556826,41,-0.4133879198170641,-0.42254507525968527,-0.43698832838917523,-0.42015798938655746,-0.4344676657822505,-0.4255093957269465,0.00890361074322297,0.6785457467719342
0.03462657928466797,0.00043337041803219705,0.003926134109497071,0.00015341538818769475,0.8,0.05,10,200,7,"{'colsample_bytree': 0.8, 'learning_rate': 0.05, 'min_child_samples': 10, 'n_estimators': 200, 'num_leaves': 7}",-0.8147508623182952,-0.6743080325007953,-0.7136235861084391,-0.6933363588269358,-0.6416425671800652,-0.707532281386906,0.05861698978928462,59,-0.5358312218635033,-0.5570407041297964,-0.5487924141119463,-0.5553231414479288,-0.5536088515916382,-0.5501192666289627,0.007656011680278877,0.707532281386906
0.05907878875732422,0.0006135748635511051,0.0051763057708740234,0.00019737804301290875,0.8,0.05,10,200,15,"{'colsample_bytree': 0.8, 'learning_rate': 0.05, 'min_child_samples': 10, 'n_estimators': 200, 'num_leaves': 15}",-0.7792079472205212,-0.6522550582934956,-0.671722041105855,-0.6489579734655909,-0.5653970634643539,-0.6635080167099634,0.06843688493089416,25,-0.397469321919183,-0.4095808141264434,-0.4144456549515101,-0.40412272294411195,-0.405625223755116,-0.40624874753927287,0.005661784799397746,0.6635080167099634
0.10204224586486817,0.0008579629023347866,0.006147432327270508,0.00023698247407878423,0.8,0.05,10,200,31,"{'colsample_bytree': 0.8, 'learning_rate': 0.05, 'min_child_samples': 10, 'n_estimators': 200, 'num_leaves': 31}",-0.7267860320663025,-0.6511685533054373,-0.6517934451804756,-0.6595561442356597,-0.5665000072772494,-0.6511608364130249,0.05090679258093832,11,-0.2782977677223819,-0.29159601229461607,-0.3001417376111267,-0.2805784847193647,-0.2846038027096474,-0.28704356101142736,0.007956451158785882,0.6511608364130249
0.047305059432983396,0.0007879270447613921,0.005218791961669922,0.00012388871743783416,0.8,0.05,10,300,7,"{'colsample_bytree': 0.8, 'learning_rate': 0.05, 'min_child_samples': 10, 'n_estimators': 300, 'num_leaves': 7}",-0.7854915045838734,-0.6453517897380722,-0.6817623281466623,-0.6713621328725476,-0.6113930271294032,-0.6790721564941118,0.05849664404278571,42,-0.47857370785648884,-0.4989715147318789,-0.4898667865238979,-0.4967297804545489,-0.4918992783747829,-0.4912082135883195,0.0071086465308066536,0.6790721564941118
0.08100275993347168,0.0008715506832553692,0.006626415252685547,0.00016877458397229604,0.8,0.05,10,300,15,"{'colsample_bytree': 0.8, 'learning_rate': 0.05, 'min_child_samples': 10, 'n_estimators': 300, 'num_leaves': 15}",-0.7580181187820805,-0.635406762667328,-0.6547289749815823,-0.6395536549740433,-0.548394701512627,-0.6472204425835323,0.0667792975006417,6,-0.3318746804079313,-0.3398462390214126,-0.3430306556683349,-0.33522960122425904,-0.3388853663438724,-0.33777330853316206,0.0038584368056590176,0.6472204425835323
0.1417092800140381,0.0006003535748154331,0.008852338790893555,0.00022688118435408258,0.8,0.05,10,300,31,"{'colsample_bytree': 0.8, 'learning_rate': 0.05, 'min_child_samples': 10, 'n_estimators': 300, 'num_leaves': 31}",-0.7121361995545702,-0.6427173429045163,-0.6480321171416198,-0.6596548215919996,-0.5623090438330922,-0.6449699050051596,0.04811284038082634,2,-0.21367803656315762,-0.22161075216855874,-0.2248910545112635,-0.2137639032227063,-0.2133616368629517,-0.2174610766657276,0.004841699456719082,0.6449699050051596
0.019409799575805665,0.0004070877705965306,0.0021176815032958986,7.593718203377296e-05,0.8,0.05,20,100,7,"{'colsample_bytree': 0.8, 'learning_rate': 0.05, 'min_child_samples': 20, 'n_estimators': 100, 'num_leaves': 7}",-0.9583226943164459,-0.8658250661074669,-0.825884212296573,-0.9179334781041741,-0.7690273786561208,-0.867398565896156,0.06666900691663517,162,-0.725307831156556,-0.7485147043792452,-0.7547891468021516,-0.7809172313084162,-0.7640567090201175,-0.7547171245332972,0.018314230386821756,0.867398565896156
0.03241000175476074,0.0002227328058838276,0.00296168327331543,0.00014767535162735709,0.8,0.05,20,100,15,"{'colsample_bytree': 0.8, 'learning_rate': 0.05, 'min_child_samples': 20, 'n_estimators': 100, 'num_leaves': 15}",-0.8856798932906365,-0.8236083665479134,-0.7458070268283872,-0.8627619593914994,-0.649792767339525,-0.7935300026795923,0.08617105011554926,140,-0.6164048659436119,-0.6234650655220847,-0.658868594563675,-0.6450141888650313,-0.6499373426228185,-0.6387380115034442,0.01613745992209752,0.7935300026795923
0.053981447219848634,0.0004754286371652905,0.0037506103515625,0.0001997976940186774,0.8,0.05,20,100,31,"{'colsample_bytree': 0.8, 'learning_rate': 0.05, 'min_child_samples': 20, 'n_estimators': 100, 'num_leaves': 31}",-0.8486818768927429,-0.8195821543625212,-0.704942783929337,-0.852552177109447,-0.6143852060903513,-0.76802883967688,0.09369425575713092,121,-0.5293877061029935,-0.5521025922406428,-0.5866392881164559,-0.567676909224101,-0.5867190703325553,-0.5645051132033497,0.021819700676691027,0.76802883967688
0.03309469223022461,0.00018905251757250186,0.003778696060180664,0.00013323994082577745,0.8,0.05,20,200,7,"{'colsample_bytree': 0.8, 'learning_rate': 0.05, 'min_child_samples': 20, 'n_estimators': 200, 'num_leaves': 7}",-0.8555507017975096,-0.7568433646494,-0.743592614748416,-0.7947127601054628,-0.65920053590992,-0.7619799954421417,0.06442826866641595,116,-0.5898675334998849,-0.6121673954207981,-0.6028804533206337,-0.6202581956221065,-0.615047585348489,-0.6080442326423824,0.010698460830363452,0.7619799954421417
0.056842994689941403,0.00040251717761872807,0.005172157287597656,0.0002662433243090783,0.8,0.05,20,200,15,"{'colsample_bytree': 0.8, 'learning_rate': 0.05, 'min_child_samples': 20, 'n_estimators': 200, 'num_leaves': 15}",-0.8186965998378843,-0.7545032568343976,-0.7145861730540359,-0.8067709327483759,-0.5889418998889449,-0.7366997724727277,0.08279107614408557,92,-0.494260897839646,-0.5054390853967152,-0.530465500230022,-0.5097498629284694,-0.5199126517380717,-0.5119655996265848,0.012380333614828357,0.7366997724727277
0.09777340888977051,0.0008552985931073872,0.006838655471801758,0.00024346432108000607,0.8,0.05,20,200,31,"{'colsample_bytree': 0.8, 'learning_rate': 0.05, 'min_child_samples': 20, 'n_estimators': 200, 'num_leaves': 31}",-0.795155612371265,-0.780672578718362,-0.6960258481611638,-0.814691892111871,-0.579402349560552,-0.7331896561846427,0.08691226199461298,86,-0.40501897428782685,-0.43119119647526644,-0.45672106248547045,-0.42781515306650364,-0.4612816811245245,-0.4364056134879184,0.020579812848243256,0.7331896561846427
0.04608430862426758,0.0003682293440255259,0.005338907241821289,0.0001726251277827686,0.8,0.05,20,300,7,"{'colsample_bytree': 0.8, 'learning_rate': 0.05, 'min_child_samples': 20, 'n_estimators': 300, 'num_leaves': 7}",-0.8304520227879536,-0.7131885106170517,-0.7253724941543985,-0.7732595004045411,-0.630642267019813,-0.7345829589967516,0.06638218854511911,88,-0.5279151715789304,-0.5523659404976523,-0.5413642225959163,-0.5485330620839399,-0.5462064003672613,-0.5432769594247401,0.008467123529741705,0.7345829589967516
0.08194947242736816,0.0015139951476092239,0.007361793518066406,0.00046889006997228216,0.8,0.05,20,300,15,"{'colsample_bytree': 0.8, 'learning_rate': 0.05, 'min_child_samples': 20, 'n_estimators': 300, 'num_leaves': 15}",-0.7911453449719924,-0.7153457469956566,-0.7094170664839196,-0.8004758183619346,-0.5753226170224462,-0.7183413187671899,0.08073347141441956,70,-0.42433879708763267,-0.4316326786637955,-0.45812721223521535,-0.43638898821248606,-0.44669266048470246,-0.43943606733676643,0.011833192102521962,0.7183413187671899
0.14995317459106444,0.005054194272602884,0.011011075973510743,0.000438407501072949,0.8,0.05,20,300,31,"{'colsample_bytree': 0.8, 'learning_rate': 0.05, 'min_child_samples': 20, 'n_estimators': 300, 'num_leaves': 31}",-0.7754911517800277,-0.7561062417411364,-0.7033502503252148,-0.8047544868299684,-0.5721428262073535,-0.7223689913767402,0.08206966438559535,75,-0.3335115945297805,-0.3539545797625097,-0.38179188405871556,-0.3500599277807432,-0.3804121888876796,-0.3599460350038857,0.018593100176341946,0.7223689913767402
0.020331287384033205,0.00033785716650050425,0.0025918960571289064,6.54569774556673e-05,0.8,0.1,10,100,7,"{'colsample_bytree': 0.8, 'learning_rate': 0.1, 'min_child_samples': 10, 'n_estimators': 100, 'num_leaves': 7}",-0.842153104868872,-0.6923212440555869,-0.7389169886677759,-0.7037168492043646,-0.6530954555538,-0.7260407284700798,0.06419385342092117,81,-0.5580444506855821,-0.558237191583672,-0.562026639896689,-0.5642146545967786,-0.5685512091256181,-0.562214829177668,0.00393441445080721,0.7260407284700798
0.03449087142944336,0.0006222969247690881,0.0031290531158447267,8.656720880145804e-05,0.8,0.1,10,100,15,"{'colsample_bytree': 0.8, 'learning_rate': 0.1, 'min_child_samples': 10, 'n_estimators': 100, 'num_leaves': 15}",-0.7573668477954131,-0.661755805052744,-0.6748574580276795,-0.6580895225927489,-0.5872447988876001,-0.6678628864712371,0.054206963122045856,34,-0.4039533193250465,-0.4148210902704007,-0.41167727901678913,-0.40810892134019844,-0.41436114536406365,-0.4105843510632997,0.004086733659991135,0.6678628864712371
0.05607638359069824,0.0005991988665273914,0.0037900447845458985,0.00016698709288084264,0.8,0.1,10,100,31,"{'colsample_bytree': 0.8, 'learning_rate': 0.1, 'min_child_samples': 10, 'n_estimators': 100, 'num_leaves': 31}",-0.7120839519259868,-0.6764412595387278,-0.6620557270684231,-0.6684665934883878,-0.5984018035843447,-0.663489867121174,0.03685757512797109,24,-0.2811933260398958,-0.2989521747149142,-0.30135078298080387,-0.2824193023785352,-0.2945242382530095,-0.29168796487343174,0.008369334427200455,0.663489867121174
0.03278107643127441,0.0006842396629707011,0.003613996505737305,8.956233194859923e-05,0.8,0.1,10,200,7,"{'colsample_bytree': 0.8, 'learning_rate': 0.1, 'min_child_samples': 10, 'n_estimators': 200, 'num_leaves': 7}",-0.7884823751446497,-0.6434314420557133,-0.6879925751340547,-0.6595658190034182,-0.6067156159242469,-0.6772375654524165,0.061513523527168906,40,-0.45087233428362994,-0.4553543912597459,-0.4530112591424373,-0.4524981822928272,-0.46163655643857515,-0.45467454468344304,0.003765412992397019,0.6772375654524165
0.05490097999572754,0.000785277296030148,0.004567670822143555,9.578214121607331e-05,0.8,0.1,10,200,15,"{'colsample_bytree': 0.8, 'learning_rate': 0.1, 'min_child_samples': 10, 'n_estimators': 200, 'num_leaves': 15}",-0.7240080411605239,-0.640113843828717,-0.6533581257176495,-0.6494895102126114,-0.5660931702735362,-0.6466125382386075,0.05013869850173748,5,-0.2897977758403392,-0.2900858352282706,-0.29258138920184684,-0.29260756301549073,-0.29533797783764726,-0.292082108224719,0.002016400331597456,0.6466125382386075
0.09548745155334473,0.0005436017136327414,0.005941581726074219,0.00013589987837866782,0.8,0.1,10,200,31,"{'colsample_bytree': 0.8, 'learning_rate': 0.1, 'min_child_samples': 10, 'n_estimators': 200, 'num_leaves': 31}",-0.6880802351927531,-0.6605653475340001,-0.6567652227907147,-0.6680002243298039,-0.5955604391952664,-0.6537942938085075,0.031058620862062618,15,-0.15814655267390956,-0.1858633438820059,-0.17567610151007262,-0.16123981389005665,-0.17173530571272008,-0.17053222353375294,0.010027002125579351,0.6537942938085075
0.04436063766479492,0.00042936560896328845,0.004729270935058594,5.951817916656156e-05,0.8,0.1,10,300,7,"{'colsample_bytree': 0.8, 'learning_rate': 0.1, 'min_child_samples': 10, 'n_estimators': 300, 'num_leaves': 7}",-0.7694254052625626,-0.6219893074678313,-0.6676387166397189,-0.6484683523287088,-0.5822132747909257,-0.6579470112979495,0.062673378334451,20,-0.39035316562809785,-0.3895821735026556,-0.3860604804230958,-0.38434788261158415,-0.39248065871178067,-0.38856487217544283,0.0029536844344729587,0.6579470112979495
0.07626614570617676,0.0008159723583469494,0.00633692741394043,0.00010928614590292106,0.8,0.1,10,300,15,"{'colsample_bytree': 0.8, 'learning_rate': 0.1, 'min_child_samples': 10, 'n_estimators': 300, 'num_leaves': 15}",-0.7120954565946169,-0.6353688611214554,-0.6494354715080799,-0.6430473935536242,-0.5593355746150094,-0.6398565514785571,0.04862954590420996,1,-0.21930315613475865,-0.22043185015650366,-0.2221943179394088,-0.2188636535829172,-0.2240025212082766,-0.22095909980437298,0.001907837214124279,0.6398565514785571
0.1442948818206787,0.004185376328729026,0.008860540390014649,0.0003461136694399065,0.8,0.1,10,300,31,"{'colsample_bytree': 0.8, 'learning_rate': 0.1, 'min_child_samples': 10, 'n_estimators': 300, 'num_leaves': 31}",-0.6772806615249892,-0.6571601869406243,-0.6559130731963858,-0.6710460275693226,-0.5920784859229508,-0.6506956870308546,0.0304167203100319,9,-0.09653143499917868,-0.12303317904254593,-0.1077553394992134,-0.09492215283724308,-0.10810643219398437,-0.1060697077144331,0.010099461240578143,0.6506956870308546
0.02006220817565918,0.0006043402050343042,0.002467060089111328,7.910591926799203e-05,0.8,0.1,20,100,7,"{'colsample_bytree': 0.8, 'learning_rate': 0.1, 'min_child_samples': 20, 'n_estimators': 100, 'num_leaves': 7}",-0.8570011661965454,-0.772156594895181,-0.7674917438572267,-0.8077260416449553,-0.6774114896980984,-0.7763574072584013,0.058947346832329904,132,-0.6055440561010598,-0.6164983943523547,-0.6137783159617193,-0.6321977027053982,-0.6267441558287518,-0.6189525249898566,0.009473399369186524,0.7763574072584013
0.03195967674255371,0.0006211714778461355,0.002996015548706055,3.0704536561187357e-05,0.8,0.1,20,100,15,"{'colsample_bytree': 0.8, 'learning_rate': 0.1, 'min_child_samples': 20, 'n_estimators': 100, 'num_leaves': 15}",-0.795753104828185,-0.779357534154442,-0.713900398138646,-0.8354921215426379,-0.6210454899312371,-0.7491097297190294,0.07509007694052033,104,-0.4944354889751727,-0.5079470760418558,-0.5210205673065278,-0.5228057646483607,-0.5211049670839034,-0.5134627728111641,0.010911235754328643,0.7491097297190294
0.05378932952880859,0.0011473274315776702,0.003981447219848633,0.00020459562768376623,0.8,0.1,20,100,31,"{'colsample_bytree': 0.8, 'learning_rate': 0.1, 'min_child_samples': 20, 'n_estimators': 100, 'num_leaves': 31}",-0.7970890704181856,-0.774318303943364,-0.6945394708775036,-0.8332951154798753,-0.5767570924700726,-0.7351998106378003,0.09136802941567893,90,-0.41780073129786394,-0.4218880553266196,-0.4412991250129394,-0.4199468031593094,-0.44138459788203965,-0.42846386253575447,0.010594085835191752,0.7351998106378003
0.033287858963012694,0.0015221884967735072,0.003752279281616211,8.112910268336215e-05,0.8,0.1,20,200,7,"{'colsample_bytree': 0.8, 'learning_rate': 0.1, 'min_child_samples': 20, 'n_estimators': 200, 'num_leaves': 7}",-0.8050061914663843,-0.6982022072057202,-0.7309530151528543,-0.7640990161272315,-0.6184569491403659,-0.7233434758185112,0.06327872493624981,78,-0.49846067963813456,-0.5116870421643588,-0.4907254970334502,-0.5037262265559881,-0.5001605202141008,-0.5009519931212065,0.006846195199905684,0.7233434758185112
0.05779776573181152,0.0009660620397025035,0.005271148681640625,0.00019513976805520712,0.8,0.1,20,200,15,"{'colsample_bytree': 0.8, 'learning_rate': 0.1, 'min_child_samples': 20, 'n_estimators': 200, 'num_leaves': 15}",-0.755721271407403,-0.7305105987543219,-0.7161717431916276,-0.8197696559977267,-0.5991431859778807,-0.724263291065792,0.07193137419408874,79,-0.3630805694640773,-0.3868958308103015,-0.39217589093168687,-0.39661429859462827,-0.3866406783801023,-0.3850814536361592,0.011602582506164706,0.724263291065792
0.10204410552978516,0.001972874191556186,0.007601022720336914,0.00032968219041750813,0.8,0.1,20,200,31,"{'colsample_bytree': 0.8, 'learning_rate': 0.1, 'min_child_samples': 20, 'n_estimators': 200, 'num_leaves': 31}",-0.7704891691217048,-0.7398953585298202,-0.7110261313671843,-0.8137762633061157,-0.5739032229968551,-0.7218180290643361,0.08142142404777747,74,-0.2702384989221736,-0.2922703782520566,-0.30355578188009286,-0.2840500455844463,-0.2998273228968404,-0.28998840550712196,0.011928187836730305,0.7218180290643361
0.046065568923950195,0.0016953920047319225,0.0051440238952636715,0.00017740300798480777,0.8,0.1,20,300,7,"{'colsample_bytree': 0.8, 'learning_rate': 0.1, 'min_child_samples': 20, 'n_estimators': 300, 'num_leaves': 7}",-0.7814304331172379,-0.6729251694796262,-0.7160399221381657,-0.7611338677603147,-0.5988827085952692,-0.7060824202181227,0.06541913820493525,57,-0.43203373465001244,-0.44337075009777066,-0.4241429461811426,-0.4326735011080228,-0.43156150089728124,-0.43275648658684596,0.00614512678388637,0.7060824202181227
0.07703628540039062,0.0004913100076557969,0.006931924819946289,0.00017728133494098765,0.8,0.1,20,300,15,"{'colsample_bytree': 0.8, 'learning_rate': 0.1, 'min_child_samples': 20, 'n_estimators': 300, 'num_leaves': 15}",-0.7349178706119259,-0.7160133233043668,-0.725235178800053,-0.8015975469960083,-0.5987061380347857,-0.715294011549428,0.06561321900570928,66,-0.2798809074718785,-0.31148465055179425,-0.31027253745600447,-0.293894978267631,-0.3053372294095651,-0.30017406063137464,0.01189794882190211,0.715294011549428
0.13795709609985352,0.002417880264315321,0.010490703582763671,0.0004939236033534541,0.8,0.1,20,300,31,"{'colsample_bytree': 0.8, 'learning_rate': 0.1, 'min_child_samples': 20, 'n_estimators': 300, 'num_leaves': 31}",-0.7588217688407503,-0.7220651794688042,-0.713648443452822,-0.8072894508322657,-0.5707820557888074,-0.7145213796766898,0.07910386042503009,65,-0.18623508284560064,-0.21380814492460615,-0.212331217962518,-0.18756384539810217,-0.20783824094478087,-0.20155530641512157,0.012134231076847708,0.7145213796766898
0.022220849990844727,0.0009392389458908352,0.0019941806793212892,8.271639083143976e-05,0.9,0.01,10,100,7,"{'colsample_bytree': 0.9, 'learning_rate': 0.01, 'min_child_samples': 10, 'n_estimators': 100, 'num_leaves': 7}",-1.875482675329353,-1.840478448172831,-1.7330657296902776,-1.9102261385323525,-1.802840643872383,-1.8324187271194394,0.061187150802095275,213,-1.7693579935189865,-1.7834184696746256,-1.7932136666900507,-1.7759110565908462,-1.7914735827576378,-1.7826749538464295,0.009078820334724244,1.8324187271194394
0.038676881790161134,0.00014274155175641364,0.002428770065307617,0.00014796357672370813,0.9,0.01,10,100,15,"{'colsample_bytree': 0.9, 'learning_rate': 0.01, 'min_child_samples': 10, 'n_estimators': 100, 'num_leaves': 15}",-1.7065255684680853,-1.6326180805155597,-1.550745533289207,-1.715929281655885,-1.5826500449317455,-1.6376937017720965,0.0655350012201634,206,-1.5614754868633154,-1.5769857485994527,-1.5835144732296138,-1.5687686965535694,-1.5859827647848364,-1.5753454340061572,0.009145551368396353,1.6376937017720965
0.0650667667388916,0.0008517448850231958,0.0028037071228027345,0.00010559220533620251,0.9,0.01,10,100,31,"{'colsample_bytree': 0.9, 'learning_rate': 0.01, 'min_child_samples': 10, 'n_estimators': 100, 'num_leaves': 31}",-1.637044981351325,-1.550753710448876,-1.459537411775108,-1.6467143802072577,-1.4831268382553304,-1.5554354644075796,0.07673180104782115,200,-1.4567819232065742,-1.4716634684411796,-1.478497584115966,-1.4679666221829104,-1.4788437748424492,-1.4707506745578158,0.008114468984866842,1.5554354644075796
0.039301156997680664,0.0003304117493720144,0.003005504608154297,4.239776884836163e-05,0.9,0.01,10,200,7,"{'colsample_bytree': 0.9, 'learning_rate': 0.01, 'min_child_samples': 10, 'n_estimators': 200, 'num_leaves': 7}",-1.2974018960412144,-1.2343045962370451,-1.1559714607733098,-1.259590857108818,-1.1607827331433889,-1.2216103086607553,0.05541928186190626,194,-1.1439895091920609,-1.1475363773879605,-1.150684351031881,-1.1555250466557556,-1.1649647911597996,-1.1525400150854916,0.0072784133476160645,1.2216103086607553
0.06967287063598633,0.0007339942837080766,0.0038360118865966796,7.816910081065827e-05,0.9,0.01,10,200,15,"{'colsample_bytree': 0.9, 'learning_rate': 0.01, 'min_child_samples': 10, 'n_estimators': 200, 'num_leaves': 15}",-1.1521001709225398,-1.049872341709098,-0.9847683231003708,-1.0590996396368102,-0.9607938018431511,-1.041326855442394,0.06684918087564251,187,-0.926213338241459,-0.9360816889862014,-0.9421541253545546,-0.9351852206588971,-0.946693477447946,-0.9372655701378116,0.006937790235830731,1.041326855442394
0.12364187240600585,0.0011120252250006587,0.004662561416625977,0.0001297168334704877,0.9,0.01,10,200,31,"{'colsample_bytree': 0.9, 'learning_rate': 0.01, 'min_child_samples': 10, 'n_estimators': 200, 'num_leaves': 31}",-1.0775321719083841,-0.9708756343148417,-0.9050000771687565,-0.98736428020214,-0.8651444849315434,-0.9611833297051332,0.07307045037581612,169,-0.7988135410656958,-0.8141040090220926,-0.8215194572209652,-0.8165582860308391,-0.829064562298141,-0.8160119711275466,0.010004272240374696,0.9611833297051332
0.05561056137084961,0.0003253187605379572,0.004349708557128906,8.582393301763767e-05,0.9,0.01,10,300,7,"{'colsample_bytree': 0.9, 'learning_rate': 0.01, 'min_child_samples': 10, 'n_estimators': 300, 'num_leaves': 7}",-1.09621981196649,-0.9581214363268296,-0.9310135547349591,-0.988592592621976,-0.8944917649565729,-0.9736878321213656,0.06866099570090872,174,-0.8747577518075148,-0.8783923248893153,-0.8851846644700943,-0.8870339448902949,-0.8895355819643967,-0.8829808536043233,0.005530330805801548,0.9736878321213656
0.10245709419250489,0.000549173489661936,0.005489826202392578,0.00010759743570322943,0.9,0.01,10,300,15,"{'colsample_bytree': 0.9, 'learning_rate': 0.01, 'min_child_samples': 10, 'n_estimators': 300, 'num_leaves': 15}",-0.9716192339698505,-0.8360528535833692,-0.8029157507698016,-0.8134774095890596,-0.7406744321408623,-0.8329479360105886,0.07620341522097938,150,-0.684991525636339,-0.7011812247840151,-0.7045172664476469,-0.7004288880260423,-0.7064962053561908,-0.6995230220500468,0.007593449545747362,0.8329479360105886
0.18840889930725097,0.0032868480965859625,0.0069582462310791016,0.0001649201819978224,0.9,0.01,10,300,31,"{'colsample_bytree': 0.9, 'learning_rate': 0.01, 'min_child_samples': 10, 'n_estimators': 300, 'num_leaves': 31}",-0.9126823067268648,-0.7773410386390259,-0.7392688393138835,-0.7655856870330949,-0.6706660286009953,-0.7731087800627728,0.07898726125621687,129,-0.5664239752840576,-0.5850621870647897,-0.5935589858602999,-0.5813935117478072,-0.6013251849660813,-0.5855527689846072,0.011801012281778175,0.7731087800627728
0.022573184967041016,0.0005319054999457637,0.0020737648010253906,8.471492227100417e-05,0.9,0.01,20,100,7,"{'colsample_bytree': 0.9, 'learning_rate': 0.01, 'min_child_samples': 20, 'n_estimators': 100, 'num_leaves': 7}",-1.9170837708067558,-1.8411203094659168,-1.7430974389990113,-1.9237493766811,-1.8143079710144476,-1.8478717733934462,0.06737578720833862,214,-1.787853595513583,-1.8009112338900708,-1.8170618728725325,-1.797709277484935,-1.810575207962697,-1.8028222375447638,0.010165926464110131,1.8478717733934462
0.03841466903686523,0.000917463557429669,0.002495145797729492,0.00010016402346460556,0.9,0.01,20,100,15,"{'colsample_bytree': 0.9, 'learning_rate': 0.01, 'min_child_samples': 20, 'n_estimators': 100, 'num_leaves': 15}",-1.7513269460851248,-1.6665748850918132,-1.5646853590158707,-1.7401236014980443,-1.6020985100309146,-1.6649618603443535,0.07364508774984585,209,-1.6007847327043137,-1.6137765049180806,-1.63065866750191,-1.609339433822872,-1.6265539433589642,-1.6162226564612283,0.011016585722587069,1.6649618603443535
0.06212782859802246,0.0009546103890289197,0.0028235912322998047,8.028711578732969e-05,0.9,0.01,20,100,31,"{'colsample_bytree': 0.9, 'learning_rate': 0.01, 'min_child_samples': 20, 'n_estimators': 100, 'num_leaves': 31}",-1.6703182135975383,-1.6067999121990786,-1.4916612595379437,-1.6757504024037713,-1.5125195762199624,-1.591409872791659,0.07713646250141346,203,-1.5081218446582503,-1.5262639758823018,-1.5458077569697386,-1.5261477533384473,-1.5334876527272352,-1.5279657967151947,0.012237731396363824,1.591409872791659
0.03922181129455567,0.00024560388328206885,0.0031674385070800783,6.04548659468697e-05,0.9,0.01,20,200,7,"{'colsample_bytree': 0.9, 'learning_rate': 0.01, 'min_child_samples': 20, 'n_estimators': 200, 'num_leaves': 7}",-1.3554486575344347,-1.270718454139353,-1.1684984046788895,-1.319402604074272,-1.190323443549083,-1.2608783127952063,0.07207982818154171,197,-1.1774342603382604,-1.1796073474119526,-1.1943884061986156,-1.2005716578978383,-1.2017174911383002,-1.1907438325969935,0.01030976493087822,1.2608783127952063
0.06952314376831055,0.0007824069780737888,0.003945779800415039,0.00011824027084965795,0.9,0.01,20,200,15,"{'colsample_bytree': 0.9, 'learning_rate': 0.01, 'min_child_samples': 20, 'n_estimators': 200, 'num_leaves': 15}",-1.2097431793081386,-1.1337281795444558,-0.9991625836517721,-1.1406791482194556,-0.9922207796907487,-1.0951067740829141,0.0854409447124498,191,-0.9920124686775662,-0.9960472857275626,-1.0188710756939205,-1.0141937457998578,-1.0135244379644788,-1.0069298027726774,0.0107685107079583,1.0951067740829141
0.11676945686340331,0.003158078504661256,0.004837894439697265,0.00011586579752606186,0.9,0.01,20,200,31,"{'colsample_bytree': 0.9, 'learning_rate': 0.01, 'min_child_samples': 20, 'n_estimators': 200, 'num_leaves': 31}",-1.132861507186933,-1.0788200497634715,-0.9310576561828118,-1.078681668406689,-0.8999160125077988,-1.0242673788095407,0.09152148188472196,183,-0.8840883835515185,-0.8992383165722199,-0.9246226057401273,-0.9175185441175148,-0.9215830759758952,-0.9094101851914551,0.015427268345190988,1.0242673788095407
0.055664777755737305,0.0007888707103057569,0.004372692108154297,0.00010002841186268095,0.9,0.01,20,300,7,"{'colsample_bytree': 0.9, 'learning_rate': 0.01, 'min_child_samples': 20, 'n_estimators': 300, 'num_leaves': 7}",-1.1201246054707072,-1.0315340542485099,-0.9416604341431384,-1.0741247896640131,-0.9275735559579682,-1.0190034878968675,0.07451474194987721,180,-0.9185483460360353,-0.9209456318248116,-0.9399282699661827,-0.9526164813282857,-0.9409042212646503,-0.9345885900839932,0.012936954667542175,1.0190034878968675
0.09906520843505859,0.0010649486695233062,0.0056895256042480465,0.000175069877856571,0.9,0.01,20,300,15,"{'colsample_bytree': 0.9, 'learning_rate': 0.01, 'min_child_samples': 20, 'n_estimators': 300, 'num_leaves': 15}",-1.0018804474621394,-0.9418956041178782,-0.8195829357369611,-0.9424037937140038,-0.7748381980038334,-0.8961201958069631,0.0848411049451377,165,-0.7676258664682288,-0.7722266455592851,-0.8023268010359461,-0.7973702969934969,-0.7933633857987067,-0.7865825991711327,0.013969141010314035,0.8961201958069631
0.1774460792541504,0.00391878594781288,0.007281017303466797,0.00033234846635817956,0.9,0.01,20,300,31,"{'colsample_bytree': 0.9, 'learning_rate': 0.01, 'min_child_samples': 20, 'n_estimators': 300, 'num_leaves': 31}",-0.9427292967843891,-0.9138476127889645,-0.7783040574638678,-0.9160853959019388,-0.697859771620808,-0.8497652269119937,0.09521470618333668,155,-0.6722899774844775,-0.685542780142006,-0.7207089905257169,-0.7120943350021476,-0.7168626302595275,-0.701499742682775,0.019105464874053128,0.8497652269119937
0.022402429580688478,0.0007871483264665455,0.002140331268310547,9.686596833819053e-05,0.9,0.03,10,100,7,"{'colsample_bytree': 0.9, 'learning_rate': 0.03, 'min_child_samples': 10, 'n_estimators': 100, 'num_leaves': 7}",-1.105603189494634,-0.9615545346006279,-0.9404773708401913,-0.9837821495053637,-0.8999748975094226,-0.978278428390048,0.06940019778097974,175,-0.8736389477299377,-0.8825662105895502,-0.8849894101202531,-0.8894112106943857,-0.8938731216250404,-0.8848957801518335,0.00682837769901932,0.978278428390048
0.03823809623718262,0.0012488925148584995,0.0026257991790771484,9.822991286741555e-05,0.9,0.03,10,100,15,"{'colsample_bytree': 0.9, 'learning_rate': 0.03, 'min_child_samples': 10, 'n_estimators': 100, 'num_leaves': 15}",-0.9495543339152261,-0.8407701950981955,-0.8030898585584106,-0.8213299984944223,-0.7426545094485196,-0.8314797791029548,0.06756751658539877,148,-0.6888215678967807,-0.6997588728204939,-0.7039626031803522,-0.7029185065066008,-0.709203001077383,-0.7009329102963221,0.006776120003695061,0.8314797791029548
0.06731486320495605,0.001236020441126571,0.0035077571868896485,7.90543088533804e-05,0.9,0.03,10,100,31,"{'colsample_bytree': 0.9, 'learning_rate': 0.03, 'min_child_samples': 10, 'n_estimators': 100, 'num_leaves': 31}",-0.9179684025567465,-0.7726715335068779,-0.7293626492215293,-0.7678971079044665,-0.6701079621365323,-0.7716015310652306,0.08188186172734918,124,-0.565174344530757,-0.5778248052465573,-0.5922628960033951,-0.5780949191305285,-0.6037421969036716,-0.5834198323629819,0.013294774392035623,0.7716015310652306
0.040410327911376956,0.001176596701446684,0.003847694396972656,9.760899723034252e-05,0.9,0.03,10,200,7,"{'colsample_bytree': 0.9, 'learning_rate': 0.03, 'min_child_samples': 10, 'n_estimators': 200, 'num_leaves': 7}",-0.9177783029568896,-0.7224254351214293,-0.7497337136732138,-0.7309241397787344,-0.683664302238885,-0.7609051787538303,0.08133841048620812,114,-0.6176021117959747,-0.6340527315074085,-0.6282500880697803,-0.632878425275366,-0.6384337274981016,-0.6302434168293262,0.007103679175867681,0.7609051787538303
0.06956281661987304,0.002030485221970966,0.004964971542358398,0.00012744248949130398,0.9,0.03,10,200,15,"{'colsample_bytree': 0.9, 'learning_rate': 0.03, 'min_child_samples': 10, 'n_estimators': 200, 'num_leaves': 15}",-0.828683597374104,-0.6860900363238391,-0.6920421343705949,-0.6609451106935905,-0.5932773828028326,-0.6922076523129923,0.07671724830279204,52,-0.4850334595065076,-0.4987219242200602,-0.503622557128239,-0.4984943777265169,-0.5001751050076979,-0.49720948471780435,0.006357930711847407,0.6922076523129923
0.11745567321777343,0.0010627887890739603,0.006060552597045898,0.0002243504083323487,0.9,0.03,10,200,31,"{'colsample_bytree': 0.9, 'learning_rate': 0.03, 'min_child_samples': 10, 'n_estimators': 200, 'num_leaves': 31}",-0.7947139448933582,-0.6664327584243007,-0.6470390078572495,-0.6638029864419923,-0.56129441150451,-0.6666566218242821,0.07468991562796419,31,-0.37233571379967484,-0.3862205358594643,-0.40299321004985733,-0.3752181166930228,-0.3812047524386604,-0.38359446576813594,0.010824425835532675,0.6666566218242821
0.052756881713867186,0.00045935618532653424,0.0054531097412109375,7.874226123963976e-05,0.9,0.03,10,300,7,"{'colsample_bytree': 0.9, 'learning_rate': 0.03, 'min_child_samples': 10, 'n_estimators': 300, 'num_leaves': 7}",-0.8620080613544444,-0.6636835515220086,-0.7021848906959675,-0.6775474018086939,-0.6375253447953239,-0.7085898500352876,0.07950917457950762,61,-0.5479200578908157,-0.5602031917133169,-0.5532474666069341,-0.5558508632174068,-0.5614726858220687,-0.5557388530501084,0.004902249858716181,0.7085898500352876
0.09297199249267578,0.0007577290145885587,0.006935548782348633,0.00011941095460581834,0.9,0.03,10,300,15,"{'colsample_bytree': 0.9, 'learning_rate': 0.03, 'min_child_samples': 10, 'n_estimators': 300, 'num_leaves': 15}",-0.797508764244094,-0.6545411205242849,-0.6656810805282578,-0.6319215310453982,-0.5703941651591184,-0.6640093323002306,0.07444187882359536,26,-0.41597264018106506,-0.429178565821683,-0.42956118422230033,-0.42187635038540694,-0.42379287097080803,-0.4240763223162527,0.005034013989392981,0.6640093323002306
0.16256513595581054,0.004200870564293312,0.00877375602722168,0.00025437192734362944,0.9,0.03,10,300,31,"{'colsample_bytree': 0.9, 'learning_rate': 0.03, 'min_child_samples': 10, 'n_estimators': 300, 'num_leaves': 31}",-0.7668622068266191,-0.659029127307216,-0.6377517417666947,-0.654523813334801,-0.5569332343149597,-0.6550200247100582,0.06699881323692457,16,-0.29791204205427124,-0.3154277506224233,-0.3283622483068796,-0.3022194848725069,-0.300615566666579,-0.308907418504532,0.01144890125748146,0.6550200247100582
0.021138858795166016,0.00029751143953305034,0.002061605453491211,4.9044735828771185e-05,0.9,0.03,20,100,7,"{'colsample_bytree': 0.9, 'learning_rate': 0.03, 'min_child_samples': 20, 'n_estimators': 100, 'num_leaves': 7}",-1.1197907239779814,-1.03240172939907,-0.949280238304722,-1.0762667580872765,-0.9367069535534246,-1.022889280664495,0.07095803846864242,182,-0.9174121990528088,-0.9245216245495114,-0.9374634395583628,-0.9520208693788367,-0.9458795743412614,-0.9354595413761562,0.012901277995404825,1.022889280664495
0.03570623397827148,0.00042593945648282297,0.0026740550994873045,5.724457391580814e-05,0.9,0.03,20,100,15,"{'colsample_bytree': 0.9, 'learning_rate': 0.03, 'min_child_samples': 20, 'n_estimators': 100, 'num_leaves': 15}",-0.999595412904518,-0.9288490761700303,-0.8144528528147029,-0.9559688572781947,-0.7732817476040689,-0.8944295893543031,0.08614489069065663,164,-0.7591654409430413,-0.7691906831555076,-0.799954850518294,-0.7978893112328591,-0.7940695174341355,-0.7840539606567675,0.016642848512994586,0.8944295893543031
0.059918785095214845,0.00043772772237892963,0.003244161605834961,7.72676324234036e-05,0.9,0.03,20,100,31,"{'colsample_bytree': 0.9, 'learning_rate': 0.03, 'min_child_samples': 20, 'n_estimators': 100, 'num_leaves': 31}",-0.9414495622624101,-0.8990342636748065,-0.7733324614348693,-0.9297081389202326,-0.6965170813462014,-0.8480083015277039,0.09647367758756333,154,-0.6756418821170094,-0.6842350538333747,-0.7204751411522552,-0.7108910284661936,-0.7167387973615361,-0.7015963805860739,0.018150165414822405,0.8480083015277039
0.03636741638183594,0.0002008724282826191,0.003654623031616211,2.6599906873235026e-05,0.9,0.03,20,200,7,"{'colsample_bytree': 0.9, 'learning_rate': 0.03, 'min_child_samples': 20, 'n_estimators': 200, 'num_leaves': 7}",-0.9352380179807451,-0.8366632488306501,-0.7860217691691636,-0.850874762069273,-0.7108812917935361,-0.8239358179686735,0.07415480418446976,146,-0.677323949365933,-0.6983718246056224,-0.6947971788110083,-0.7094608692417097,-0.7034468276401574,-0.6966801299328862,0.010864663428522195,0.8239358179686735
0.06501221656799316,0.0005545752475273251,0.004902172088623047,0.00014885229367631985,0.9,0.03,20,200,15,"{'colsample_bytree': 0.9, 'learning_rate': 0.03, 'min_child_samples': 20, 'n_estimators': 200, 'num_leaves': 15}",-0.870924064074396,-0.7952523518238555,-0.7252530863575728,-0.8282739886591945,-0.6304127139560533,-0.7700232409742144,0.08450573914368603,123,-0.5817696285474648,-0.586932446109548,-0.6255788801906158,-0.6057906538678521,-0.615104808288926,-0.6030352834008814,0.01657111160319249,0.7700232409742144
0.1103281021118164,0.0015681964277259569,0.006298351287841797,0.00015232595671175274,0.9,0.03,20,200,31,"{'colsample_bytree': 0.9, 'learning_rate': 0.03, 'min_child_samples': 20, 'n_estimators': 200, 'num_leaves': 31}",-0.8322191521906719,-0.7931121040978757,-0.7097120560409167,-0.8265831882679587,-0.5877482049827417,-0.749874941116033,0.09212199785950681,106,-0.5105285000761564,-0.5212651610084224,-0.5593839144566278,-0.5274560925035082,-0.5592712102328224,-0.5355809756555074,0.020131517169828077,0.749874941116033
0.050477218627929685,0.00012535135628396544,0.005412960052490234,0.00023375346373961947,0.9,0.03,20,300,7,"{'colsample_bytree': 0.9, 'learning_rate': 0.03, 'min_child_samples': 20, 'n_estimators': 300, 'num_leaves': 7}",-0.8906497408544017,-0.7709553728934915,-0.7446119418687814,-0.7950149690419622,-0.6591852621798895,-0.7720834573677052,0.07494768445064728,126,-0.6067131753248943,-0.6253244392882553,-0.6157661834568903,-0.6274771115151997,-0.6223332582828559,-0.6195228335736191,0.00752366158243372,0.7720834573677052
0.09020271301269531,0.0008863874951182695,0.00704350471496582,0.0003341786459468355,0.9,0.03,20,300,15,"{'colsample_bytree': 0.9, 'learning_rate': 0.03, 'min_child_samples': 20, 'n_estimators': 300, 'num_leaves': 15}",-0.8401205939795405,-0.7578001065243314,-0.7150334376791312,-0.8015729869598,-0.6056636780483027,-0.7440381606382211,0.08089530613969732,101,-0.5153237373270082,-0.524125521152531,-0.5569279759032867,-0.5325291439370694,-0.5491286121149277,-0.5356069980869645,0.015428067324105454,0.7440381606382211
0.1582921028137207,0.0013352971108432125,0.00972280502319336,0.00027408169303013027,0.9,0.03,20,300,31,"{'colsample_bytree': 0.9, 'learning_rate': 0.03, 'min_child_samples': 20, 'n_estimators': 300, 'num_leaves': 31}",-0.8046294103672337,-0.7705585759932124,-0.7075509500321593,-0.8129891072125652,-0.572681774453634,-0.7336819636117609,0.08864190718573359,87,-0.43841671544511884,-0.4555081794532608,-0.4874859180927359,-0.45376913048422474,-0.4917646117645108,-0.4653889110479702,0.020707983008780483,0.7336819636117609
0.021268033981323244,0.0009527418656414751,0.0021635055541992187,6.653195937729343e-05,0.9,0.05,10,100,7,"{'colsample_bytree': 0.9, 'learning_rate': 0.05, 'min_child_samples': 10, 'n_estimators': 100, 'num_leaves': 7}",-0.9300470915512155,-0.7612191592144311,-0.7831006693580586,-0.783313563525287,-0.7238057239035623,-0.796297241510511,0.070309657628293,142,-0.6633303468060684,-0.6837869507945519,-0.6787170997419086,-0.6877582714558282,-0.6861889168860779,-0.679956317136887,0.008858307899830218,0.796297241510511
0.03574519157409668,0.0005967128728349834,0.0028120040893554687,9.414927206359458e-05,0.9,0.05,10,100,15,"{'colsample_bytree': 0.9, 'learning_rate': 0.05, 'min_child_samples': 10, 'n_estimators': 100, 'num_leaves': 15}",-0.8474601906144215,-0.691913885352599,-0.7215595258164738,-0.6980392301881364,-0.6212950547600858,-0.7160535773463432,0.07373524600211419,67,-0.5243642121697453,-0.5378163217936873,-0.5429684275369266,-0.5348447684059578,-0.5449268627820558,-0.5369841185376746,0.007258519936059664,0.7160535773463432
0.06142411231994629,0.0007125793387592137,0.0034926891326904296,8.19003876193583e-05,0.9,0.05,10,100,31,"{'colsample_bytree': 0.9, 'learning_rate': 0.05, 'min_child_samples': 10, 'n_estimators': 100, 'num_leaves': 31}",-0.7925517171439352,-0.6755622384411057,-0.6853648982250781,-0.6836035372867171,-0.5816154503634253,-0.6837395682920524,0.06684152620307413,48,-0.4233734442169261,-0.4310198644489608,-0.4399154706813425,-0.4223326512164508,-0.4285156236403079,-0.42903141084079766,0.00631773234036061,0.6837395682920524
0.03594026565551758,0.000528778474095595,0.003861093521118164,9.006147506993129e-05,0.9,0.05,10,200,7,"{'colsample_bytree': 0.9, 'learning_rate': 0.05, 'min_child_samples': 10, 'n_estimators': 200, 'num_leaves': 7}",-0.8329235595167832,-0.6553091132243741,-0.6952670123007028,-0.6845165663856594,-0.636086217003226,-0.7008204936861491,0.06929601941232798,54,-0.5322162144530375,-0.5502875708710642,-0.542100251814326,-0.5530898978562275,-0.5497352791208675,-0.5454858428231045,0.007569428216192846,0.7008204936861491
0.06194734573364258,0.001223922903237437,0.005028486251831055,9.467721555034285e-05,0.9,0.05,10,200,15,"{'colsample_bytree': 0.9, 'learning_rate': 0.05, 'min_child_samples': 10, 'n_estimators': 200, 'num_leaves': 15}",-0.7922242795750465,-0.6412742993156475,-0.6787612167292424,-0.6518610981790622,-0.5712890236731533,-0.6670819834944304,0.07193191478204639,32,-0.40170309988122943,-0.4124045618803364,-0.415005385241818,-0.4019623116243904,-0.4074090218094945,-0.40769687608745375,0.005375314957481189,0.6670819834944304
0.10706348419189453,0.0035716061248202507,0.006279802322387696,0.00017934184665815194,0.9,0.05,10,200,31,"{'colsample_bytree': 0.9, 'learning_rate': 0.05, 'min_child_samples': 10, 'n_estimators': 200, 'num_leaves': 31}",-0.7267100116198657,-0.6622695683941803,-0.6653725978026043,-0.6672741181207216,-0.5673334943164755,-0.6577919580507695,0.05118565858118484,19,-0.2845959305187075,-0.30317979423986297,-0.3050601227549418,-0.2872916168632169,-0.28832562891604996,-0.29369061865855584,0.008622688303373314,0.6577919580507695
0.04973821640014649,0.000453559960245599,0.005131769180297852,0.0001600090586772469,0.9,0.05,10,300,7,"{'colsample_bytree': 0.9, 'learning_rate': 0.05, 'min_child_samples': 10, 'n_estimators': 300, 'num_leaves': 7}",-0.7983290080067696,-0.6307124379052281,-0.6733850578139093,-0.6654151616177578,-0.610049709400793,-0.6755782749488916,0.06554811633700715,39,-0.47755382840488325,-0.49109102371788715,-0.4859557467564307,-0.4937476474647956,-0.4912892748796875,-0.4879275042447368,0.005773809875360757,0.6755782749488916
0.0858163833618164,0.0014830066683842614,0.00672454833984375,0.00028210281916449915,0.9,0.05,10,300,15,"{'colsample_bytree': 0.9, 'learning_rate': 0.05, 'min_child_samples': 10, 'n_estimators': 300, 'num_leaves': 15}",-0.7703851152025786,-0.6296355865802996,-0.6582435749991998,-0.6432696229136182,-0.557334468787221,-0.6517736736965835,0.06869018981455163,13,-0.3344970870410186,-0.3460271046197017,-0.3410848547472453,-0.3319221917354171,-0.33657066941255,-0.3380203815111866,0.0050040343480975335,0.6517736736965835
0.15351195335388185,0.001307517514972647,0.00909285545349121,0.00019359931566931014,0.9,0.05,10,300,31,"{'colsample_bytree': 0.9, 'learning_rate': 0.05, 'min_child_samples': 10, 'n_estimators': 300, 'num_leaves': 31}",-0.7078731173227285,-0.6552649995802542,-0.6590255710649281,-0.6664503762319594,-0.5632746157368911,-0.6503777359873522,0.04743347466432256,8,-0.21413336707528474,-0.23065018613089874,-0.2268046117700762,-0.21606030908717277,-0.21636484364094813,-0.2208026635408761,0.006628133527347049,0.6503777359873522
0.02047576904296875,0.0003481400664426608,0.0021227359771728515,8.320167593340562e-05,0.9,0.05,20,100,7,"{'colsample_bytree': 0.9, 'learning_rate': 0.05, 'min_child_samples': 20, 'n_estimators': 100, 'num_leaves': 7}",-0.9498918382718916,-0.8630840126838761,-0.818660612784997,-0.9001331943576554,-0.7658441110859835,-0.8595227538368807,0.06367709877889079,160,-0.7247374433842954,-0.7389379805655738,-0.7449267023183211,-0.7632707148768808,-0.7562537473037104,-0.7456253176897564,0.01345983203610334,0.8595227538368807
0.03504033088684082,0.000464855493344103,0.003032207489013672,6.0620801335978305e-05,0.9,0.05,20,100,15,"{'colsample_bytree': 0.9, 'learning_rate': 0.05, 'min_child_samples': 20, 'n_estimators': 100, 'num_leaves': 15}",-0.8764650793497668,-0.810667549515585,-0.7421322192130494,-0.8490851873348119,-0.6595393284321818,-0.787577872769079,0.07832802138967929,139,-0.6141317776379405,-0.6196573589242194,-0.6590743204968467,-0.6420526106480496,-0.6533676630252006,-0.6376567461464513,0.017901235201205346,0.787577872769079
0.058734130859375,0.001253608075685974,0.003643178939819336,0.00010842721282354821,0.9,0.05,20,100,31,"{'colsample_bytree': 0.9, 'learning_rate': 0.05, 'min_child_samples': 20, 'n_estimators': 100, 'num_leaves': 31}",-0.8447030745750858,-0.8176362903927423,-0.7179088972445041,-0.8400327932438051,-0.6090233374718872,-0.7658608785856049,0.09087977209196783,119,-0.53888963938031,-0.5574416068893848,-0.5920550730412019,-0.5674416697144185,-0.5876712835821362,-0.5686998545214903,0.01960796495419455,0.7658608785856049
0.0354712963104248,0.0003012939496047492,0.003898477554321289,4.998804717936637e-05,0.9,0.05,20,200,7,"{'colsample_bytree': 0.9, 'learning_rate': 0.05, 'min_child_samples': 20, 'n_estimators': 200, 'num_leaves': 7}",-0.8657360383013074,-0.7553420558924052,-0.7474497379468128,-0.7931353649599652,-0.671229908277404,-0.7665786210755791,0.06343659138975963,120,-0.5920755383626757,-0.6076115928769008,-0.6011977482199159,-0.6144224271070339,-0.6091315717900159,-0.6048877756713085,0.007669527900883733,0.7665786210755791
0.061443328857421875,0.0003714843942481162,0.0051171302795410155,8.698539714731844e-05,0.9,0.05,20,200,15,"{'colsample_bytree': 0.9, 'learning_rate': 0.05, 'min_child_samples': 20, 'n_estimators': 200, 'num_leaves': 15}",-0.8198365696980496,-0.7413899589557686,-0.7171823464867196,-0.8111809012274652,-0.6077702711970905,-0.7394720095130187,0.07674175287022811,97,-0.4990247868012099,-0.5095154046320358,-0.5360194074289074,-0.5193589291640003,-0.5326700994394412,-0.5193177254931189,0.013893326615655217,0.7394720095130187
0.1058915138244629,0.001121832127702524,0.006848764419555664,0.00024278099171794645,0.9,0.05,20,200,31,"{'colsample_bytree': 0.9, 'learning_rate': 0.05, 'min_child_samples': 20, 'n_estimators': 200, 'num_leaves': 31}",-0.7965163548867752,-0.7697526398398755,-0.7109358522166955,-0.8175568182792075,-0.5794141661336147,-0.7348351662712337,0.08554944207465799,89,-0.41610580920769696,-0.44068094860907886,-0.4689664036520842,-0.4398956330476039,-0.47042050633342386,-0.44721386016997755,0.020374826578134858,0.7348351662712337
0.04878363609313965,0.00033677056318229547,0.005295944213867187,0.00021855769636396988,0.9,0.05,20,300,7,"{'colsample_bytree': 0.9, 'learning_rate': 0.05, 'min_child_samples': 20, 'n_estimators': 300, 'num_leaves': 7}",-0.844121073713236,-0.7170454894323376,-0.7304992418258713,-0.7675349845165007,-0.643285851283196,-0.7404973281542284,0.0656794293677349,99,-0.5319363600152782,-0.5509423291380728,-0.5401081319375993,-0.5460066765194909,-0.5428621529198826,-0.5423711301060647,0.006339232469821761,0.7404973281542284
0.08567390441894532,0.0015473850371967846,0.007055473327636719,0.0001244203659549105,0.9,0.05,20,300,15,"{'colsample_bytree': 0.9, 'learning_rate': 0.05, 'min_child_samples': 20, 'n_estimators': 300, 'num_leaves': 15}",-0.7977512411186926,-0.7194629264899876,-0.7165088994259565,-0.8057317033254202,-0.59643876921621,-0.7271787079152534,0.07538881242981692,83,-0.4266165364436973,-0.4378044202488564,-0.4648616820724453,-0.4458868027073967,-0.46133570175486927,-0.44730102864545296,0.014320491763607716,0.7271787079152534
0.15119481086730957,0.0013246417903302779,0.009991073608398437,0.00047921609163964447,0.9,0.05,20,300,31,"{'colsample_bytree': 0.9, 'learning_rate': 0.05, 'min_child_samples': 20, 'n_estimators': 300, 'num_leaves': 31}",-0.7737294967815859,-0.7439623266779138,-0.722804085506047,-0.7961367276977495,-0.5768507177024255,-0.7226966708731444,0.07709873277504416,76,-0.34258981717066445,-0.35771437751025265,-0.3976279063731381,-0.3554527826955191,-0.3987325734353247,-0.37042349143697983,0.02324582300455379,0.7226966708731444
0.01953883171081543,0.00015589960269823643,0.0022536277770996093,9.092930785378298e-05,0.9,0.1,10,100,7,"{'colsample_bytree': 0.9, 'learning_rate': 0.1, 'min_child_samples': 10, 'n_estimators': 100, 'num_leaves': 7}",-0.844019383533766,-0.6811467913989314,-0.7245935439349759,-0.6892841259806107,-0.6412499692584397,-0.7160587628213447,0.06925149162675946,68,-0.546491450522992,-0.5530627243533691,-0.5486101540557716,-0.5635989029148147,-0.556803295424389,-0.5537133054542672,0.006097436736541588,0.7160587628213447
0.03330330848693848,0.0006663363874128397,0.0027810096740722655,3.948275017345328e-05,0.9,0.1,10,100,15,"{'colsample_bytree': 0.9, 'learning_rate': 0.1, 'min_child_samples': 10, 'n_estimators': 100, 'num_leaves': 15}",-0.7692949797377122,-0.6659053490804288,-0.6975328449182272,-0.649313337187774,-0.5871596881665724,-0.6738412398181429,0.05975114456279613,38,-0.4042787969978663,-0.4244226127626606,-0.41622869742574764,-0.40465068719252767,-0.4186342118646786,-0.41364300124869613,0.007954219834290906,0.6738412398181429
0.05618796348571777,0.00153467161502141,0.003718280792236328,0.0001534185746237576,0.9,0.1,10,100,31,"{'colsample_bytree': 0.9, 'learning_rate': 0.1, 'min_child_samples': 10, 'n_estimators': 100, 'num_leaves': 31}",-0.703614308941828,-0.6581381470824264,-0.6688288482178679,-0.6650895236046838,-0.5866731437302543,-0.656468794315412,0.03827272405932532,17,-0.27817559474088777,-0.3028027566600017,-0.2967170890803887,-0.292026975792683,-0.29957965815492626,-0.29386041488577747,0.00860477645634705,0.656468794315412
0.034212779998779294,0.0008571669558699573,0.003602743148803711,0.00014394362519847028,0.9,0.1,10,200,7,"{'colsample_bytree': 0.9, 'learning_rate': 0.1, 'min_child_samples': 10, 'n_estimators': 200, 'num_leaves': 7}",-0.7925277670541472,-0.6444638102116375,-0.6753320863254016,-0.6435861910811765,-0.5971797087369012,-0.6706179126818529,0.0658667698822325,35,-0.4471868379890272,-0.45316557976886784,-0.448885977762986,-0.45685466290765725,-0.4505767001384295,-0.4513339517133936,0.0033940439619002086,0.6706179126818529
0.05773601531982422,0.00046658184798853614,0.0045092105865478516,0.00021475900748593073,0.9,0.1,10,200,15,"{'colsample_bytree': 0.9, 'learning_rate': 0.1, 'min_child_samples': 10, 'n_estimators': 200, 'num_leaves': 15}",-0.7473643056364142,-0.6337045251327869,-0.6725439926746599,-0.6361558381317484,-0.5711140974431381,-0.6521765518037494,0.05769669257452668,14,-0.28854940368204923,-0.3045845451495057,-0.2951234830579587,-0.28539716779478536,-0.29409178930325913,-0.2935492777975116,0.006572749883159941,0.6521765518037494
0.10094351768493652,0.001101641205428856,0.006100845336914062,0.00016410746888991095,0.9,0.1,10,200,31,"{'colsample_bytree': 0.9, 'learning_rate': 0.1, 'min_child_samples': 10, 'n_estimators': 200, 'num_leaves': 31}",-0.6858044900411336,-0.6506016787487864,-0.6673827734637725,-0.658122454876458,-0.5884437630760717,-0.6500710320412445,0.03298364348405338,7,-0.15726833506606666,-0.1839566545951023,-0.1667547130830072,-0.1690973005551736,-0.17653398307458076,-0.1707221972747861,0.009036762066565632,0.6500710320412445
0.04648170471191406,0.000393797017227891,0.004647302627563477,7.05076582521742e-05,0.9,0.1,10,300,7,"{'colsample_bytree': 0.9, 'learning_rate': 0.1, 'min_child_samples': 10, 'n_estimators': 300, 'num_leaves': 7}",-0.775480946102169,-0.6259662234049134,-0.6609951370381083,-0.6192389143298079,-0.5763185426630745,-0.6515999527076146,0.06753722765138322,12,-0.38256302204474174,-0.3847339283157397,-0.38533841712573735,-0.384538314946463,-0.3812249353278022,-0.3836797235520968,0.0015409606562185822,0.6515999527076146
0.0794097900390625,0.0006463639350891713,0.006103324890136719,0.0001391842169310529,0.9,0.1,10,300,15,"{'colsample_bytree': 0.9, 'learning_rate': 0.1, 'min_child_samples': 10, 'n_estimators': 300, 'num_leaves': 15}",-0.736680876919167,-0.6284583483587238,-0.6618483632006003,-0.6391538712346999,-0.5659564526079677,-0.6464195824642317,0.05519938461291262,4,-0.21832766655800395,-0.22616312324363635,-0.2240303036177713,-0.2171449492931908,-0.22449529289133696,-0.22203226712078789,0.0035981261505141403,0.6464195824642317
0.14434423446655273,0.0009565499414905876,0.008628368377685547,0.0005161088344466203,0.9,0.1,10,300,31,"{'colsample_bytree': 0.9, 'learning_rate': 0.1, 'min_child_samples': 10, 'n_estimators': 300, 'num_leaves': 31}",-0.6742887859362184,-0.6454148211736301,-0.6649946312451996,-0.6595385362655662,-0.5860230062522896,-0.6460519561745809,0.03143854992251293,3,-0.09785781680772751,-0.11793898129137616,-0.0980752333639726,-0.10045125526595734,-0.11269123204053005,-0.10540290375391273,0.008311616958885583,0.6460519561745809
0.019538736343383788,0.00013860325016158277,0.002275848388671875,6.015515729953684e-05,0.9,0.1,20,100,7,"{'colsample_bytree': 0.9, 'learning_rate': 0.1, 'min_child_samples': 20, 'n_estimators': 100, 'num_leaves': 7}",-0.8532000303354812,-0.7709267451562632,-0.7458105800527183,-0.7898963764025276,-0.6597416529024637,-0.7639150769698908,0.06304898000604878,117,-0.6046229656814804,-0.6200422064026424,-0.606857812011284,-0.6256801210101034,-0.6145850736614284,-0.6143576357533878,0.007893996471096702,0.7639150769698908
0.032527589797973634,0.0005417636864084277,0.0029466629028320314,0.00011052684184209814,0.9,0.1,20,100,15,"{'colsample_bytree': 0.9, 'learning_rate': 0.1, 'min_child_samples': 20, 'n_estimators': 100, 'num_leaves': 15}",-0.8019531039262403,-0.7401093687442839,-0.7138507707965354,-0.8120972602264844,-0.6225341646911433,-0.7381089336769374,0.06855703898701407,94,-0.49824043708254145,-0.507409474237679,-0.5335112204458029,-0.5114050198795806,-0.5206745461023209,-0.5142481395495849,0.01202881704719883,0.7381089336769374
0.05541329383850098,0.0005384026484774881,0.0038469791412353515,0.00014053343238064234,0.9,0.1,20,100,31,"{'colsample_bytree': 0.9, 'learning_rate': 0.1, 'min_child_samples': 20, 'n_estimators': 100, 'num_leaves': 31}",-0.8037104744814738,-0.7586956628536166,-0.7199766832911909,-0.8185795199964039,-0.5946283592467272,-0.7391181399738824,0.08014144008295263,96,-0.40585580762889206,-0.42848169767447414,-0.4546678401928231,-0.41467842252260484,-0.4397910037656612,-0.4286949543568911,0.017411768304600474,0.7391181399738824
0.0336367130279541,0.0005680116092292766,0.0036162376403808595,0.00011827393743642127,0.9,0.1,20,200,7,"{'colsample_bytree': 0.9, 'learning_rate': 0.1, 'min_child_samples': 20, 'n_estimators': 200, 'num_leaves': 7}",-0.8025245958916127,-0.7071216792931772,-0.7270360279620542,-0.7388307431581045,-0.6258782746411865,-0.720278264189227,0.05698907733661944,71,-0.49035797394521313,-0.5122167325161789,-0.5008283398447771,-0.4975674586045288,-0.5132585795690683,-0.5028458168959532,0.008764898031523572,0.720278264189227
0.057107734680175784,0.0006101110550761567,0.0049323558807373045,0.00027309731673348897,0.9,0.1,20,200,15,"{'colsample_bytree': 0.9, 'learning_rate': 0.1, 'min_child_samples': 20, 'n_estimators': 200, 'num_leaves': 15}",-0.7666046981196967,-0.7033968514918596,-0.7239063204574494,-0.788236308382054,-0.607246080942584,-0.7178780518787288,0.06294449696676901,69,-0.3635613638221306,-0.38914908930122694,-0.40737009542018215,-0.37406673351524894,-0.39544033086248953,-0.38591752258425566,0.015502121263790946,0.7178780518787288
0.10057582855224609,0.0012578863244016437,0.006983613967895508,0.0003392558353053129,0.9,0.1,20,200,31,"{'colsample_bytree': 0.9, 'learning_rate': 0.1, 'min_child_samples': 20, 'n_estimators': 200, 'num_leaves': 31}",-0.7627714021333455,-0.7263832706791661,-0.7373739234008749,-0.8052872745771905,-0.6006085964007417,-0.7264848934382637,0.06854188419212476,82,-0.27890172697363574,-0.2983677384561284,-0.32119895540694127,-0.2839801370971775,-0.3134013157907561,-0.2991699747449278,0.016309406338163288,0.7264848934382637
0.04616966247558594,0.0009454148447787668,0.00490264892578125,0.00016913135048754742,0.9,0.1,20,300,7,"{'colsample_bytree': 0.9, 'learning_rate': 0.1, 'min_child_samples': 20, 'n_estimators': 300, 'num_leaves': 7}",-0.7835670709507988,-0.6852601727710258,-0.7063862883963972,-0.7346443234726147,-0.6080012829179818,-0.7035718277017636,0.058037411833186975,55,-0.4251692741010922,-0.44997458027334775,-0.42942991127740265,-0.4235250570386413,-0.4431354232872293,-0.4342468491955426,0.01045877967831385,0.7035718277017636
0.08068723678588867,0.0008536529384399611,0.006730794906616211,0.00012726970448273357,0.9,0.1,20,300,15,"{'colsample_bytree': 0.9, 'learning_rate': 0.1, 'min_child_samples': 20, 'n_estimators': 300, 'num_leaves': 15}",-0.7523092368328019,-0.6953803959601582,-0.7191299267309267,-0.775092843991449,-0.6065396776719417,-0.7096904162374555,0.05835717150506635,62,-0.27845276898922583,-0.31173123616956877,-0.3127130029848716,-0.2833003142614168,-0.2972560358867876,-0.29669067165837415,0.014107984148345337,0.7096904162374555
0.14489173889160156,0.001654133819997873,0.010386848449707031,0.0003842651817675058,0.9,0.1,20,300,31,"{'colsample_bytree': 0.9, 'learning_rate': 0.1, 'min_child_samples': 20, 'n_estimators': 300, 'num_leaves': 31}",-0.7567559505317807,-0.7189076460419145,-0.7308051399552716,-0.7931558045631267,-0.6075926922460855,-0.7214434466676358,0.06236297150147283,73,-0.18922302431498522,-0.2226987629132939,-0.21229809225611798,-0.1865934183500385,-0.21023542916213114,-0.20420974539931333,0.01398935864065401,0.7214434466676358
0.022775840759277344,0.00035996128507447033,0.001886606216430664,0.00016389004809898335,1.0,0.01,10,100,7,"{'colsample_bytree': 1.0, 'learning_rate': 0.01, 'min_child_samples': 10, 'n_estimators': 100, 'num_leaves': 7}",-1.8603929596620612,-1.8247562292892694,-1.714107706326531,-1.8838901619175619,-1.7682862235838461,-1.810286656155854,0.06189008480304477,211,-1.746583030432956,-1.7653351209550532,-1.772174446081109,-1.7531070459850675,-1.7673902203577407,-1.7609179727623854,0.009535308357629552,1.810286656155854
0.039881229400634766,0.0003954278332385631,0.002222156524658203,6.503377106811573e-05,1.0,0.01,10,100,15,"{'colsample_bytree': 1.0, 'learning_rate': 0.01, 'min_child_samples': 10, 'n_estimators': 100, 'num_leaves': 15}",-1.7010866553448272,-1.6179263390758756,-1.5195274200538234,-1.6837733717515477,-1.5421110685201231,-1.6128849709492392,0.07287619016572162,205,-1.5389621325072054,-1.5519215612320645,-1.5579470718267427,-1.5497954411830377,-1.5613587276103325,-1.5519969868718766,0.007717585391553024,1.6128849709492392
0.06903533935546875,0.0005734303062081769,0.0026331424713134767,0.00016576442599017163,1.0,0.01,10,100,31,"{'colsample_bytree': 1.0, 'learning_rate': 0.01, 'min_child_samples': 10, 'n_estimators': 100, 'num_leaves': 31}",-1.6623077766036471,-1.547109421574691,-1.44403233100697,-1.6141386167019292,-1.4572759963595445,-1.5449728284493562,0.08536472308355264,199,-1.4411149080352752,-1.4593370649664055,-1.4666229159314565,-1.4595212577243033,-1.465877054273828,-1.4584946401862537,0.009212899837400475,1.5449728284493562
0.0414766788482666,0.0004013113875464628,0.002965545654296875,0.0001180455241259247,1.0,0.01,10,200,7,"{'colsample_bytree': 1.0, 'learning_rate': 0.01, 'min_child_samples': 10, 'n_estimators': 200, 'num_leaves': 7}",-1.2939799507752587,-1.212436279614721,-1.135111793460103,-1.2414650480831437,-1.1265576338127503,-1.2019101411491953,0.06370598043199739,193,-1.124470699972869,-1.1318545753785902,-1.136965464088288,-1.139928982874679,-1.147143863140535,-1.1360727170909921,0.007624140326109566,1.2019101411491953
0.07451415061950684,0.0008689669659055157,0.003679800033569336,0.0001292925643193317,1.0,0.01,10,200,15,"{'colsample_bytree': 1.0, 'learning_rate': 0.01, 'min_child_samples': 10, 'n_estimators': 200, 'num_leaves': 15}",-1.1546480975943552,-1.0482698078121833,-0.9771687217200786,-1.0374790022218239,-0.945567367219491,-1.0326265993135864,0.07185038330974744,184,-0.9152746393175586,-0.9277903557980238,-0.9349615285162292,-0.931176970364939,-0.9347937566104754,-0.928799450121445,0.007259398068305722,1.0326265993135864
0.13358526229858397,0.0012249710716272242,0.004448223114013672,0.00020505341774119826,1.0,0.01,10,200,31,"{'colsample_bytree': 1.0, 'learning_rate': 0.01, 'min_child_samples': 10, 'n_estimators': 200, 'num_leaves': 31}",-1.1501776848705405,-0.9817278195410871,-0.9022026551035601,-0.9581055110263399,-0.8541542165733796,-0.9692735774229815,0.10075426125814517,172,-0.8002078278313421,-0.8156442198449073,-0.8243831930930586,-0.8229522472583756,-0.8297929101068721,-0.818596079626911,0.010243799800565452,0.9692735774229815
0.059520912170410153,0.0005237869720369729,0.004255485534667969,0.0002161385282428848,1.0,0.01,10,300,7,"{'colsample_bytree': 1.0, 'learning_rate': 0.01, 'min_child_samples': 10, 'n_estimators': 300, 'num_leaves': 7}",-1.1057814561250872,-0.9555487564801591,-0.920495427777316,-0.980228155329882,-0.8788479276756203,-0.9681803446776129,0.07680221957819884,171,-0.8631350653143784,-0.8710570293739346,-0.8781991902618236,-0.878669200194173,-0.8792665192214877,-0.8740654008731594,0.006226674063675004,0.9681803446776129
0.10928916931152344,0.00035417713482536876,0.0053542137145996095,0.00014339187099113445,1.0,0.01,10,300,15,"{'colsample_bytree': 1.0, 'learning_rate': 0.01, 'min_child_samples': 10, 'n_estimators': 300, 'num_leaves': 15}",-0.9855963408433556,-0.8436338573182244,-0.8063286403664872,-0.7972769031649523,-0.7437159856385835,-0.8353103454663205,0.08164700848414859,151,-0.6839741526791439,-0.6988779832954581,-0.7041058776194252,-0.7034103064315737,-0.704467189742898,-0.6989671019536998,0.0077613982908802176,0.8353103454663205
0.19934940338134766,0.0013175046922797476,0.006513023376464843,0.00030032386072089155,1.0,0.01,10,300,31,"{'colsample_bytree': 1.0, 'learning_rate': 0.01, 'min_child_samples': 10, 'n_estimators': 300, 'num_leaves': 31}",-0.975899123218716,-0.7893184723707998,-0.7428104070848028,-0.7428283799711654,-0.6745345919237002,-0.7850781949138368,0.10219795256729854,138,-0.5731786913195647,-0.5925538574730391,-0.6048006343572842,-0.6021049952970002,-0.6031516961485043,-0.5951579749190785,0.011789926950468124,0.7850781949138368
0.022912931442260743,0.0004157701587295371,0.0018800258636474609,4.839711585034213e-05,1.0,0.01,20,100,7,"{'colsample_bytree': 1.0, 'learning_rate': 0.01, 'min_child_samples': 20, 'n_estimators': 100, 'num_leaves': 7}",-1.894814623842408,-1.824475440423695,-1.7268884440687913,-1.9042600434786539,-1.7782080689746393,-1.8257293241576373,0.06777789315836595,212,-1.768147737804087,-1.7816520822602506,-1.7987357159985229,-1.77527688316532,-1.7857451705966503,-1.781911517964966,0.010308034362567072,1.8257293241576373
0.039488363265991214,0.00018727401648244325,0.002248239517211914,9.410842498098277e-05,1.0,0.01,20,100,15,"{'colsample_bytree': 1.0, 'learning_rate': 0.01, 'min_child_samples': 20, 'n_estimators': 100, 'num_leaves': 15}",-1.729826819940818,-1.6551505051416053,-1.5466760523085545,-1.719203283033353,-1.5597702239502735,-1.642125376874921,0.07706509647485045,207,-1.5796150405559222,-1.5911500353152828,-1.6098734256981693,-1.5923177758824791,-1.6049908952098513,-1.595589434532341,0.010751866304411635,1.642125376874921
0.06564593315124512,0.0008623515435316422,0.0025892734527587892,5.8965575785557195e-05,1.0,0.01,20,100,31,"{'colsample_bytree': 1.0, 'learning_rate': 0.01, 'min_child_samples': 20, 'n_estimators': 100, 'num_leaves': 31}",-1.6547385434616357,-1.5988558355004474,-1.4787921704720497,-1.652253064160839,-1.4793695957417317,-1.5728018418673408,0.07908518610744289,202,-1.4915570532670503,-1.5124894062886134,-1.5317163497978001,-1.5099618594975133,-1.5201122785580166,-1.5131673894817985,0.013191187422597141,1.5728018418673408
0.041210365295410153,0.0005100919314775128,0.0029703617095947266,0.00010035067166489723,1.0,0.01,20,200,7,"{'colsample_bytree': 1.0, 'learning_rate': 0.01, 'min_child_samples': 20, 'n_estimators': 200, 'num_leaves': 7}",-1.3444199161826544,-1.2552804412586567,-1.1518484774009974,-1.3099401839524962,-1.1685452449687521,-1.2460068527527113,0.07579538464193605,195,-1.1639996729479605,-1.166589555066757,-1.1814014049092374,-1.186493755776648,-1.1897734349047022,-1.177651564721061,0.010468310154230024,1.2460068527527113
0.07291817665100098,0.0009269824733783396,0.0037807464599609376,9.917233950647584e-05,1.0,0.01,20,200,15,"{'colsample_bytree': 1.0, 'learning_rate': 0.01, 'min_child_samples': 20, 'n_estimators': 200, 'num_leaves': 15}",-1.2137207357314435,-1.124135255500695,-0.9962567761138772,-1.1325998079549462,-0.9819320552043773,-1.0897289261010679,0.08803736146369423,190,-0.9828952677446243,-0.9925047313183897,-1.0107230916924437,-1.011258271231086,-1.008596886681388,-1.0011956497335863,0.011465102301160431,1.0897289261010679
0.12286033630371093,0.003815181160872493,0.004438591003417969,0.00015184747346762,1.0,0.01,20,200,31,"{'colsample_bytree': 1.0, 'learning_rate': 0.01, 'min_child_samples': 20, 'n_estimators': 200, 'num_leaves': 31}",-1.1445871049807572,-1.0757543399160707,-0.9320819226263805,-1.0615683773086564,-0.8933672907250891,-1.0214718071113906,0.09392872132159572,181,-0.8770394994026768,-0.9011396084305422,-0.9245742234924698,-0.9144768630321206,-0.9257942480628938,-0.9086048884841406,0.01809462916210717,1.0214718071113906
0.05847434997558594,0.0005326946654541563,0.004197597503662109,0.0001195528800878587,1.0,0.01,20,300,7,"{'colsample_bytree': 1.0, 'learning_rate': 0.01, 'min_child_samples': 20, 'n_estimators': 300, 'num_leaves': 7}",-1.1232725825527503,-1.0217012068852251,-0.9361220109000522,-1.0704541155324852,-0.9113660702372313,-1.0125831972215489,0.07971893265721419,179,-0.9094945267114062,-0.9125143490921365,-0.9341306008069096,-0.9463939331945289,-0.9361788505605291,-0.9277424520731021,0.014316011400608527,1.0125831972215489
0.10851712226867676,0.002104619776251225,0.00564727783203125,0.00015460929957619935,1.0,0.01,20,300,15,"{'colsample_bytree': 1.0, 'learning_rate': 0.01, 'min_child_samples': 20, 'n_estimators': 300, 'num_leaves': 15}",-1.0079406907464796,-0.9399203220508148,-0.8233039119426618,-0.9379831650237229,-0.7777258056121165,-0.8973747790751592,0.08424530285858207,166,-0.7639390996801331,-0.7752089002228064,-0.8010269128148336,-0.7984781321777896,-0.7956383902293758,-0.7868582870249876,0.014655090118063874,0.8973747790751592
0.18182363510131835,0.004172259340039971,0.006499958038330078,0.00017725400151311465,1.0,0.01,20,300,31,"{'colsample_bytree': 1.0, 'learning_rate': 0.01, 'min_child_samples': 20, 'n_estimators': 300, 'num_leaves': 31}",-0.9615608573150501,-0.9179985428688876,-0.7854694362253761,-0.9043540247709891,-0.7013083984927727,-0.8541382519346152,0.09613713860985187,158,-0.6701490554190178,-0.6973213404344645,-0.7272980838028164,-0.7140224302204602,-0.7275327662527932,-0.7072647352259105,0.021606662704157686,0.8541382519346152
0.023025035858154297,0.00032006924813539626,0.002086830139160156,0.00011295792209960213,1.0,0.03,10,100,7,"{'colsample_bytree': 1.0, 'learning_rate': 0.03, 'min_child_samples': 10, 'n_estimators': 100, 'num_leaves': 7}",-1.0984411063586035,-0.9496798277568639,-0.9196159334292195,-0.976057266289386,-0.8717570867889795,-0.9631102441246104,0.07602578267640259,170,-0.8593334024410042,-0.8685680667782048,-0.8784315927339384,-0.8773400003181525,-0.8766069140064489,-0.8720559952555498,0.007256856443021776,0.9631102441246104
0.03981261253356934,0.0005297535157451356,0.0025815963745117188,7.99437085203759e-05,1.0,0.03,10,100,15,"{'colsample_bytree': 1.0, 'learning_rate': 0.03, 'min_child_samples': 10, 'n_estimators': 100, 'num_leaves': 15}",-0.9863711465306764,-0.8369128092042718,-0.8014811993431049,-0.7997542548296216,-0.7384180133512164,-0.8325874846517781,0.08316445681257609,149,-0.6806156882489506,-0.6950430624623417,-0.7007818995188172,-0.7027577080745442,-0.701385489803122,-0.6961167696215551,0.008186101436339778,0.8325874846517781
0.06786646842956542,0.0010065054247379785,0.0030349254608154296,1.881338634099299e-05,1.0,0.03,10,100,31,"{'colsample_bytree': 1.0, 'learning_rate': 0.03, 'min_child_samples': 10, 'n_estimators': 100, 'num_leaves': 31}",-0.9709849134789056,-0.7900259955544656,-0.7387502966753599,-0.746146753747158,-0.6771267579659602,-0.7846069434843699,0.09990007242728391,137,-0.5698775347029715,-0.5906599104106837,-0.6024004210819082,-0.6011313837934653,-0.6015978665256542,-0.5931334233029365,0.012397145151334305,0.7846069434843699
0.03971242904663086,0.0007538488129655078,0.0037158966064453126,8.927540318025481e-05,1.0,0.03,10,200,7,"{'colsample_bytree': 1.0, 'learning_rate': 0.03, 'min_child_samples': 10, 'n_estimators': 200, 'num_leaves': 7}",-0.9430840037110513,-0.7117806076890946,-0.7477744363403794,-0.7382668264307738,-0.6815785862939825,-0.7644968920930564,0.09221221761247712,118,-0.6124678947596199,-0.6331295209190737,-0.6291310848004761,-0.6327639361027537,-0.6317712819640608,-0.6278527437091969,0.007818527529541482,0.7644968920930564
0.07052288055419922,0.0012594330640746405,0.004877471923828125,0.00015710171427156655,1.0,0.03,10,200,15,"{'colsample_bytree': 1.0, 'learning_rate': 0.03, 'min_child_samples': 10, 'n_estimators': 200, 'num_leaves': 15}",-0.8817976172208783,-0.6909748884786595,-0.6883847191346059,-0.6588947804199121,-0.6110478866485227,-0.7062199783805158,0.09238551607897692,58,-0.4869602679999602,-0.5014196899565354,-0.5048337892014103,-0.5054269007988513,-0.5043603927423408,-0.5006002081398195,0.006958141653368722,0.7062199783805158
0.12721428871154786,0.0008088499842999216,0.006188678741455078,0.00020190618666493266,1.0,0.03,10,200,31,"{'colsample_bytree': 1.0, 'learning_rate': 0.03, 'min_child_samples': 10, 'n_estimators': 200, 'num_leaves': 31}",-0.8570908240835124,-0.6880134992970622,-0.662472853411407,-0.6628310192085544,-0.5783839386511229,-0.6897584269303317,0.09151725559456232,50,-0.3705062337844054,-0.39473514970008655,-0.4115691438218584,-0.4021553037737602,-0.393758308740683,-0.3945448279641587,0.013610698126563438,0.6897584269303317
0.0561892032623291,0.0005557571056725231,0.005291128158569336,0.00011260735388159219,1.0,0.03,10,300,7,"{'colsample_bytree': 1.0, 'learning_rate': 0.03, 'min_child_samples': 10, 'n_estimators': 300, 'num_leaves': 7}",-0.8884213139183169,-0.6536293618369816,-0.7018808679037578,-0.6857611109427463,-0.6404470098540915,-0.7140279328911788,0.08991301949921185,64,-0.5443596959382014,-0.5625485523558703,-0.5575540583443781,-0.5593575218516189,-0.5592318381269534,-0.5566103333234045,0.006334832448945571,0.7140279328911788
0.10018410682678222,0.0018864915086894392,0.006918954849243164,0.00013841790141439693,1.0,0.03,10,300,15,"{'colsample_bytree': 1.0, 'learning_rate': 0.03, 'min_child_samples': 10, 'n_estimators': 300, 'num_leaves': 15}",-0.8465820270362534,-0.6625501441799199,-0.6625772350198837,-0.6330599066054706,-0.5915985553330187,-0.6792735736349093,0.08760498986927401,43,-0.4152870515291341,-0.42981959746235326,-0.4293416710567436,-0.4231992894912002,-0.42852334093451144,-0.4252341900947886,0.005510031940680637,0.6792735736349093
0.17431464195251464,0.005844171019330124,0.008672761917114257,0.00019603513839690266,1.0,0.03,10,300,31,"{'colsample_bytree': 1.0, 'learning_rate': 0.03, 'min_child_samples': 10, 'n_estimators': 300, 'num_leaves': 31}",-0.8398988748761573,-0.6789666019223888,-0.653741488292778,-0.6531455776252654,-0.57452968207468,-0.6800564449582539,0.08729645991620542,44,-0.2966139124166169,-0.32333017747541976,-0.33607332957365393,-0.32210586281191045,-0.3143367339021241,-0.318492003235945,0.012972957010139929,0.6800564449582539
0.021989202499389647,0.000510611972980712,0.0020741939544677733,0.00017352132359560715,1.0,0.03,20,100,7,"{'colsample_bytree': 1.0, 'learning_rate': 0.03, 'min_child_samples': 20, 'n_estimators': 100, 'num_leaves': 7}",-1.1182218174138707,-1.023231189934643,-0.9305911592826094,-1.0577505292906355,-0.904570849616976,-1.006873109107747,0.07942206456683122,178,-0.907526988511232,-0.9113470139892074,-0.9274284891746349,-0.9421401661276567,-0.9352853638594515,-0.9247456043324366,0.01339296931972475,1.006873109107747
0.039722108840942384,0.000598364093014353,0.002772998809814453,4.213859366368785e-05,1.0,0.03,20,100,15,"{'colsample_bytree': 1.0, 'learning_rate': 0.03, 'min_child_samples': 20, 'n_estimators': 100, 'num_leaves': 15}",-1.008323496979369,-0.939731173986505,-0.818992145965942,-0.9323829051949822,-0.772436867412147,-0.8943733179077891,0.08606686492146426,163,-0.7617798827314365,-0.7744074884590451,-0.7960511055776148,-0.7969616927933284,-0.7909016593853583,-0.7840203657893566,0.013759471961148307,0.8943733179077891
0.06921873092651368,0.0025152406934336813,0.0033318519592285155,0.00010615753162357396,1.0,0.03,20,100,31,"{'colsample_bytree': 1.0, 'learning_rate': 0.03, 'min_child_samples': 20, 'n_estimators': 100, 'num_leaves': 31}",-0.9633378638097363,-0.920404791283826,-0.7828922134014554,-0.9035379401770219,-0.6974663652862685,-0.8535278347916616,0.0983629541002337,157,-0.6689495853800598,-0.69316619751834,-0.7230607381508478,-0.7109580724192546,-0.7264889972604976,-0.7045247181458,0.021269732974384663,0.8535278347916616
0.041022872924804686,0.0004794158256237135,0.003827524185180664,0.00010624178005223505,1.0,0.03,20,200,7,"{'colsample_bytree': 1.0, 'learning_rate': 0.03, 'min_child_samples': 20, 'n_estimators': 200, 'num_leaves': 7}",-0.9509693559901167,-0.8336070894492901,-0.776659716371848,-0.8432166185747438,-0.6953532989992193,-0.8199612158770435,0.0840146525364448,145,-0.6776727760232857,-0.6923101057070353,-0.6966731095255975,-0.7172556939121795,-0.7018864409883102,-0.6971596252312817,0.012881665985666237,0.8199612158770435
0.07592625617980957,0.002840929618044361,0.005596590042114258,0.00024788109878879977,1.0,0.03,20,200,15,"{'colsample_bytree': 1.0, 'learning_rate': 0.03, 'min_child_samples': 20, 'n_estimators': 200, 'num_leaves': 15}",-0.8886404503966621,-0.8075219876150409,-0.7314936288966647,-0.8132785674304321,-0.646694708357037,-0.7775258685391673,0.08217083728439958,133,-0.5846096868337112,-0.5977720737611761,-0.6233204500522257,-0.6112089315785957,-0.6227338030018205,-0.6079289890455059,0.014925082210566881,0.7775258685391673
0.13605995178222657,0.002075919346469358,0.0070537090301513675,0.00013126423662993084,1.0,0.03,20,200,31,"{'colsample_bytree': 1.0, 'learning_rate': 0.03, 'min_child_samples': 20, 'n_estimators': 200, 'num_leaves': 31}",-0.8540144389360532,-0.8145444191265266,-0.7275085813168342,-0.809772598464092,-0.6034698915463188,-0.761861985877965,0.08925374180133412,115,-0.5018199350253213,-0.5266077142708733,-0.5656708988735731,-0.5337079649198594,-0.572824296210612,-0.5401261618600477,0.026126654093456145,0.761861985877965
0.061606311798095705,0.0010482255252854638,0.005976247787475586,0.00023943851701233783,1.0,0.03,20,300,7,"{'colsample_bytree': 1.0, 'learning_rate': 0.03, 'min_child_samples': 20, 'n_estimators': 300, 'num_leaves': 7}",-0.9116262336009509,-0.7763892608136082,-0.7330622309457321,-0.7995584238847715,-0.6486122039028684,-0.7738496706295862,0.08602070579172315,130,-0.612073196530472,-0.6231341751272337,-0.6148899274603091,-0.6350332437063801,-0.6195283079668782,-0.6209317701582546,0.008008121376503405,0.7738496706295862
0.10537195205688477,0.003864551967197552,0.0074732303619384766,0.0003228921398333869,1.0,0.03,20,300,15,"{'colsample_bytree': 1.0, 'learning_rate': 0.03, 'min_child_samples': 20, 'n_estimators': 300, 'num_leaves': 15}",-0.8594806566106497,-0.7696809519917175,-0.7260316998785519,-0.782191308801163,-0.6239776014977813,-0.7522724437559727,0.07725275236180865,110,-0.516010661481456,-0.5369406963545712,-0.5555857959451914,-0.5391896319621443,-0.5589681850810168,-0.541338994164876,0.01535740180729802,0.7522724437559727
0.17647895812988282,0.005607797618966327,0.01013808250427246,0.00025190036643445656,1.0,0.03,20,300,31,"{'colsample_bytree': 1.0, 'learning_rate': 0.03, 'min_child_samples': 20, 'n_estimators': 300, 'num_leaves': 31}",-0.828822930599811,-0.7921537990993187,-0.7331033483589369,-0.8004216859326168,-0.5905660960111581,-0.7490135720003682,0.08512595956104838,103,-0.4291927441505233,-0.45602265966490574,-0.4971584714124911,-0.4652099982666178,-0.5049810161912242,-0.4705129779371524,0.0277253696849195,0.7490135720003682
0.023478031158447266,0.0010196159459275682,0.0023993492126464845,0.0001629528879546186,1.0,0.05,10,100,7,"{'colsample_bytree': 1.0, 'learning_rate': 0.05, 'min_child_samples': 10, 'n_estimators': 100, 'num_leaves': 7}",-0.9628154124446323,-0.7512817145928424,-0.7716320817403706,-0.7801796210942277,-0.7128718702620106,-0.7957561400268167,0.08669622289715091,141,-0.6594628503240426,-0.6750384208110829,-0.6714301389035511,-0.6809702083845658,-0.6794704412941656,-0.6732744119434815,0.007679692276067991,0.7957561400268167
0.03936605453491211,0.0005863006808593606,0.002940988540649414,0.0001309847979058758,1.0,0.05,10,100,15,"{'colsample_bytree': 1.0, 'learning_rate': 0.05, 'min_child_samples': 10, 'n_estimators': 100, 'num_leaves': 15}",-0.9145418006527983,-0.7141423474311468,-0.7157909354760448,-0.6754075882880001,-0.6315330657917474,-0.7302831475279474,0.09714392058601452,84,-0.5234195559878887,-0.5388743017930394,-0.5416800770983422,-0.5400306997270357,-0.5456252852175524,-0.5379259839647716,0.007604446631128632,0.7302831475279474
0.06966962814331054,0.001920420163166357,0.0037680149078369142,7.487306107741647e-05,1.0,0.05,10,100,31,"{'colsample_bytree': 1.0, 'learning_rate': 0.05, 'min_child_samples': 10, 'n_estimators': 100, 'num_leaves': 31}",-0.8712518659077435,-0.693064621725171,-0.657123296347339,-0.6612256860521251,-0.5853192127909744,-0.6935969365646706,0.09556552415494068,53,-0.4176414761732809,-0.4354450376856517,-0.44446414499010445,-0.43788433905588775,-0.4366133256417823,-0.4344096647093414,0.008947247632841184,0.6935969365646706
0.039765214920043944,0.0007724849176503222,0.003948068618774414,9.633545721425228e-05,1.0,0.05,10,200,7,"{'colsample_bytree': 1.0, 'learning_rate': 0.05, 'min_child_samples': 10, 'n_estimators': 200, 'num_leaves': 7}",-0.8750845331029165,-0.6545434324422946,-0.692159186376372,-0.6725813468248936,-0.6343613179441591,-0.7057459633381271,0.08680726959745248,56,-0.5351688419911352,-0.5465224174743861,-0.5397943215552189,-0.5434803266948078,-0.5452888732813749,-0.5420509561993846,0.0041225494264958374,0.7057459633381271
0.06840567588806153,0.0009315501681898577,0.004997920989990234,0.00017803425242776078,1.0,0.05,10,200,15,"{'colsample_bytree': 1.0, 'learning_rate': 0.05, 'min_child_samples': 10, 'n_estimators': 200, 'num_leaves': 15}",-0.8574803376983003,-0.6652529879047038,-0.6687568349655671,-0.624011514173926,-0.5883256532593386,-0.6807654656003672,0.09314410352000797,47,-0.4028230377280148,-0.4118978512654431,-0.4106399400469138,-0.4061738854474834,-0.41168974079602244,-0.40864489105677554,0.0035730358360803955,0.6807654656003672
0.11693730354309081,0.0038318040195447337,0.006370401382446289,0.00010856280502218691,1.0,0.05,10,200,31,"{'colsample_bytree': 1.0, 'learning_rate': 0.05, 'min_child_samples': 10, 'n_estimators': 200, 'num_leaves': 31}",-0.8199740350101231,-0.6752872337274016,-0.641740267833742,-0.6433875507273583,-0.5802295031686198,-0.6721237180934491,0.08007895122284507,37,-0.28048824207381895,-0.30208510746843226,-0.31241741983782856,-0.2983291805678962,-0.29102993731423005,-0.29686997745244115,0.010709968649570408,0.6721237180934491
0.0527134895324707,0.0006161318927098295,0.0051229000091552734,6.992358037547846e-05,1.0,0.05,10,300,7,"{'colsample_bytree': 1.0, 'learning_rate': 0.05, 'min_child_samples': 10, 'n_estimators': 300, 'num_leaves': 7}",-0.8374994964686743,-0.6292208711905215,-0.6729060565677526,-0.6523182311021386,-0.6092044704776033,-0.680229825161338,0.08150209638482032,45,-0.47825515206062486,-0.48713799734271085,-0.48611220934066285,-0.48451821769129605,-0.4903314815781746,-0.4852710116026938,0.003989751610003085,0.680229825161338
0.09250860214233399,0.0018077580301433648,0.0067141056060791016,0.00021903274936966842,1.0,0.05,10,300,15,"{'colsample_bytree': 1.0, 'learning_rate': 0.05, 'min_child_samples': 10, 'n_estimators': 300, 'num_leaves': 15}",-0.8351875838123269,-0.6536530843431123,-0.6552084425251661,-0.6132453843392627,-0.5724138831067543,-0.6659416756253245,0.08992745553525801,29,-0.3378524239804388,-0.3487375624718244,-0.3406945748051951,-0.3336426505864522,-0.34112662890813134,-0.3404107681504084,0.004945321966555153,0.6659416756253245
0.16756024360656738,0.0013505018798689618,0.00911855697631836,0.0003841915481969163,1.0,0.05,10,300,31,"{'colsample_bytree': 1.0, 'learning_rate': 0.05, 'min_child_samples': 10, 'n_estimators': 300, 'num_leaves': 31}",-0.7967027767378564,-0.6729381201477815,-0.6353609468736412,-0.6416783686776819,-0.5797989584780516,-0.6652958341830025,0.07223543036046663,28,-0.21082787728556684,-0.2288137909792852,-0.23839411573566266,-0.22028072275270982,-0.2217707755410833,-0.22401745645886156,0.00919422546491707,0.6652958341830025
0.021843814849853517,0.00023158477171261144,0.002235555648803711,5.272396026748037e-05,1.0,0.05,20,100,7,"{'colsample_bytree': 1.0, 'learning_rate': 0.05, 'min_child_samples': 20, 'n_estimators': 100, 'num_leaves': 7}",-0.9831799931130385,-0.8734869303488105,-0.8065779456964843,-0.9058207573371891,-0.7346093602542731,-0.8607349973499592,0.08488672112037741,161,-0.7145327688397028,-0.7345940082595811,-0.7534565651110707,-0.7650960673631529,-0.7512174058447333,-0.7437793630836482,0.017567632843665235,0.8607349973499592
0.03738346099853516,0.0008137523141061779,0.003001976013183594,3.739248637560873e-05,1.0,0.05,20,100,15,"{'colsample_bytree': 1.0, 'learning_rate': 0.05, 'min_child_samples': 20, 'n_estimators': 100, 'num_leaves': 15}",-0.9144077421854523,-0.821998284901446,-0.7438195714802575,-0.8436320196530543,-0.6638209444859022,-0.7975357125412225,0.0861944560810715,143,-0.6205944728393133,-0.6266439778986088,-0.6621231070799065,-0.6456245097122978,-0.651484560419977,-0.6412941255900206,0.015489003260094628,0.7975357125412225
0.06298680305480957,0.00017223787196783653,0.0035475730895996095,7.08090496270739e-05,1.0,0.05,20,100,31,"{'colsample_bytree': 1.0, 'learning_rate': 0.05, 'min_child_samples': 20, 'n_estimators': 100, 'num_leaves': 31}",-0.876826041352575,-0.8340629998680835,-0.7417632075581331,-0.8300902620856717,-0.6195406234939825,-0.7804566268716892,0.09166825607482754,135,-0.5376554667042441,-0.5660161905136205,-0.5958629705552202,-0.5755179787188706,-0.601049121519291,-0.5752203456022492,0.02275596103578667,0.7804566268716892
0.037747764587402345,0.0004004038443378416,0.0038044929504394533,9.323006662811625e-05,1.0,0.05,20,200,7,"{'colsample_bytree': 1.0, 'learning_rate': 0.05, 'min_child_samples': 20, 'n_estimators': 200, 'num_leaves': 7}",-0.9071007830890334,-0.7746418245189224,-0.7292152964776119,-0.8108451067031268,-0.6494596839992254,-0.774252538957584,0.08554464727278654,131,-0.586314237467039,-0.611285931340257,-0.6032546414806751,-0.6181128111953661,-0.6077536574088335,-0.6053442557784341,0.010683190693601125,0.774252538957584
0.06426739692687988,0.0021072164586738197,0.005145120620727539,0.00018435275668862445,1.0,0.05,20,200,15,"{'colsample_bytree': 1.0, 'learning_rate': 0.05, 'min_child_samples': 20, 'n_estimators': 200, 'num_leaves': 15}",-0.8616586993980764,-0.7489850571982305,-0.7296565118580575,-0.7965954280686576,-0.6211124367693618,-0.7516016266584769,0.07956489753981927,109,-0.4985061097547637,-0.5133041702418379,-0.5428410513273015,-0.5212847419299534,-0.5408164725268896,-0.5233505091561492,0.016777256104757443,0.7516016266584769
0.11312284469604492,0.0012699094628630036,0.0069294929504394535,0.00033702425989135963,1.0,0.05,20,200,31,"{'colsample_bytree': 1.0, 'learning_rate': 0.05, 'min_child_samples': 20, 'n_estimators': 200, 'num_leaves': 31}",-0.8290232432017028,-0.7868629931870814,-0.7479526781891945,-0.8084770310397683,-0.5948006819381645,-0.7534233255111824,0.08373235988282014,112,-0.4098195035972755,-0.43764422714759355,-0.47473478467070535,-0.45361122565968004,-0.48594289876357466,-0.4523505279677658,0.02704165305713852,0.7534233255111824
0.05067882537841797,0.00023142797167717937,0.005165529251098633,0.00014813446518148907,1.0,0.05,20,300,7,"{'colsample_bytree': 1.0, 'learning_rate': 0.05, 'min_child_samples': 20, 'n_estimators': 300, 'num_leaves': 7}",-0.8825683619417406,-0.7415077583980675,-0.7091028291668094,-0.7937822717922611,-0.628846594386004,-0.7511615631369765,0.08474356165285485,108,-0.5256111309936335,-0.5564558617288475,-0.5393984211831724,-0.5464858928022089,-0.554081753273518,-0.544406611996276,0.011148706363193338,0.7511615631369765
0.09289555549621582,0.0014939094432954154,0.006989717483520508,0.00017731258813575462,1.0,0.05,20,300,15,"{'colsample_bytree': 1.0, 'learning_rate': 0.05, 'min_child_samples': 20, 'n_estimators': 300, 'num_leaves': 15}",-0.8298177787962479,-0.7307555194977654,-0.7336415806957152,-0.795156045694562,-0.6118216281875196,-0.740238510574362,0.07438376603047962,98,-0.4231198211056938,-0.439997155094497,-0.4714298165422017,-0.44611137121236344,-0.47537514414825843,-0.45120666162060286,0.01966508161023301,0.740238510574362
0.16762151718139648,0.001793853027379018,0.010739374160766601,0.00038800838754618553,1.0,0.05,20,300,31,"{'colsample_bytree': 1.0, 'learning_rate': 0.05, 'min_child_samples': 20, 'n_estimators': 300, 'num_leaves': 31}",-0.810013221447859,-0.7721207476545844,-0.7622756635238167,-0.789582746023476,-0.5981761481928196,-0.7464337053685112,0.07588845711125279,102,-0.33783154406455024,-0.3595967216534795,-0.40369383745007137,-0.37115511591535594,-0.4211849827118699,-0.37869244035906535,0.030072434523166793,0.7464337053685112
0.02141151428222656,0.0006665675337639037,0.0023180961608886717,0.00011256835690756314,1.0,0.1,10,100,7,"{'colsample_bytree': 1.0, 'learning_rate': 0.1, 'min_child_samples': 10, 'n_estimators': 100, 'num_leaves': 7}",-0.8787144050369484,-0.6651766800104645,-0.6881380426104727,-0.6720541160962088,-0.636240851225535,-0.7080648189959259,0.0869634442376086,60,-0.5348823801741064,-0.5490369915874788,-0.5452021008726474,-0.5597161145226831,-0.5475803353919418,-0.5472835845097715,0.00794799022514126,0.7080648189959259
0.03542776107788086,0.00027977566021335584,0.0029282569885253906,0.00011320971767393157,1.0,0.1,10,100,15,"{'colsample_bytree': 1.0, 'learning_rate': 0.1, 'min_child_samples': 10, 'n_estimators': 100, 'num_leaves': 15}",-0.854901057614138,-0.6753451666119472,-0.6742332350074776,-0.6402523023123675,-0.5877677599353858,-0.6864999042962632,0.09002302461747738,49,-0.40545583239432376,-0.4101481236215068,-0.4146398282772496,-0.40564989556275394,-0.4098797539170758,-0.409154686754582,0.0033930665068371848,0.6864999042962632
0.06639418601989747,0.0023922614591203716,0.0040378570556640625,0.0001794151371946758,1.0,0.1,10,100,31,"{'colsample_bytree': 1.0, 'learning_rate': 0.1, 'min_child_samples': 10, 'n_estimators': 100, 'num_leaves': 31}",-0.8299682908398289,-0.6809408053675613,-0.6503758580169545,-0.6608493229348517,-0.5816229964739091,-0.6807514547266211,0.08174463039758156,46,-0.28301541424714005,-0.30559208095939566,-0.3157127543591256,-0.29389086229450195,-0.2988877284738184,-0.2994197680667964,0.010986478400052086,0.6807514547266211
0.040782594680786134,0.0014787009865890655,0.003923749923706055,0.00018420118819951264,1.0,0.1,10,200,7,"{'colsample_bytree': 1.0, 'learning_rate': 0.1, 'min_child_samples': 10, 'n_estimators': 200, 'num_leaves': 7}",-0.8134562768971821,-0.6256823831616855,-0.6590937336321355,-0.6439465253004131,-0.5897875899081879,-0.6663933017799208,0.07708498440801671,30,-0.437336152806251,-0.44657904721815284,-0.44934000750223363,-0.4472319274867738,-0.4450607857611057,-0.44510958415490337,0.004122833026589247,0.6663933017799208
0.06717028617858886,0.001890994366981761,0.004883670806884765,0.00020899852606315574,1.0,0.1,10,200,15,"{'colsample_bytree': 1.0, 'learning_rate': 0.1, 'min_child_samples': 10, 'n_estimators': 200, 'num_leaves': 15}",-0.829455069933717,-0.6486309696713036,-0.6529715296965714,-0.6242265220925797,-0.5692083105444383,-0.6648984803877219,0.08751750912463777,27,-0.29015194406895184,-0.2902964239863156,-0.2934368358614751,-0.2870685633445525,-0.2926468643641895,-0.2907201263250969,0.0022328948531135087,0.6648984803877219
0.11458821296691894,0.0031664564037893667,0.006093168258666992,0.00016619540603733147,1.0,0.1,10,200,31,"{'colsample_bytree': 1.0, 'learning_rate': 0.1, 'min_child_samples': 10, 'n_estimators': 200, 'num_leaves': 31}",-0.793713806664779,-0.6729788025459748,-0.6418020773817465,-0.6527958776076346,-0.5774837876149757,-0.6677548703630223,0.0706245430569451,33,-0.16868131165514494,-0.18169146890324453,-0.18467386081154863,-0.159139345395264,-0.1763689804217279,-0.174110993437386,0.009249518582365958,0.6677548703630223
0.0502964973449707,0.0016349060478436628,0.004798793792724609,0.00025393781879816277,1.0,0.1,10,300,7,"{'colsample_bytree': 1.0, 'learning_rate': 0.1, 'min_child_samples': 10, 'n_estimators': 300, 'num_leaves': 7}",-0.7912475861972644,-0.610591284798385,-0.6414621613715659,-0.6373428966770179,-0.5736499551203562,-0.6508587768329178,0.07424643595250793,10,-0.3748436094091277,-0.3838409992043832,-0.38554712954588094,-0.3817445727151402,-0.38112489239514225,-0.3814202406539348,0.003642410858102308,0.6508587768329178
0.08773298263549804,0.0008867046450361434,0.0061686038970947266,0.00018268732417627272,1.0,0.1,10,300,15,"{'colsample_bytree': 1.0, 'learning_rate': 0.1, 'min_child_samples': 10, 'n_estimators': 300, 'num_leaves': 15}",-0.8222678481473279,-0.644437375171999,-0.6511054686082772,-0.6269303308698777,-0.5666992567221703,-0.6622880559039304,0.08535176417163669,22,-0.2175069110548801,-0.21683242922694393,-0.22092073467511536,-0.21898206035490267,-0.22090065105848977,-0.21902855727406637,0.0016867494202714678,0.6622880559039304
0.16978926658630372,0.008796808129799483,0.009087038040161134,0.00023814363839203665,1.0,0.1,10,300,31,"{'colsample_bytree': 1.0, 'learning_rate': 0.1, 'min_child_samples': 10, 'n_estimators': 300, 'num_leaves': 31}",-0.7780842775966298,-0.6711010071714936,-0.6405842440365292,-0.6524050389630098,-0.575272766791641,-0.6634894669118607,0.0657565299252093,23,-0.10713970136281772,-0.11627012829238839,-0.11747528335011882,-0.09302709822739515,-0.10501845530381278,-0.10778613330730658,0.008851721095232917,0.6634894669118607
0.024068450927734374,0.00046073045562915915,0.0027861595153808594,0.0002678117598558013,1.0,0.1,20,100,7,"{'colsample_bytree': 1.0, 'learning_rate': 0.1, 'min_child_samples': 20, 'n_estimators': 100, 'num_leaves': 7}",-0.9013999456406713,-0.7742380578359739,-0.7252950378384396,-0.8039320251518952,-0.6569307503773661,-0.7723591633688692,0.08147471972653632,127,-0.5912858796257103,-0.6168089205101898,-0.600237440027395,-0.6159452907120164,-0.610779753459366,-0.6070114568669356,0.009830410204391708,0.7723591633688692
0.037660980224609376,0.0017867602790651782,0.003129386901855469,0.0001246559040723371,1.0,0.1,20,100,15,"{'colsample_bytree': 1.0, 'learning_rate': 0.1, 'min_child_samples': 20, 'n_estimators': 100, 'num_leaves': 15}",-0.8464752011022061,-0.7504029231009937,-0.7435971438409802,-0.7772079017086436,-0.6300663362493595,-0.7495499012004366,0.06995993712564584,105,-0.49466445351070126,-0.5132065162310584,-0.5419627709712591,-0.5066673452302249,-0.5429728795069951,-0.5198947930900477,0.019369368497448164,0.7495499012004366
0.06375794410705567,0.001024835515141505,0.004396629333496094,0.00031398640297386124,1.0,0.1,20,100,31,"{'colsample_bytree': 1.0, 'learning_rate': 0.1, 'min_child_samples': 20, 'n_estimators': 100, 'num_leaves': 31}",-0.8345356649082569,-0.7918135515760598,-0.7468063745666917,-0.80356576645418,-0.5903136341335272,-0.7534069983277432,0.08627379622078969,111,-0.4113931091753676,-0.436400827882444,-0.4743145028691154,-0.44336390568864337,-0.47517390666651504,-0.44812925045641705,0.02419458351156214,0.7534069983277432
0.03757925033569336,0.0005170057362263617,0.0038502693176269533,0.0001018683549648063,1.0,0.1,20,200,7,"{'colsample_bytree': 1.0, 'learning_rate': 0.1, 'min_child_samples': 20, 'n_estimators': 200, 'num_leaves': 7}",-0.8520841051210105,-0.7172963174251054,-0.7063487743999538,-0.7974715113605729,-0.6220460305517184,-0.7390493477716722,0.07927459067822805,95,-0.4848465205800877,-0.5170692648698425,-0.4925546742264482,-0.5014703638315701,-0.5034097609680169,-0.4998701168951931,0.010863928471344876,0.7390493477716722
0.06343750953674317,0.0009489173912431446,0.004939746856689453,0.00014504594737365354,1.0,0.1,20,200,15,"{'colsample_bytree': 1.0, 'learning_rate': 0.1, 'min_child_samples': 20, 'n_estimators': 200, 'num_leaves': 15}",-0.7922525684307157,-0.7224375177992655,-0.7471593041831767,-0.7675014170456724,-0.6238666566091251,-0.7306434928135911,0.05813017732307592,85,-0.35297726778512406,-0.3886580137935609,-0.4079911477547025,-0.369018275448736,-0.4062281470810247,-0.3849745703726296,0.021323582406783576,0.7306434928135911
0.11227607727050781,0.0025763687856517536,0.0072457313537597655,0.00031535730634303264,1.0,0.1,20,200,31,"{'colsample_bytree': 1.0, 'learning_rate': 0.1, 'min_child_samples': 20, 'n_estimators': 200, 'num_leaves': 31}",-0.8036644564488183,-0.7668079070159715,-0.764489912302838,-0.7749590788621723,-0.5935081817391291,-0.7406859072737858,0.07490156255570053,100,-0.2821699636716444,-0.30949848603499475,-0.3284101230832376,-0.30227682749828,-0.33418363757263336,-0.311307807572158,0.018706357137302204,0.7406859072737858
0.05022010803222656,0.0015735376283799235,0.004957818984985351,0.0001501281942057054,1.0,0.1,20,300,7,"{'colsample_bytree': 1.0, 'learning_rate': 0.1, 'min_child_samples': 20, 'n_estimators': 300, 'num_leaves': 7}",-0.8279889299584064,-0.699067967657196,-0.6877832034198237,-0.7927351816768912,-0.6064739194165049,-0.7228098404257645,0.07909081180969071,77,-0.41953128936991696,-0.45185432940186643,-0.4229469475844963,-0.43062985387098623,-0.4346859268277623,-0.43192966941100563,0.011319785070332598,0.7228098404257645
0.09056072235107422,0.001777162354823652,0.007121896743774414,0.00034045667537707604,1.0,0.1,20,300,15,"{'colsample_bytree': 1.0, 'learning_rate': 0.1, 'min_child_samples': 20, 'n_estimators': 300, 'num_leaves': 15}",-0.7855684733316388,-0.7084047399160148,-0.7526043634358577,-0.7540472509482892,-0.629372228660324,-0.7259994112584249,0.054202145390027455,80,-0.2764463192687729,-0.3078056836864017,-0.30731459897424274,-0.27747071285817004,-0.2979431754674205,-0.2933960980510016,0.01387767728023425,0.7259994112584249
0.15680203437805176,0.00275447470804736,0.009869909286499024,0.00031775208200203795,1.0,0.1,20,300,31,"{'colsample_bytree': 1.0, 'learning_rate': 0.1, 'min_child_samples': 20, 'n_estimators': 300, 'num_leaves': 31}",-0.7915109923728684,-0.7659976416355023,-0.7551012105735511,-0.7687194084009643,-0.6085462068118414,-0.7379750919589456,0.06579013477143114,93,-0.19785740234602656,-0.23502509323609472,-0.22490955111867203,-0.2030520439223018,-0.21929772333327735,-0.21602836279127446,0.013776854843871214,0.7379750919589456
