model,MAE,RMSE,R2
里程比例 Baseline,1.642882216664135,2.28498926446657,0.5024850675297511
线性回归,0.5357815717198482,0.7531288624071754,0.9459524047759189
XGBoost（网格搜索）,0.40873181268845465,0.5861457227151854,0.9672622375849659
LightGBM（网格搜索）,0.4374413077663437,0.6268002037540921,0.9625634300749873
HGBR（网格搜索）,0.4254062514914209,0.613467173446831,0.9641391607123035
随机森林（网格搜索）,0.44045134178461404,0.658550818373457,0.9586746652818992
