model,MAE,RMSE,R2
里程比例 Baseline,103.27975594359827,139.1166708995815,0.474667005970259
线性回归,31.290184238332582,38.98083242619949,0.9587543128290034
默认 XGBoost,43.88633116113727,56.08069291976473,0.9146304352266572
网格搜索 XGBoost,25.79523405021047,36.0051643023165,0.9648110814972933
