model,CV_MAE,CV_RMSE,CV_R2
里程比例 Baseline,97.2965815499148,141.86562320115786,0.47991639678971687
线性回归,33.10647112082505,46.83411905040835,0.9432937039128552
XGBoost（网格搜索）,24.405003096637707,33.89546221542831,0.9701566132104367
LightGBM（网格搜索）,25.154775303933793,35.66958552040229,0.9669656023153463
HGBR（网格搜索）,25.14701545147536,35.705481121933886,0.9668980819873909
随机森林（网格搜索）,26.447920432519208,38.39829937089701,0.9617208426412704
