model,MAE,RMSE,R2
里程比例 Baseline,98.57293299984806,137.09935586799418,0.5024850675297512
线性回归,32.14689430319088,45.187731744430515,0.9459524047759189
XGBoost（网格搜索）,24.738968132934186,35.862332679349,0.9659582120962141
LightGBM（网格搜索）,26.253018824566038,37.61694860342141,0.9625456366807577
HGBR（网格搜索）,25.524375087983678,36.8080304219723,0.9641391606827591
随机森林（网格搜索）,26.30139260808924,39.507962191612506,0.9586853050459417
