model,CV_MAE,CV_RMSE,CV_R2
里程比例 Baseline,1.6216096924985806,2.364427053352631,0.47991639678971687
线性回归,0.5517745186804175,0.7805686508401392,0.9432937039128552
XGBoost（网格搜索）,0.4139685870460962,0.5658646942044863,0.9701395019802623
LightGBM（网格搜索）,0.41922445338037073,0.5944633023723029,0.9669691611904616
HGBR（网格搜索）,0.41911692418368157,0.5950913519021686,0.9668980820027722
随机森林（网格搜索）,0.44233391328156835,0.6437789550022474,0.9612547519099666
