model,CV_MAE,CV_RMSE,CV_R2
里程比例 Baseline,102.11205669096944,138.80065616147402,0.46472787736610954
线性回归,32.98053251792193,43.32478568583107,0.9476164945103779
默认 XGBoost,46.61109680119357,65.74184186641773,0.8794861228963148
网格搜索 XGBoost,26.180457853005624,37.073806121598665,0.9615771040487953
