mean_fit_time,std_fit_time,mean_score_time,std_score_time,param_colsample_bytree,param_learning_rate,param_max_depth,param_n_estimators,param_subsample,params,split0_test_score,split1_test_score,split2_test_score,split3_test_score,split4_test_score,mean_test_score,std_test_score,rank_test_score,split0_train_score,split1_train_score,split2_train_score,split3_train_score,split4_train_score,mean_train_score,std_train_score,CV_RMSE
0.043912744522094725,0.003950214458511715,0.002611589431762695,0.00044031349228741863,0.8,0.01,3,100,0.8,"{'colsample_bytree': 0.8, 'learning_rate': 0.01, 'max_depth': 3, 'n_estimators': 100, 'subsample': 0.8}",-1.3210967778559597,-1.2861315247392167,-1.1778232835877251,-1.2447691496956013,-1.296136097187539,-1.2651913666132084,0.05014325568660021,324,-1.24338814297884,-1.2517655123222957,-1.26402971607357,-1.2555243124023474,-1.2476619779427478,-1.2524739323439602,0.007057609915260201,1.2651913666132084
0.04527783393859863,0.002062781172267212,0.002533292770385742,0.0003177381996518874,0.8,0.01,3,100,0.9,"{'colsample_bytree': 0.8, 'learning_rate': 0.01, 'max_depth': 3, 'n_estimators': 100, 'subsample': 0.9}",-1.3179993861809507,-1.2829159872003382,-1.1773679898379212,-1.2446550422867961,-1.2956375580613562,-1.2637151927134727,0.04930235361007496,323,-1.24159354587715,-1.2493279412420906,-1.2626271661905466,-1.2540727890504275,-1.246063193684099,-1.2507369272088629,0.007210217832489335,1.2637151927134727
0.03494219779968262,0.0009332800967750656,0.002369546890258789,0.00021156419453857258,0.8,0.01,3,100,1.0,"{'colsample_bytree': 0.8, 'learning_rate': 0.01, 'max_depth': 3, 'n_estimators': 100, 'subsample': 1.0}",-1.3147034439360437,-1.2747339605948431,-1.1720879717353716,-1.2365447808362038,-1.2919234019927086,-1.257998711819034,0.049974605982976,322,-1.236475092971804,-1.2436688817296002,-1.256307513824406,-1.247428092374669,-1.2413213060073673,-1.2450401773815691,0.006659221208815908,1.257998711819034
0.08827452659606934,0.00590050941043311,0.0033480167388916016,0.0008952946040991596,0.8,0.01,3,200,0.8,"{'colsample_bytree': 0.8, 'learning_rate': 0.01, 'max_depth': 3, 'n_estimators': 200, 'subsample': 0.8}",-0.9574566395143609,-0.8686384381223051,-0.8202206662055195,-0.8550063528228918,-0.932807922061641,-0.8868260037453437,0.05075937792781773,297,-0.8459935970768558,-0.866862267653522,-0.8686700269197589,-0.8627556411665664,-0.8508699504439884,-0.8590302966521384,0.008996545417027728,0.8868260037453437
0.08550982475280762,0.008362915068202732,0.0030590057373046874,0.0007241290218076179,0.8,0.01,3,200,0.9,"{'colsample_bytree': 0.8, 'learning_rate': 0.01, 'max_depth': 3, 'n_estimators': 200, 'subsample': 0.9}",-0.9552103942104849,-0.8680260461239873,-0.8201276432565336,-0.8536031837813067,-0.9330594668991498,-0.8860053468542924,0.05043105402555446,296,-0.8462241737383649,-0.8649593782976199,-0.8678055401176344,-0.8624082045338762,-0.8502685866593546,-0.85833317666937,0.008507686329707644,0.8860053468542924
0.0575310230255127,0.0026860909307118634,0.0023597240447998046,0.00012580267424387926,0.8,0.01,3,200,1.0,"{'colsample_bytree': 0.8, 'learning_rate': 0.01, 'max_depth': 3, 'n_estimators': 200, 'subsample': 1.0}",-0.953194247128713,-0.8629908000219052,-0.8190093373933297,-0.8500933714602169,-0.9282815355037756,-0.8827138583015881,0.05011039730165396,295,-0.84197216901269,-0.8600845457067132,-0.8644089746279758,-0.8583171524985771,-0.8458098155926522,-0.8541185314877217,0.008668146806286185,0.8827138583015881
0.10163865089416504,0.003270097516174662,0.00258021354675293,7.045878546951726e-05,0.8,0.01,3,300,0.8,"{'colsample_bytree': 0.8, 'learning_rate': 0.01, 'max_depth': 3, 'n_estimators': 300, 'subsample': 0.8}",-0.8698321147774493,-0.7614149069279401,-0.7480083060766632,-0.7702923958191549,-0.8439502916607077,-0.798699603052383,0.048732298572524736,264,-0.741680065651288,-0.7665428668636081,-0.7648855146194855,-0.7597394703786758,-0.7474104036577842,-0.7560516642341684,0.009827679172398924,0.798699603052383
0.09820475578308105,0.0021289185819995285,0.0025444507598876955,6.418472585798913e-05,0.8,0.01,3,300,0.9,"{'colsample_bytree': 0.8, 'learning_rate': 0.01, 'max_depth': 3, 'n_estimators': 300, 'subsample': 0.9}",-0.8686735622690488,-0.7621481487677595,-0.7501418104550612,-0.7691756342757586,-0.8445704904641134,-0.7989419292463483,0.04809518153628775,267,-0.7419436835353572,-0.7650686915216404,-0.7648697813468116,-0.759222596255854,-0.7473883517199962,-0.7556986208759319,0.009408354643121432,0.7989419292463483
0.07774858474731446,0.0006515230340917243,0.0025634288787841795,0.0001504149843212205,0.8,0.01,3,300,1.0,"{'colsample_bytree': 0.8, 'learning_rate': 0.01, 'max_depth': 3, 'n_estimators': 300, 'subsample': 1.0}",-0.8706845353130148,-0.7634275444600994,-0.7537527035467125,-0.7717339856194362,-0.8448665021201375,-0.8008930542118801,0.04749872275799604,270,-0.7431949615894926,-0.7647147775159078,-0.7651621358597765,-0.7602378063709888,-0.7477446573312526,-0.7562108677334837,0.009052606793301657,0.8008930542118801
0.0516387939453125,0.000951993025287004,0.0020624637603759766,2.5726060707639288e-05,0.8,0.01,4,100,0.8,"{'colsample_bytree': 0.8, 'learning_rate': 0.01, 'max_depth': 4, 'n_estimators': 100, 'subsample': 0.8}",-1.298168347670472,-1.267661612048012,-1.1525265536166354,-1.2213032256480159,-1.2756404346561352,-1.243060034727854,0.05171714641192006,318,-1.2092777023448467,-1.2173126327464534,-1.2323538953089106,-1.2219234618754016,-1.2147569782580478,-1.2191249341067318,0.007773913043629526,1.243060034727854
0.0512488842010498,0.0005393169622145361,0.0021235466003417967,0.00010431834852013333,0.8,0.01,4,100,0.9,"{'colsample_bytree': 0.8, 'learning_rate': 0.01, 'max_depth': 4, 'n_estimators': 100, 'subsample': 0.9}",-1.296237490304931,-1.2613165591665996,-1.152003890008333,-1.2190045481281937,-1.2750061974808242,-1.2407137370177763,0.05103736306448638,317,-1.2065294679141798,-1.2156047818081697,-1.230700576325767,-1.2194667532136967,-1.2135940690897333,-1.2171791296703094,0.007960015919708192,1.2407137370177763
0.04387321472167969,0.00112150054583751,0.0020076274871826173,4.2910469626040734e-05,0.8,0.01,4,100,1.0,"{'colsample_bytree': 0.8, 'learning_rate': 0.01, 'max_depth': 4, 'n_estimators': 100, 'subsample': 1.0}",-1.29163889995117,-1.2525341463473854,-1.1462748941035565,-1.2132201793112092,-1.2691584917741543,-1.2345653222974953,0.05104463560089515,315,-1.2000539136000417,-1.2099471365595231,-1.2240795825306894,-1.2131261576588712,-1.208363232561067,-1.2111140045820383,0.007789851240820022,1.2345653222974953
0.09710664749145508,0.0008959469401906944,0.002393817901611328,3.377730796987872e-05,0.8,0.01,4,200,0.8,"{'colsample_bytree': 0.8, 'learning_rate': 0.01, 'max_depth': 4, 'n_estimators': 200, 'subsample': 0.8}",-0.9385801205238309,-0.8577194680486806,-0.794549936143438,-0.8350585841068797,-0.9148475945857063,-0.8681511406817071,0.05246308113878845,288,-0.7989299014050235,-0.8182205540873693,-0.8250867750857449,-0.8167784119357198,-0.8056096091414678,-0.8129250503310649,0.009382730710815365,0.8681511406817071
0.09681138992309571,0.0007389046601768355,0.002390480041503906,6.498655468712832e-05,0.8,0.01,4,200,0.9,"{'colsample_bytree': 0.8, 'learning_rate': 0.01, 'max_depth': 4, 'n_estimators': 200, 'subsample': 0.9}",-0.9386023106489507,-0.8509450334931641,-0.7943952692457309,-0.8348945001692349,-0.9141722910035552,-0.8666018809121272,0.05274712396248934,287,-0.7973174839096732,-0.8179480330893912,-0.8242005820444567,-0.8146193556893014,-0.8055154027533684,-0.8119201714972382,0.00947300101686419,0.8666018809121272
0.08306617736816406,0.0013892448877834327,0.0023693084716796876,3.162641997911405e-05,0.8,0.01,4,200,1.0,"{'colsample_bytree': 0.8, 'learning_rate': 0.01, 'max_depth': 4, 'n_estimators': 200, 'subsample': 1.0}",-0.9371602739390968,-0.8435902969374568,-0.793567966305531,-0.8356018667312504,-0.905342519618361,-0.8630525847063393,0.05146032054920493,286,-0.7932294937857655,-0.8124061531316831,-0.819707044554085,-0.8104517257691636,-0.8027587464130344,-0.8077106327307462,0.009029949753607696,0.8630525847063393
0.14436144828796388,0.001202139948538146,0.0028462886810302736,6.412252503962363e-05,0.8,0.01,4,300,0.8,"{'colsample_bytree': 0.8, 'learning_rate': 0.01, 'max_depth': 4, 'n_estimators': 300, 'subsample': 0.8}",-0.8548972362928469,-0.7554771225948771,-0.7289397525552324,-0.7565140843538024,-0.8281261328432963,-0.7847908657280109,0.04810627259251309,250,-0.6870390009560537,-0.708908197754303,-0.7118789633995982,-0.704699954328906,-0.6936272249947089,-0.701230668286714,0.009418942241018228,0.7847908657280109
0.14421463012695312,0.0008261739003400969,0.0028178215026855467,9.857267879067989e-05,0.8,0.01,4,300,0.9,"{'colsample_bytree': 0.8, 'learning_rate': 0.01, 'max_depth': 4, 'n_estimators': 300, 'subsample': 0.9}",-0.8541743933649307,-0.7500691585605604,-0.7304418600297217,-0.755474944885643,-0.8279883689296246,-0.7836297451540961,0.04835740226503411,243,-0.6854528360873509,-0.7089011923175749,-0.7114555556958241,-0.7024927356120919,-0.6936842129059496,-0.7003973065237583,0.009668449658100549,0.7836297451540961
0.1241337776184082,0.0007553112837993433,0.0027506351470947266,9.678795955643906e-05,0.8,0.01,4,300,1.0,"{'colsample_bytree': 0.8, 'learning_rate': 0.01, 'max_depth': 4, 'n_estimators': 300, 'subsample': 1.0}",-0.8581718681105414,-0.7510799467576179,-0.734117813403397,-0.7622089496063245,-0.825040395243904,-0.786123794624357,0.047349846599858095,252,-0.6870196298275318,-0.7087369604610337,-0.7109107106329471,-0.7022330258457034,-0.6945329491441032,-0.7006866551822638,0.00890377074300281,0.786123794624357
0.07584228515625,0.001742085005077711,0.0023706912994384765,0.0001803106988516567,0.8,0.01,5,100,0.8,"{'colsample_bytree': 0.8, 'learning_rate': 0.01, 'max_depth': 5, 'n_estimators': 100, 'subsample': 0.8}",-1.2947443962035843,-1.2602710680457907,-1.1408062497964306,-1.2156081809547234,-1.2685200015959588,-1.2359899793192974,0.053991138519080904,316,-1.1881644785975454,-1.196896152094458,-1.2130569268613864,-1.200393641962623,-1.1960422933885608,-1.198910698580915,0.008125051205514398,1.2359899793192974
0.07912063598632812,0.00576046157519653,0.0024502754211425783,0.0002443301407800736,0.8,0.01,5,100,0.9,"{'colsample_bytree': 0.8, 'learning_rate': 0.01, 'max_depth': 5, 'n_estimators': 100, 'subsample': 0.9}",-1.2930262703443924,-1.2519419265053082,-1.138711139082994,-1.2149669735404403,-1.2666010271702697,-1.2330494673286807,0.05349120645362643,313,-1.1843410334844264,-1.1932263832663665,-1.2103397846763928,-1.197624543436998,-1.193246103118613,-1.1957555695965592,0.008475591222599672,1.2330494673286807
0.07007641792297363,0.0021186026983254285,0.0023240089416503907,8.826790324079225e-05,0.8,0.01,5,100,1.0,"{'colsample_bytree': 0.8, 'learning_rate': 0.01, 'max_depth': 5, 'n_estimators': 100, 'subsample': 1.0}",-1.2850410548845193,-1.2384434029156925,-1.1334241156654858,-1.2084337196218775,-1.2607036274802417,-1.2252091841135635,0.05238466916206576,306,-1.1763913002950654,-1.1892508377055138,-1.2038101842007045,-1.19155911503796,-1.1863626447329627,-1.1894748163944413,0.008840376048590391,1.2252091841135635
0.1633993148803711,0.0067550030396228665,0.002973127365112305,0.00013904087492546083,0.8,0.01,5,200,0.8,"{'colsample_bytree': 0.8, 'learning_rate': 0.01, 'max_depth': 5, 'n_estimators': 200, 'subsample': 0.8}",-0.9347447921907747,-0.8483955985666436,-0.781000357017431,-0.8306412424067009,-0.9026783399547094,-0.8594920660272519,0.05411927022373902,283,-0.7572374836845677,-0.774475808173487,-0.7839049913615338,-0.7732446416557686,-0.7653517861862199,-0.7708429422123154,0.008998269828564914,0.8594920660272519
0.16930723190307617,0.00632158406596897,0.0031203269958496095,0.0002314971771436604,0.8,0.01,5,200,0.9,"{'colsample_bytree': 0.8, 'learning_rate': 0.01, 'max_depth': 5, 'n_estimators': 200, 'subsample': 0.9}",-0.9353766477530412,-0.8411611376211248,-0.7816759432067609,-0.8313141042997682,-0.9031911338395386,-0.8585437933440467,0.05449578258931988,281,-0.7537223719043123,-0.7729184438123811,-0.7824087076434864,-0.7702937191598295,-0.7636456734116732,-0.7685977831863365,0.009571699885207709,0.8585437933440467
0.15510077476501466,0.007262118933249759,0.0031911849975585936,0.0003140130868170054,0.8,0.01,5,200,1.0,"{'colsample_bytree': 0.8, 'learning_rate': 0.01, 'max_depth': 5, 'n_estimators': 200, 'subsample': 1.0}",-0.9297542123719198,-0.8322818229410045,-0.7774983813588179,-0.8306934746727284,-0.8976569845953044,-0.853576975187955,0.05387227345936691,277,-0.7462517876980307,-0.7704368275663046,-0.77745374496313,-0.7655553889403051,-0.7581745666803289,-0.7635744631696199,0.010704060376460586,0.853576975187955
0.24663400650024414,0.015797064049343522,0.00335693359375,0.00019982856610307394,0.8,0.01,5,300,0.8,"{'colsample_bytree': 0.8, 'learning_rate': 0.01, 'max_depth': 5, 'n_estimators': 300, 'subsample': 0.8}",-0.8490892104011531,-0.7490027568702751,-0.7160010286919822,-0.7518677597045244,-0.8162582531519521,-0.7764438017639774,0.04872959581237371,226,-0.6288449755431392,-0.6481054344382013,-0.653346990420144,-0.6445179909796391,-0.6370726230889301,-0.6423776028940108,0.008590594761762214,0.7764438017639774
0.2306812286376953,0.008844243825389697,0.003126859664916992,5.954262367706512e-05,0.8,0.01,5,300,0.9,"{'colsample_bytree': 0.8, 'learning_rate': 0.01, 'max_depth': 5, 'n_estimators': 300, 'subsample': 0.9}",-0.8505436693178401,-0.7434136147254219,-0.7189171309020647,-0.752495673442742,-0.8160523219461582,-0.7762844820668453,0.049057766551362486,224,-0.6254649168923982,-0.6465326701642846,-0.6523840660480993,-0.642199078313219,-0.6353956036498288,-0.640395267013566,0.009301233718394378,0.7762844820668453
0.20962610244750976,0.006162707048578941,0.003065967559814453,0.00011733862838159866,0.8,0.01,5,300,1.0,"{'colsample_bytree': 0.8, 'learning_rate': 0.01, 'max_depth': 5, 'n_estimators': 300, 'subsample': 1.0}",-0.8517230515680431,-0.7394643650081677,-0.7209866373207615,-0.7605648225440336,-0.8155131348621905,-0.7776504022606393,0.048746726306359386,231,-0.6233489634811803,-0.6484749278108674,-0.6534280172172038,-0.6412268558226947,-0.634403063457179,-0.640176365557825,0.010602531912332182,0.7776504022606393
0.038770008087158206,0.000447868482844337,0.0021243572235107424,0.00014392106671056544,0.8,0.03,3,100,0.8,"{'colsample_bytree': 0.8, 'learning_rate': 0.03, 'max_depth': 3, 'n_estimators': 100, 'subsample': 0.8}",-0.869589760643965,-0.7622918874421635,-0.7469913123826354,-0.7713180260128686,-0.8448866004110274,-0.799015517378532,0.048799946721634874,268,-0.7414037732680108,-0.7650122627332775,-0.7657742196147069,-0.7576697483950797,-0.7483442686537971,-0.7556408545329744,0.009492728146085937,0.799015517378532
0.03880181312561035,0.0008546393184780516,0.002098274230957031,0.00010473306746397961,0.8,0.03,3,100,0.9,"{'colsample_bytree': 0.8, 'learning_rate': 0.03, 'max_depth': 3, 'n_estimators': 100, 'subsample': 0.9}",-0.868333148932688,-0.7605654545747789,-0.7507332602750574,-0.7696813781415404,-0.8448233436575324,-0.7988273171163195,0.04811068343182233,266,-0.7419793614820345,-0.7653753754390706,-0.765555849300596,-0.7588210431022044,-0.7456407793563445,-0.75547448173605,0.009896273179640862,0.7988273171163195
0.031358194351196286,0.00037928268416651933,0.0020610332489013673,6.331090332613761e-05,0.8,0.03,3,100,1.0,"{'colsample_bytree': 0.8, 'learning_rate': 0.03, 'max_depth': 3, 'n_estimators': 100, 'subsample': 1.0}",-0.8683637101390488,-0.7612507525623128,-0.7472923133229011,-0.7682954169841186,-0.8430015825450083,-0.7976407551106779,0.048538001152007355,261,-0.7407973947743722,-0.7629029656895286,-0.7629174732434939,-0.758979114733536,-0.7464264955624406,-0.7544046888006742,0.009104104565849617,0.7976407551106779
0.06811189651489258,0.0013208294861246017,0.002293682098388672,4.231982835249019e-05,0.8,0.03,3,200,0.8,"{'colsample_bytree': 0.8, 'learning_rate': 0.03, 'max_depth': 3, 'n_estimators': 200, 'subsample': 0.8}",-0.8308763458338688,-0.7157375114230418,-0.7304980503869184,-0.7454830468503983,-0.8127888239326622,-0.7670767556853779,0.04604343347438162,149,-0.6771132705154593,-0.6967988639747016,-0.6976537568364956,-0.6926556785744296,-0.6822174541165174,-0.6892878048035207,0.008197034597904088,0.7670767556853779
0.06919746398925782,0.0033455207565254797,0.0022993087768554688,3.76227237416e-05,0.8,0.03,3,200,0.9,"{'colsample_bytree': 0.8, 'learning_rate': 0.03, 'max_depth': 3, 'n_estimators': 200, 'subsample': 0.9}",-0.8302444631198436,-0.7161619791684963,-0.7338526149072714,-0.7446056790003897,-0.8126973550550254,-0.7675124182502053,0.045324511305937384,154,-0.6782226612935051,-0.6992947866067348,-0.6989854692419852,-0.6915849236884418,-0.6792085806198477,-0.689459284290103,0.009201546288670915,0.7675124182502053
0.05478744506835938,0.0017744001221649648,0.0023667335510253905,0.00016777177786672352,0.8,0.03,3,200,1.0,"{'colsample_bytree': 0.8, 'learning_rate': 0.03, 'max_depth': 3, 'n_estimators': 200, 'subsample': 1.0}",-0.8315743872469674,-0.7202178415643813,-0.7299748227945032,-0.7422937389711222,-0.8110240051724474,-0.7670169591498843,0.045338276347258684,148,-0.6791945294217537,-0.6995792605251971,-0.696828129578709,-0.6934238318661629,-0.6814989810352119,-0.6901049464854069,0.008235030776312005,0.7670169591498843
0.0994382381439209,0.003411205977565429,0.0026914596557617186,9.358096576822275e-05,0.8,0.03,3,300,0.8,"{'colsample_bytree': 0.8, 'learning_rate': 0.03, 'max_depth': 3, 'n_estimators': 300, 'subsample': 0.8}",-0.8273947881228695,-0.7092294076838488,-0.7287411067062561,-0.7429181965540066,-0.8116290638174221,-0.7639825125768807,0.04685056056807623,104,-0.647919165073294,-0.6691398798600181,-0.6669279318642192,-0.6617811898804657,-0.6528027106894109,-0.6597141754734815,0.00814917601733998,0.7639825125768807
0.10116500854492187,0.004212733666341335,0.002740764617919922,6.24373786874891e-05,0.8,0.03,3,300,0.9,"{'colsample_bytree': 0.8, 'learning_rate': 0.03, 'max_depth': 3, 'n_estimators': 300, 'subsample': 0.9}",-0.8247839407535521,-0.7104866656409313,-0.7326839466827024,-0.7422809131932179,-0.8115876396691168,-0.764364621187904,0.04533143951183005,106,-0.650087958108373,-0.6717355042522319,-0.6694937863856147,-0.6618440187152058,-0.6509448881038464,-0.6608212311130545,0.009034666216522375,0.764364621187904
0.0795163631439209,0.0046165920551672415,0.0028267383575439455,0.0002410396223083712,0.8,0.03,3,300,1.0,"{'colsample_bytree': 0.8, 'learning_rate': 0.03, 'max_depth': 3, 'n_estimators': 300, 'subsample': 1.0}",-0.8257955035702957,-0.7156240143494673,-0.7280861283797556,-0.7403842034478184,-0.8123751625146202,-0.7644530024523915,0.04548749842082537,108,-0.654680639622939,-0.6757294911639488,-0.6700035810452035,-0.6679462668129018,-0.6575900682660479,-0.6651900093822081,0.007874694420900814,0.7644530024523915
0.057559967041015625,0.002497203049132246,0.002301025390625,0.00012690189407068398,0.8,0.03,4,100,0.8,"{'colsample_bytree': 0.8, 'learning_rate': 0.03, 'max_depth': 4, 'n_estimators': 100, 'subsample': 0.8}",-0.8550147035625352,-0.7529445643639712,-0.7270648973908871,-0.7559764897273932,-0.8302083455582363,-0.7842418001206045,0.04933430876066908,249,-0.6872564730320857,-0.7095386330766318,-0.7120907279561821,-0.7024554230675331,-0.6945162164179205,-0.7011714947100707,0.009260752546094916,0.7842418001206045
0.053563165664672854,0.0007967516780665988,0.0021291255950927736,6.820111709854331e-05,0.8,0.03,4,100,0.9,"{'colsample_bytree': 0.8, 'learning_rate': 0.03, 'max_depth': 4, 'n_estimators': 100, 'subsample': 0.9}",-0.8517786485270247,-0.7505177835563847,-0.7328624373668529,-0.7554755855712703,-0.828039457196877,-0.7837347824436819,0.04708039641532914,244,-0.6851283621224586,-0.7070882113765024,-0.711543018611119,-0.7017187280295863,-0.6925990834572636,-0.6996154807193861,0.009608724667319334,0.7837347824436819
0.04616503715515137,0.00047922877880041684,0.0021430015563964843,0.00014490834108826827,0.8,0.03,4,100,1.0,"{'colsample_bytree': 0.8, 'learning_rate': 0.03, 'max_depth': 4, 'n_estimators': 100, 'subsample': 1.0}",-0.8528874285942166,-0.7513381836176993,-0.7307540789448795,-0.7605849419040573,-0.8254739274872837,-0.7842077121096274,0.0467237328602434,247,-0.6846415492336848,-0.7059182776645577,-0.7087171764182416,-0.7014591537148691,-0.6915814293792039,-0.6984635172821114,0.009034320675202703,0.7842077121096274
0.10565104484558105,0.007671885488459939,0.002841281890869141,0.0005364667123733328,0.8,0.03,4,200,0.8,"{'colsample_bytree': 0.8, 'learning_rate': 0.03, 'max_depth': 4, 'n_estimators': 200, 'subsample': 0.8}",-0.8217640890451757,-0.7125647389125117,-0.7165965622176872,-0.7393534951305496,-0.8053985877426602,-0.759135494609717,0.045677868132925785,46,-0.6066283657110231,-0.6248672183867894,-0.6247480836754682,-0.6233463323659794,-0.6139101492858551,-0.618700029885023,0.00727831474308576,0.759135494609717
0.10623326301574706,0.010540965080131418,0.0029985904693603516,0.0008530614361408167,0.8,0.03,4,200,0.9,"{'colsample_bytree': 0.8, 'learning_rate': 0.03, 'max_depth': 4, 'n_estimators': 200, 'subsample': 0.9}",-0.8200851548100189,-0.7119323279043188,-0.7254504643783338,-0.7350980403831185,-0.8008923595120603,-0.75869166939757,0.043354656855550705,37,-0.6070457797090488,-0.6250775058421334,-0.6262464456026967,-0.6207936250127748,-0.6118342598785041,-0.6181995232090316,0.00753274904147839,0.75869166939757
0.0947298526763916,0.005047041183827984,0.0027092933654785157,0.00019070157714313842,0.8,0.03,4,200,1.0,"{'colsample_bytree': 0.8, 'learning_rate': 0.03, 'max_depth': 4, 'n_estimators': 200, 'subsample': 1.0}",-0.8254058887541968,-0.7150376176141704,-0.7220649305359559,-0.7423664246082766,-0.8028326568010768,-0.7615415036627352,0.0444349275025876,74,-0.606424677286143,-0.6235633772333059,-0.6222250595116802,-0.6244412600927871,-0.6139667289306633,-0.618124220610916,0.006934988728873862,0.7615415036627352
0.15451083183288575,0.012899641782317216,0.0034936904907226563,0.001066527619386343,0.8,0.03,4,300,0.8,"{'colsample_bytree': 0.8, 'learning_rate': 0.03, 'max_depth': 4, 'n_estimators': 300, 'subsample': 0.8}",-0.8184828489755822,-0.710416723926719,-0.719257175960671,-0.7365774711796748,-0.8046901294460761,-0.7578848698977446,0.04486017443269333,28,-0.5658523245409129,-0.5835015008911443,-0.5796055255242796,-0.5783564105479556,-0.5728568256977029,-0.5760345174403991,0.006126563559544719,0.7578848698977446
0.15025730133056642,0.010584111671476092,0.002931499481201172,0.00011379812439221999,0.8,0.03,4,300,0.9,"{'colsample_bytree': 0.8, 'learning_rate': 0.03, 'max_depth': 4, 'n_estimators': 300, 'subsample': 0.9}",-0.8155779906716722,-0.708478503176137,-0.7260036288511834,-0.7340793373453736,-0.8019725748436587,-0.7572224069776049,0.043114112793448706,24,-0.5672801229192616,-0.587176086762726,-0.5820535211321961,-0.5778358516358281,-0.5725532143777712,-0.5773797593655565,0.006975934239215316,0.7572224069776049
0.13232574462890626,0.011971668452303925,0.003742074966430664,0.000978688741668076,0.8,0.03,4,300,1.0,"{'colsample_bytree': 0.8, 'learning_rate': 0.03, 'max_depth': 4, 'n_estimators': 300, 'subsample': 1.0}",-0.822846146026675,-0.7150005172098652,-0.7223987183377938,-0.740841887710602,-0.8049600126120665,-0.7612094563794005,0.0442030993965997,70,-0.5749173900957406,-0.5874884317884237,-0.5866097467683622,-0.5875793116494912,-0.5807071892299804,-0.5834604139063997,0.004973370006338119,0.7612094563794005
0.08673357963562012,0.007914361740213824,0.0025209903717041014,0.0004666623167236914,0.8,0.03,5,100,0.8,"{'colsample_bytree': 0.8, 'learning_rate': 0.03, 'max_depth': 5, 'n_estimators': 100, 'subsample': 0.8}",-0.85067353674964,-0.7464916674347651,-0.7158440574342687,-0.7506200033163765,-0.817805805873594,-0.7762870141617288,0.04991407408378541,225,-0.6281939088428146,-0.650030030989057,-0.6542141354567633,-0.643822471084977,-0.6355922306464395,-0.6423705554040102,0.009465400235475437,0.7762870141617288
0.08014068603515626,0.0012817839116960287,0.0021849632263183593,1.8674491919402027e-05,0.8,0.03,5,100,0.9,"{'colsample_bytree': 0.8, 'learning_rate': 0.03, 'max_depth': 5, 'n_estimators': 100, 'subsample': 0.9}",-0.848655515727613,-0.7414394315782626,-0.7175633687391851,-0.7542385568150018,-0.8152739094311405,-0.7754341564582405,0.0487903601243566,214,-0.6245715905775786,-0.647070545825861,-0.6500944167706282,-0.6433825933214399,-0.6342232222694578,-0.639868473752993,0.009323650446886992,0.7754341564582405
0.0726273536682129,0.0006747798661135239,0.002224636077880859,4.839683396453103e-05,0.8,0.03,5,100,1.0,"{'colsample_bytree': 0.8, 'learning_rate': 0.03, 'max_depth': 5, 'n_estimators': 100, 'subsample': 1.0}",-0.8493254659896871,-0.7351243192610728,-0.7191758938776038,-0.7591086734115439,-0.8152336861204242,-0.7755936077320663,0.049193897065025194,219,-0.622449410738716,-0.6457520974455607,-0.6508807254939788,-0.6411810375059028,-0.6346048586109069,-0.6389736259590131,0.009846168570113355,0.7755936077320663
0.1440114974975586,0.0024918562399906387,0.002615833282470703,5.1214308673099106e-05,0.8,0.03,5,200,0.8,"{'colsample_bytree': 0.8, 'learning_rate': 0.03, 'max_depth': 5, 'n_estimators': 200, 'subsample': 0.8}",-0.8187828345368636,-0.7127959042977836,-0.7072238322426952,-0.7357923097620341,-0.7948864197666299,-0.7538962601212014,0.04491273431589327,3,-0.5246921078005075,-0.5433406988712056,-0.5463697016638092,-0.5423631272016886,-0.5352748519193689,-0.5384080974913159,0.007762803081294433,0.7538962601212014
0.14648170471191407,0.006448347179282018,0.0025461673736572265,4.5960918580445385e-05,0.8,0.03,5,200,0.9,"{'colsample_bytree': 0.8, 'learning_rate': 0.03, 'max_depth': 5, 'n_estimators': 200, 'subsample': 0.9}",-0.8203760549273228,-0.7093951891503931,-0.7139306406097466,-0.7376918673580857,-0.7909123018376423,-0.7544612107766382,0.04388241793909381,5,-0.520434882208794,-0.5419008885053691,-0.5435824588896382,-0.5414093711540223,-0.5327231344925851,-0.5360101470500818,0.008655468662556594,0.7544612107766382
0.13176703453063965,0.005085897733813364,0.0027055263519287108,0.00017345336863903204,0.8,0.03,5,200,1.0,"{'colsample_bytree': 0.8, 'learning_rate': 0.03, 'max_depth': 5, 'n_estimators': 200, 'subsample': 1.0}",-0.8204609754861363,-0.7051796555208992,-0.7173203752485892,-0.7416079699234325,-0.7922379693046533,-0.7553613890967421,0.044164057726005436,10,-0.5233527558636545,-0.5455888707953066,-0.5441648192581288,-0.5434423609807087,-0.5309464366558942,-0.5374990487107386,0.008811980539533106,0.7553613890967421
0.2024322509765625,0.0029427101060634244,0.0029886722564697265,5.424001190646036e-05,0.8,0.03,5,300,0.8,"{'colsample_bytree': 0.8, 'learning_rate': 0.03, 'max_depth': 5, 'n_estimators': 300, 'subsample': 0.8}",-0.8164955147765109,-0.713377532188352,-0.709591462725174,-0.7345139843617318,-0.7932829912584797,-0.7534522970620496,0.04347263681054213,2,-0.47034697681351323,-0.4891663804003943,-0.4888601033924983,-0.48538305359724526,-0.48191504348413144,-0.4831343115375565,0.006917079324598988,0.7534522970620496
0.20155596733093262,0.0011321351856193166,0.0029901981353759764,4.1819570263050066e-05,0.8,0.03,5,300,0.9,"{'colsample_bytree': 0.8, 'learning_rate': 0.03, 'max_depth': 5, 'n_estimators': 300, 'subsample': 0.9}",-0.8189193357398223,-0.7112452308864217,-0.7174853668056052,-0.7369575888669085,-0.7949687199065332,-0.7559152484410582,0.04318876654231,15,-0.46917798281445416,-0.4879972516167018,-0.48815858161058556,-0.4843764484132616,-0.48135935218691783,-0.4822139233283842,0.006987537475303782,0.7559152484410582
0.1768585205078125,0.002638138151971101,0.0029558181762695313,5.158214473138631e-05,0.8,0.03,5,300,1.0,"{'colsample_bytree': 0.8, 'learning_rate': 0.03, 'max_depth': 5, 'n_estimators': 300, 'subsample': 1.0}",-0.8169780309048065,-0.7039822402641457,-0.7202317232603554,-0.7421029616159377,-0.7934541901663789,-0.7553498292423247,0.043121613208888854,9,-0.48495345994361383,-0.49935293024863386,-0.4964767990763383,-0.4994189165612722,-0.4918381991927305,-0.49440806100451773,0.005474189500088395,0.7553498292423247
0.03704600334167481,0.00045618583529266453,0.001955270767211914,4.996948560486631e-05,0.8,0.05,3,100,0.8,"{'colsample_bytree': 0.8, 'learning_rate': 0.05, 'max_depth': 3, 'n_estimators': 100, 'subsample': 0.8}",-0.8401167550208094,-0.7275737136089575,-0.7371403958827175,-0.748737881547552,-0.8185244496037869,-0.7744186391327647,0.045837060826008184,207,-0.6919472001648538,-0.7130126051188183,-0.7129055386407981,-0.7064497485020933,-0.6952604124311442,-0.7039151009715415,0.008810803286291646,0.7744186391327647
0.03647284507751465,0.000507736609091194,0.002048826217651367,0.0001413479662186448,0.8,0.05,3,100,0.9,"{'colsample_bytree': 0.8, 'learning_rate': 0.05, 'max_depth': 3, 'n_estimators': 100, 'subsample': 0.9}",-0.8372842978069788,-0.7245984395543842,-0.7367376824568624,-0.7453416337185468,-0.819273266906299,-0.7726470640886142,0.046250870929008814,196,-0.6921840010534953,-0.7109089370704277,-0.7117048245316879,-0.7049115203630403,-0.694847170071425,-0.7029112906180153,0.008067146807794889,0.7726470640886142
0.030441093444824218,0.00021978683150101496,0.001993274688720703,7.693876523409609e-05,0.8,0.05,3,100,1.0,"{'colsample_bytree': 0.8, 'learning_rate': 0.05, 'max_depth': 3, 'n_estimators': 100, 'subsample': 1.0}",-0.8370511585588561,-0.723540465776586,-0.7376403215442249,-0.7480782202667222,-0.817696051866103,-0.7728012436024985,0.04564589343147583,199,-0.690463243785916,-0.7115882875100948,-0.7112902013107653,-0.706854299876126,-0.6944284860714109,-0.7029249037108627,0.0088085714823725,0.7728012436024985
0.06596460342407226,0.0012200718379836533,0.0022858142852783202,7.140174319003857e-05,0.8,0.05,3,200,0.8,"{'colsample_bytree': 0.8, 'learning_rate': 0.05, 'max_depth': 3, 'n_estimators': 200, 'subsample': 0.8}",-0.8291105945086822,-0.7134574905385662,-0.7323192993430889,-0.7462535809078991,-0.813183211269752,-0.7668648353135976,0.04580499716968298,145,-0.6412358824618685,-0.6573938529995222,-0.660811163578427,-0.6526189414652542,-0.6433259202633901,-0.6510771521536924,0.007667607022249751,0.7668648353135976
0.0642765998840332,0.0011145182395834797,0.002243185043334961,4.719449853878457e-05,0.8,0.05,3,200,0.9,"{'colsample_bytree': 0.8, 'learning_rate': 0.05, 'max_depth': 3, 'n_estimators': 200, 'subsample': 0.9}",-0.8271715266891071,-0.715372838166332,-0.7356863004528055,-0.7409501728152631,-0.813924023997595,-0.7666209724242206,0.04504722734507678,143,-0.6438686865113972,-0.6602308902300825,-0.6601768822940763,-0.6536119777251193,-0.6449647190322103,-0.6525706311585772,0.007087916026126587,0.7666209724242206
0.051095104217529295,0.0011830688584135854,0.0023336887359619142,0.00014699408580012575,0.8,0.05,3,200,1.0,"{'colsample_bytree': 0.8, 'learning_rate': 0.05, 'max_depth': 3, 'n_estimators': 200, 'subsample': 1.0}",-0.8270436854269193,-0.7107602411786499,-0.7328063520723274,-0.7441354682164232,-0.8169401865108308,-0.76633718668103,0.046801650880010294,136,-0.648451511864656,-0.6683105690651998,-0.6641300144429495,-0.6609434064666169,-0.6503801814849686,-0.6584431366648782,0.007756313073887247,0.76633718668103
0.09647812843322753,0.0032368944646809093,0.0027544498443603516,0.00024372046981527537,0.8,0.05,3,300,0.8,"{'colsample_bytree': 0.8, 'learning_rate': 0.05, 'max_depth': 3, 'n_estimators': 300, 'subsample': 0.8}",-0.8317840439478965,-0.7130103464116375,-0.7321197477285776,-0.7440176444521505,-0.8107700369549371,-0.7663403638990398,0.04641188693855986,137,-0.604382268481602,-0.6201122898680475,-0.620439144786279,-0.6143428905992205,-0.6075526973205262,-0.6133658582111351,0.006496122525500045,0.7663403638990398
0.09742240905761719,0.0022329727007465365,0.0028662681579589844,0.00043092935064641737,0.8,0.05,3,300,0.9,"{'colsample_bytree': 0.8, 'learning_rate': 0.05, 'max_depth': 3, 'n_estimators': 300, 'subsample': 0.9}",-0.8250445035219836,-0.7113447454922709,-0.7380021928774319,-0.7385029925753759,-0.814633687833613,-0.765505624460135,0.045557494265751196,123,-0.6082739591038254,-0.623999993449977,-0.623287684398229,-0.6162643976371489,-0.6106348190777223,-0.6164921707333806,0.006394464157418486,0.765505624460135
0.07931461334228515,0.0057881536241186,0.0027741432189941407,0.0001251373339856401,0.8,0.05,3,300,1.0,"{'colsample_bytree': 0.8, 'learning_rate': 0.05, 'max_depth': 3, 'n_estimators': 300, 'subsample': 1.0}",-0.8276765286786715,-0.7109827611515189,-0.7339007456083401,-0.7416349075419318,-0.8183379853129067,-0.7665065856586738,0.04731361788073001,139,-0.6172387620262275,-0.6333105640199579,-0.6274735291076873,-0.626405492343827,-0.6194883555505029,-0.6247833406096406,0.005788601942973747,0.7665065856586738
0.05257039070129395,0.0013938426832777414,0.0021207332611083984,0.0001278000089148804,0.8,0.05,4,100,0.8,"{'colsample_bytree': 0.8, 'learning_rate': 0.05, 'max_depth': 4, 'n_estimators': 100, 'subsample': 0.8}",-0.8222445500954478,-0.7213347784944304,-0.7247144654911106,-0.735277904115061,-0.8030321186213076,-0.7613207633634715,0.04258796894642539,71,-0.623815250526592,-0.644473991112112,-0.6457425342111679,-0.6395316827336213,-0.6333847072305318,-0.6373896331628051,0.008060406385769893,0.7613207633634715
0.052246379852294925,0.001406822498548239,0.002114105224609375,3.70973180019085e-05,0.8,0.05,4,100,0.9,"{'colsample_bytree': 0.8, 'learning_rate': 0.05, 'max_depth': 4, 'n_estimators': 100, 'subsample': 0.9}",-0.8259344971309528,-0.7197652464908125,-0.7234145722554777,-0.7410059610758335,-0.800818747017083,-0.7621878047940319,0.04314556292069856,84,-0.6231714318556927,-0.6419574287802239,-0.6455551625423643,-0.6391838428473502,-0.6295858614980717,-0.6358907455047406,0.008277470565220374,0.7621878047940319
0.04484357833862305,0.00046532680282064667,0.002089834213256836,9.044315073808052e-05,0.8,0.05,4,100,1.0,"{'colsample_bytree': 0.8, 'learning_rate': 0.05, 'max_depth': 4, 'n_estimators': 100, 'subsample': 1.0}",-0.8287345520593615,-0.724060082938626,-0.7244382295583595,-0.7447013229784236,-0.8033146238820251,-0.7650497622833592,0.043042912232289975,118,-0.6246818114836871,-0.6407247027280961,-0.6419746628179351,-0.6378169765202042,-0.6293457989043759,-0.6349087904908597,0.006749028194925256,0.7650497622833592
0.0924562931060791,0.0004867191445089797,0.0024498939514160157,7.692856892849881e-05,0.8,0.05,4,200,0.8,"{'colsample_bytree': 0.8, 'learning_rate': 0.05, 'max_depth': 4, 'n_estimators': 200, 'subsample': 0.8}",-0.8192078704563829,-0.7153958407380525,-0.7260780247072436,-0.7382879769416155,-0.8026731440845652,-0.7603285713855719,0.042279244862651395,62,-0.5547217865484956,-0.5688198806724097,-0.5696294089001026,-0.5627992796319,-0.5638580778755681,-0.5639656867256952,0.005337840825658009,0.7603285713855719
0.0909088134765625,0.0007816354113610198,0.0024768829345703123,9.863297951089297e-05,0.8,0.05,4,200,0.9,"{'colsample_bytree': 0.8, 'learning_rate': 0.05, 'max_depth': 4, 'n_estimators': 200, 'subsample': 0.9}",-0.8195933762469848,-0.7130819872820051,-0.7231717730396602,-0.7387119635323823,-0.8005053955703605,-0.7590128991342786,0.04289052211695582,43,-0.5575195533368855,-0.5730397321062488,-0.57430241685245,-0.5631130048784233,-0.5634345790303847,-0.5662818572408785,0.006401950287024985,0.7590128991342786
0.07740612030029297,0.0007581144497671622,0.0024769783020019533,8.682174192032067e-05,0.8,0.05,4,200,1.0,"{'colsample_bytree': 0.8, 'learning_rate': 0.05, 'max_depth': 4, 'n_estimators': 200, 'subsample': 1.0}",-0.8240804843538674,-0.7214746679719313,-0.7272097411785685,-0.7438865872554357,-0.805275417223032,-0.7643853795965669,0.04214038077768644,107,-0.5662851651960353,-0.5792325601282919,-0.5752172545415627,-0.5747618680907332,-0.5716085008439112,-0.5734210697601069,0.004312864019547734,0.7643853795965669
0.13342499732971191,0.0012436519630682741,0.0027731895446777345,6.673362860671682e-05,0.8,0.05,4,300,0.8,"{'colsample_bytree': 0.8, 'learning_rate': 0.05, 'max_depth': 4, 'n_estimators': 300, 'subsample': 0.8}",-0.8193626676379863,-0.7226288661566138,-0.7311346890255475,-0.7388268373266885,-0.7996756440461359,-0.7623257408385944,0.039367876059840504,88,-0.500183182787018,-0.5138875849379222,-0.510429365664985,-0.5077827488400373,-0.5092295540655419,-0.5083024872591009,0.004533643431802544,0.7623257408385944
0.1310659408569336,0.0005310740877513664,0.002662944793701172,5.2521702778868975e-05,0.8,0.05,4,300,0.9,"{'colsample_bytree': 0.8, 'learning_rate': 0.05, 'max_depth': 4, 'n_estimators': 300, 'subsample': 0.9}",-0.8220055871731244,-0.7183271004270599,-0.7292076075145867,-0.7391168951067797,-0.8019472979890998,-0.7621208976421301,0.04171974036113272,82,-0.5061407398048615,-0.5198405256767407,-0.5160284842130238,-0.5088778890049647,-0.5073599345424974,-0.5116495146484177,0.005342228796736552,0.7621208976421301
0.11131100654602051,0.0023163705213745407,0.002707052230834961,5.393329699631096e-05,0.8,0.05,4,300,1.0,"{'colsample_bytree': 0.8, 'learning_rate': 0.05, 'max_depth': 4, 'n_estimators': 300, 'subsample': 1.0}",-0.8256189361755932,-0.7260407316452924,-0.7329487518244825,-0.7452123761636279,-0.8028706286864542,-0.76653828489909,0.04008407538024693,141,-0.5202824317787769,-0.5280743633687791,-0.527210962032063,-0.5255556361900694,-0.5266612334045656,-0.5255569253548508,0.002760909701464006,0.76653828489909
0.07492623329162598,0.0010389919349091563,0.002149820327758789,2.5961582889268768e-05,0.8,0.05,5,100,0.8,"{'colsample_bytree': 0.8, 'learning_rate': 0.05, 'max_depth': 5, 'n_estimators': 100, 'subsample': 0.8}",-0.8167372327951747,-0.7243258746544128,-0.710895430595346,-0.7317500283354827,-0.797572386897579,-0.7562561906555991,0.04252688597824741,19,-0.5485833092522638,-0.5671808761986943,-0.5714810250328926,-0.5648324215960062,-0.5576027427207433,-0.56193607496012,0.008050800657137173,0.7562561906555991
0.07551341056823731,0.0015682477158473261,0.0023222446441650392,0.000275745961463827,0.8,0.05,5,100,0.9,"{'colsample_bytree': 0.8, 'learning_rate': 0.05, 'max_depth': 5, 'n_estimators': 100, 'subsample': 0.9}",-0.8232892436416039,-0.7141480377476465,-0.7179844872076353,-0.7412992147274432,-0.793511546032734,-0.7580465058714125,0.04319003706663174,29,-0.5447760034958812,-0.5631087871269936,-0.56977756890176,-0.5598755319120222,-0.5512327273758045,-0.5577541237624923,0.008816986353487587,0.7580465058714125
0.06930489540100097,0.0011918801823618036,0.0022780895233154297,6.972901790725673e-05,0.8,0.05,5,100,1.0,"{'colsample_bytree': 0.8, 'learning_rate': 0.05, 'max_depth': 5, 'n_estimators': 100, 'subsample': 1.0}",-0.8211268229077945,-0.7120117181654063,-0.7125224811066326,-0.7361744167411721,-0.7986291843420404,-0.7560929246526091,0.045336573721910335,17,-0.5453038895860499,-0.5646222502431918,-0.5669873725577097,-0.5620588331166108,-0.5503631027808353,-0.5578670896568795,0.008491481414049944,0.7560929246526091
0.14529600143432617,0.004026617338517841,0.0028536319732666016,0.00013723767734188198,0.8,0.05,5,200,0.8,"{'colsample_bytree': 0.8, 'learning_rate': 0.05, 'max_depth': 5, 'n_estimators': 200, 'subsample': 0.8}",-0.8140222810855648,-0.7246063119468148,-0.7168292831009265,-0.735103323740649,-0.7979284430246567,-0.7576979285797224,0.040166514462151616,26,-0.4528678716891364,-0.4694243389253,-0.4730850053513505,-0.4660865128842218,-0.4629623109208189,-0.4648852079541655,0.0068905358974554205,0.7576979285797224
0.14721288681030273,0.0001894365228811961,0.003141498565673828,0.00045584002768946503,0.8,0.05,5,200,0.9,"{'colsample_bytree': 0.8, 'learning_rate': 0.05, 'max_depth': 5, 'n_estimators': 200, 'subsample': 0.9}",-0.8205308241466248,-0.7123897211369101,-0.7209378211772198,-0.740798244231893,-0.7896800320023533,-0.7568673285390002,0.041610375416474166,22,-0.4581645611844841,-0.47391152075726,-0.479016758032151,-0.4678317947131305,-0.46511508111256444,-0.46880794315991803,0.007185235989910942,0.7568673285390002
0.12978415489196776,0.0016924748052526385,0.0027762889862060548,5.214309713313553e-05,0.8,0.05,5,200,1.0,"{'colsample_bytree': 0.8, 'learning_rate': 0.05, 'max_depth': 5, 'n_estimators': 200, 'subsample': 1.0}",-0.8121192469514491,-0.7105907199038084,-0.7173376825597529,-0.7319953780348609,-0.7948425965894195,-0.7533771248078581,0.04184906020744647,1,-0.4747393113395949,-0.48506304028407465,-0.47637070889338057,-0.4845611369431214,-0.4742131334156116,-0.4789894661751567,0.004809716791249138,0.7533771248078581
0.21264824867248536,0.008594912779432737,0.0031945228576660155,0.00022922536778865018,0.8,0.05,5,300,0.8,"{'colsample_bytree': 0.8, 'learning_rate': 0.05, 'max_depth': 5, 'n_estimators': 300, 'subsample': 0.8}",-0.8171483536248685,-0.7287949850894807,-0.7173819675441307,-0.7368523759966541,-0.7995919187021562,-0.759953920191458,0.04039630150096149,56,-0.38387086195116116,-0.3966049370143723,-0.39934173657548827,-0.39577748110817124,-0.3906042075919329,-0.39323984484822516,0.005472128470676358,0.759953920191458
0.20698146820068358,0.008128873421026877,0.0034545421600341796,0.0007892290043703758,0.8,0.05,5,300,0.9,"{'colsample_bytree': 0.8, 'learning_rate': 0.05, 'max_depth': 5, 'n_estimators': 300, 'subsample': 0.9}",-0.8223917586432788,-0.7178124342750539,-0.7237873847064838,-0.7457709488239004,-0.7905585649445992,-0.7600642182786632,0.040299247942617446,58,-0.3893577773514677,-0.39742018681454294,-0.405856889478476,-0.39635286251497864,-0.3910268527011703,-0.39600291377212715,0.0057991548703541515,0.7600642182786632
0.17751507759094237,0.004825007181290117,0.0032865047454833985,0.0002710049191881825,0.8,0.05,5,300,1.0,"{'colsample_bytree': 0.8, 'learning_rate': 0.05, 'max_depth': 5, 'n_estimators': 300, 'subsample': 1.0}",-0.8144628996319395,-0.7174663653986959,-0.722034718141121,-0.7334638065718554,-0.7943151826285796,-0.7563485944744384,0.04007921567163774,20,-0.41447092760989673,-0.41851088198890846,-0.40831386868830954,-0.4230068161974987,-0.4161950923289754,-0.4160995173627177,0.004833285031774828,0.7563485944744384
0.036996889114379886,0.00068967781142315,0.0020904541015625,3.1342749795646265e-05,0.8,0.1,3,100,0.8,"{'colsample_bytree': 0.8, 'learning_rate': 0.1, 'max_depth': 3, 'n_estimators': 100, 'subsample': 0.8}",-0.8275168463494721,-0.7152730869198234,-0.7336151519046614,-0.7464805606440837,-0.8136750721322834,-0.7673121435900649,0.04483666556105501,151,-0.6441603619533325,-0.6632930715925975,-0.6623889124877653,-0.6559920747537092,-0.6450203207935153,-0.654170948316184,0.008222048322451811,0.7673121435900649
0.0390317440032959,0.002218910278477484,0.002296304702758789,0.0001506372733705356,0.8,0.1,3,100,0.9,"{'colsample_bytree': 0.8, 'learning_rate': 0.1, 'max_depth': 3, 'n_estimators': 100, 'subsample': 0.9}",-0.8278766886695631,-0.7187443033828745,-0.741914281607781,-0.7457877908239432,-0.816407270202926,-0.7701460669374176,0.04360143169160585,174,-0.6417355183881849,-0.6616164473283385,-0.6616989687028207,-0.6544794179852529,-0.6437067958413907,-0.6526474296491976,0.008540896427014735,0.7701460669374176
0.034551048278808595,0.0029308895543648395,0.0022545337677001955,5.150004666881077e-05,0.8,0.1,3,100,1.0,"{'colsample_bytree': 0.8, 'learning_rate': 0.1, 'max_depth': 3, 'n_estimators': 100, 'subsample': 1.0}",-0.8226119062145941,-0.7166058864638444,-0.7348450247269015,-0.7425122689107108,-0.8240023573071689,-0.768115488724644,0.04584515102762948,161,-0.6469036535059003,-0.6669347834259113,-0.662778299456373,-0.6598953783984651,-0.6537105169641673,-0.6580445263501634,0.007039511589430097,0.768115488724644
0.07356224060058594,0.004017216101669228,0.002556180953979492,0.00011612473966129039,0.8,0.1,3,200,0.8,"{'colsample_bytree': 0.8, 'learning_rate': 0.1, 'max_depth': 3, 'n_estimators': 200, 'subsample': 0.8}",-0.8261038807888677,-0.7191944040836458,-0.7371648547881435,-0.7472870592659282,-0.813722772072455,-0.7686945941998081,0.042955881622996586,168,-0.5759601160760609,-0.5879669282266333,-0.5917072333974527,-0.5856200363632079,-0.5760865931258119,-0.5834681814378333,0.006381380273384795,0.7686945941998081
0.07017688751220703,0.003071622666574657,0.0026750087738037108,0.0003480734690015944,0.8,0.1,3,200,0.9,"{'colsample_bytree': 0.8, 'learning_rate': 0.1, 'max_depth': 3, 'n_estimators': 200, 'subsample': 0.9}",-0.8316700568289208,-0.723361568250356,-0.7434088886528236,-0.7461389921305503,-0.8132464320363595,-0.7715651875798021,0.042691401822025056,187,-0.5795005621826035,-0.5942102571150788,-0.5916908148934762,-0.5812823906947536,-0.5777419654724691,-0.5848851980716763,0.006727160517002454,0.7715651875798021
0.0546811580657959,0.0022368933873898366,0.002507305145263672,0.00014097693606356486,0.8,0.1,3,200,1.0,"{'colsample_bytree': 0.8, 'learning_rate': 0.1, 'max_depth': 3, 'n_estimators': 200, 'subsample': 1.0}",-0.8241355557027247,-0.7192202551604228,-0.7422990495658092,-0.7435693859576595,-0.8198442802740331,-0.7698137053321299,0.04349583804997444,172,-0.5854999778967037,-0.6024626906388502,-0.5960232862923343,-0.5987285007217967,-0.5910288713635435,-0.5947486653826457,0.005938771273600273,0.7698137053321299
0.10916786193847657,0.00834056173081582,0.0032779693603515623,0.0007665338543756289,0.8,0.1,3,300,0.8,"{'colsample_bytree': 0.8, 'learning_rate': 0.1, 'max_depth': 3, 'n_estimators': 300, 'subsample': 0.8}",-0.829873951138321,-0.7227107833597847,-0.7392663710979195,-0.749870752076173,-0.8128974123918941,-0.7709238540128184,0.0424424859346485,178,-0.5233287048539091,-0.5309416627613799,-0.5349237672186203,-0.5297547882733857,-0.5228530494790333,-0.5283603945172657,0.004633225467221255,0.7709238540128184
0.1099128246307373,0.0122759885281485,0.003674030303955078,0.0009100245090723301,0.8,0.1,3,300,0.9,"{'colsample_bytree': 0.8, 'learning_rate': 0.1, 'max_depth': 3, 'n_estimators': 300, 'subsample': 0.9}",-0.8349936015374061,-0.7309221287892705,-0.7477555041679148,-0.7489746709693298,-0.814621527275277,-0.7754534865478397,0.04130498379996783,215,-0.5248707213231586,-0.5405777358493481,-0.5375951915286099,-0.5269826642280199,-0.5261304366245897,-0.5312313499107452,0.006517386787099224,0.7754534865478397
0.08450121879577636,0.003856172400073548,0.0032796859741210938,0.0008384936090220448,0.8,0.1,3,300,1.0,"{'colsample_bytree': 0.8, 'learning_rate': 0.1, 'max_depth': 3, 'n_estimators': 300, 'subsample': 1.0}",-0.8295928857644175,-0.7330046098402125,-0.7491543710017957,-0.7464966623035663,-0.8194647485005954,-0.7755426554821174,0.04049709681759695,218,-0.5367296016316437,-0.5451290579307154,-0.546890459160067,-0.5494119465929146,-0.5432227590578809,-0.5442767648746443,0.0042894870049693685,0.7755426554821174
0.06598501205444336,0.014285527204940456,0.002791023254394531,0.00044745197162116435,0.8,0.1,4,100,0.8,"{'colsample_bytree': 0.8, 'learning_rate': 0.1, 'max_depth': 4, 'n_estimators': 100, 'subsample': 0.8}",-0.8201303185031725,-0.7248668184605634,-0.7339667283394926,-0.7443101352217488,-0.8039155332605892,-0.7654379067571133,0.0388706023893435,122,-0.5596717222198445,-0.574079147013627,-0.5798459628898026,-0.5712687613060228,-0.5647008079953042,-0.5699132802849202,0.007069785528565634,0.7654379067571133
0.06257691383361816,0.0024072099874324917,0.002851438522338867,0.0006696500350098111,0.8,0.1,4,100,0.9,"{'colsample_bytree': 0.8, 'learning_rate': 0.1, 'max_depth': 4, 'n_estimators': 100, 'subsample': 0.9}",-0.8283151516053942,-0.7197117793397102,-0.7357304180171869,-0.7435011440234551,-0.8054781405071437,-0.766547326698578,0.04243877790533886,142,-0.5548002344980523,-0.5719702184935314,-0.5727369906743403,-0.5698657492451313,-0.5616686316293569,-0.5662083649080824,0.006927524651982265,0.766547326698578
0.0569577693939209,0.0035661941677596633,0.0031763553619384766,0.0006689326283101163,0.8,0.1,4,100,1.0,"{'colsample_bytree': 0.8, 'learning_rate': 0.1, 'max_depth': 4, 'n_estimators': 100, 'subsample': 1.0}",-0.8168308299601139,-0.7219622091327697,-0.7310307754899178,-0.7368790477786676,-0.8031288113133744,-0.7619663347349687,0.03972700132707262,80,-0.5664733392540424,-0.5776391060519841,-0.5757959229232877,-0.5775732139156482,-0.5708065903708129,-0.5736576345031551,0.004370325069564817,0.7619663347349687
0.12424507141113281,0.010325033395409855,0.004051303863525391,0.0008375585380993612,0.8,0.1,4,200,0.8,"{'colsample_bytree': 0.8, 'learning_rate': 0.1, 'max_depth': 4, 'n_estimators': 200, 'subsample': 0.8}",-0.8256133860423269,-0.735326851409872,-0.7388209609922634,-0.7545381826070875,-0.8016570866597053,-0.7711912935422509,0.03605926079398955,181,-0.4592341825632174,-0.46518999809018297,-0.4718118164289124,-0.4636210862507808,-0.46258849297293486,-0.4644891152612057,0.004149538437886457,0.7711912935422509
0.11572852134704589,0.006166004940203261,0.0036102771759033204,0.0007947503236343902,0.8,0.1,4,200,0.9,"{'colsample_bytree': 0.8, 'learning_rate': 0.1, 'max_depth': 4, 'n_estimators': 200, 'subsample': 0.9}",-0.8289772392065936,-0.7292355612797515,-0.7398133696310523,-0.7498593151380862,-0.8045705946136792,-0.7704912159738326,0.03911739662765317,175,-0.46057214765596033,-0.4701621347334211,-0.47024319329569403,-0.4595643214490404,-0.46420033878483535,-0.46494842718379026,0.004558889073319568,0.7704912159738326
0.09759573936462403,0.013245617007278724,0.00399174690246582,0.0009600104680571902,0.8,0.1,4,200,1.0,"{'colsample_bytree': 0.8, 'learning_rate': 0.1, 'max_depth': 4, 'n_estimators': 200, 'subsample': 1.0}",-0.8237562442345869,-0.7300287202353721,-0.7398899188988912,-0.7399309142180135,-0.8052117135258545,-0.7677635022225436,0.03876353714973527,156,-0.4763535506957057,-0.4801120115565408,-0.4804998117317332,-0.48571682607726296,-0.4845709681633721,-0.4814506336449229,0.0033649104408316217,0.7677635022225436
0.2168668746948242,0.025078969408447907,0.004386138916015625,0.0007405949683380712,0.8,0.1,4,300,0.8,"{'colsample_bytree': 0.8, 'learning_rate': 0.1, 'max_depth': 4, 'n_estimators': 300, 'subsample': 0.8}",-0.8284062357844444,-0.7472702645573449,-0.7469331843533407,-0.762807542805843,-0.8072524455348069,-0.7785339346071559,0.033272640939052724,232,-0.38455898260200494,-0.3885317093528246,-0.3932299760593379,-0.39083902431437867,-0.38947549617249616,-0.38932703770020843,0.002860348505837876,0.7785339346071559
0.22769813537597655,0.025403032961980584,0.004448986053466797,0.0011452260638460277,0.8,0.1,4,300,0.9,"{'colsample_bytree': 0.8, 'learning_rate': 0.1, 'max_depth': 4, 'n_estimators': 300, 'subsample': 0.9}",-0.8304782960766787,-0.7407485252280717,-0.7422130133732883,-0.7528639506936473,-0.8117010460284393,-0.7756009662800251,0.03784483322148506,220,-0.38763639306424436,-0.39170983727327013,-0.3928009333607649,-0.3839790063097331,-0.38544813345846246,-0.388314860693295,0.003438860001641628,0.7756009662800251
0.19101781845092775,0.030546273883371725,0.004999542236328125,0.001487058306679074,0.8,0.1,4,300,1.0,"{'colsample_bytree': 0.8, 'learning_rate': 0.1, 'max_depth': 4, 'n_estimators': 300, 'subsample': 1.0}",-0.8307764625671686,-0.739396823852633,-0.7465492680192649,-0.7450975080557802,-0.8071896907517634,-0.773801950649322,0.03771260447771228,205,-0.404881565582702,-0.4076220495408989,-0.40411903145980066,-0.4097587034830054,-0.4127699240505223,-0.4078302548233859,0.0031821547051803832,0.773801950649322
0.08612332344055176,0.005169152391170698,0.0025615692138671875,4.799597540821065e-05,0.8,0.1,5,100,0.8,"{'colsample_bytree': 0.8, 'learning_rate': 0.1, 'max_depth': 5, 'n_estimators': 100, 'subsample': 0.8}",-0.8185170098549329,-0.7218164608054998,-0.7276824430762329,-0.7313915176170298,-0.7942484611207353,-0.7587311784948862,0.03977436462506276,38,-0.4643121419041378,-0.4722974103542843,-0.478502011125914,-0.4737806108094116,-0.4725973224061605,-0.4722978993199816,0.004572776237467267,0.7587311784948862
0.08460187911987305,0.0047777878866034915,0.002488851547241211,6.0086023068246214e-05,0.8,0.1,5,100,0.9,"{'colsample_bytree': 0.8, 'learning_rate': 0.1, 'max_depth': 5, 'n_estimators': 100, 'subsample': 0.9}",-0.827781682409131,-0.7259314348062611,-0.7231346545700955,-0.7427113057169222,-0.8001222630597322,-0.7639362681124284,0.04229728409253244,103,-0.4557485610708955,-0.478467573973328,-0.47685848495815353,-0.47180521127199937,-0.4626889749520599,-0.46911376124528725,0.008655921855023672,0.7639362681124284
0.07208099365234374,0.0017924253761002079,0.0025048255920410156,5.271304843669266e-05,0.8,0.1,5,100,1.0,"{'colsample_bytree': 0.8, 'learning_rate': 0.1, 'max_depth': 5, 'n_estimators': 100, 'subsample': 1.0}",-0.8240165807830102,-0.7227242477699694,-0.7234909370219456,-0.7476698548810896,-0.7933031284790616,-0.7622409497870153,0.04014109506330017,86,-0.47651310105205397,-0.48310148945424086,-0.48353288863849886,-0.48415335730461384,-0.47164147454435806,-0.47978846219875315,0.004922409709189399,0.7622409497870153
0.17206211090087892,0.010297416726298676,0.0031717300415039064,0.00010207004281924964,0.8,0.1,5,200,0.8,"{'colsample_bytree': 0.8, 'learning_rate': 0.1, 'max_depth': 5, 'n_estimators': 200, 'subsample': 0.8}",-0.8265099613285727,-0.7328457874596658,-0.7325245882476534,-0.7405586057276834,-0.7991092276667351,-0.7663096340860621,0.03904937017165594,133,-0.33819141864224667,-0.3304766551721728,-0.34591382383266084,-0.3424066482607253,-0.33396186181868953,-0.33819008154529906,0.005564358364540861,0.7663096340860621
0.1709770679473877,0.013404198334325436,0.0031262874603271485,0.00015544200952094238,0.8,0.1,5,200,0.9,"{'colsample_bytree': 0.8, 'learning_rate': 0.1, 'max_depth': 5, 'n_estimators': 200, 'subsample': 0.9}",-0.8300207133047833,-0.7373035802462059,-0.7313328269285649,-0.7505079251216444,-0.800275715756065,-0.7698881522714528,0.03863467241145229,173,-0.33574747317877257,-0.3431039440252344,-0.34983554364137287,-0.3436802348672987,-0.3347383003417089,-0.34142109921087754,0.005578321767972078,0.7698881522714528
0.16102080345153807,0.01597762773770236,0.0034726619720458984,0.00043801272472678156,0.8,0.1,5,200,1.0,"{'colsample_bytree': 0.8, 'learning_rate': 0.1, 'max_depth': 5, 'n_estimators': 200, 'subsample': 1.0}",-0.8291130028797228,-0.7333359986320841,-0.729651949427058,-0.7522938765155214,-0.7955126931458883,-0.767981504120055,0.03849829602233955,158,-0.3724973917955261,-0.35781737630419636,-0.3693631395494003,-0.36293898692578064,-0.3669892814295308,-0.3659212352008868,0.0051146768742491916,0.767981504120055
0.2358766555786133,0.011331190381952443,0.0035488128662109373,0.00014228739303580472,0.8,0.1,5,300,0.8,"{'colsample_bytree': 0.8, 'learning_rate': 0.1, 'max_depth': 5, 'n_estimators': 300, 'subsample': 0.8}",-0.827972538895215,-0.7401999510735602,-0.7388118170614124,-0.7478355634658923,-0.8061334688300669,-0.7721906678652294,0.03740175296714151,192,-0.2463082161791439,-0.24379071560637539,-0.25462942972593766,-0.24993759080405806,-0.24666281003035218,-0.24826575246917343,0.003734133349483019,0.7721906678652294
0.2121530532836914,0.010432372521114133,0.0032688140869140624,0.0002595199364579449,0.8,0.1,5,300,0.9,"{'colsample_bytree': 0.8, 'learning_rate': 0.1, 'max_depth': 5, 'n_estimators': 300, 'subsample': 0.9}",-0.8332893004914644,-0.7455200048758428,-0.7390870290871323,-0.7554261985565072,-0.8055277351200477,-0.7757700536261989,0.037063635940544244,222,-0.24563427120479855,-0.25475928037317275,-0.26262763347541773,-0.2532377188011387,-0.2502412521819418,-0.25330003120729394,0.005608162989396422,0.7757700536261989
0.18533601760864257,0.013861861152465522,0.00319523811340332,7.968438291559789e-05,0.8,0.1,5,300,1.0,"{'colsample_bytree': 0.8, 'learning_rate': 0.1, 'max_depth': 5, 'n_estimators': 300, 'subsample': 1.0}",-0.8344735336430253,-0.7434919355933146,-0.733550479228618,-0.7585408392599094,-0.794708089182386,-0.7729529753814507,0.03711140876163396,202,-0.2878813175949474,-0.28159467002727945,-0.28572352269526674,-0.27903973107948465,-0.2826883082412209,-0.28338550992763983,0.0031066889712473337,0.7729529753814507
0.040893268585205075,0.0009157666673385173,0.0021001815795898436,5.6664507875023664e-05,0.9,0.01,3,100,0.8,"{'colsample_bytree': 0.9, 'learning_rate': 0.01, 'max_depth': 3, 'n_estimators': 100, 'subsample': 0.8}",-1.309062320409243,-1.2730141321772488,-1.1659802669657338,-1.2316238876622672,-1.2856172161341153,-1.2530595646697216,0.050272828488354536,321,-1.2315120049101727,-1.2401525465351522,-1.252288514449331,-1.244622091509223,-1.2364532940368669,-1.2410056902881492,0.007098770411724895,1.2530595646697216
0.03909258842468262,0.00025197022057134473,0.0020565509796142576,6.155862445359717e-05,0.9,0.01,3,100,0.9,"{'colsample_bytree': 0.9, 'learning_rate': 0.01, 'max_depth': 3, 'n_estimators': 100, 'subsample': 0.9}",-1.3079021394286885,-1.270145840031595,-1.165515133500476,-1.2321289360863226,-1.285842703790445,-1.2523069505675053,0.04994731128749981,320,-1.2303284703046249,-1.2382817215979658,-1.2511773777711992,-1.243390472634425,-1.2350269786943229,-1.2396410042005077,0.007169471344900606,1.2523069505675053
0.03223128318786621,0.0002597732252232823,0.0019774436950683594,0.00010138818405903383,0.9,0.01,3,100,1.0,"{'colsample_bytree': 0.9, 'learning_rate': 0.01, 'max_depth': 3, 'n_estimators': 100, 'subsample': 1.0}",-1.3069037380073762,-1.2653197557792433,-1.162624052827065,-1.229182502158357,-1.2841951077859703,-1.2496450313116025,0.05041692188094693,319,-1.2286044395975146,-1.2355976486392415,-1.2475113541790406,-1.2393267960184682,-1.2331251651740873,-1.2368330807216705,0.006375415357454132,1.2496450313116025
0.07169742584228515,0.0008997529202917546,0.0023019790649414064,6.44791399430394e-05,0.9,0.01,3,200,0.8,"{'colsample_bytree': 0.9, 'learning_rate': 0.01, 'max_depth': 3, 'n_estimators': 200, 'subsample': 0.8}",-0.9503468033773842,-0.8611729686445322,-0.8133397599598069,-0.8470969291211047,-0.9284540549892323,-0.8800821032184121,0.051336324899160964,293,-0.8397240428530427,-0.8602778654733062,-0.8622742041622512,-0.8564951163293882,-0.8449064316628451,-0.8527355320961666,0.008861164676066798,0.8800821032184121
0.07157349586486816,0.0006254398554115507,0.002286529541015625,5.32573101273622e-05,0.9,0.01,3,200,0.9,"{'colsample_bytree': 0.9, 'learning_rate': 0.01, 'max_depth': 3, 'n_estimators': 200, 'subsample': 0.9}",-0.9518008187823092,-0.8598262113467936,-0.8142858675089081,-0.8479328768105776,-0.9287824833398154,-0.8805256515576808,0.05155062765502573,294,-0.8394080380965786,-0.8588519476136022,-0.8610932377185796,-0.8571023068468554,-0.8443207027374172,-0.8521552466026066,0.00863803562104067,0.8805256515576808
0.05757913589477539,0.0005296370635024608,0.0023633956909179686,0.0001816665342085425,0.9,0.01,3,200,1.0,"{'colsample_bytree': 0.9, 'learning_rate': 0.01, 'max_depth': 3, 'n_estimators': 200, 'subsample': 1.0}",-0.9489062837488398,-0.85761941829466,-0.813955623404282,-0.8466957191331288,-0.9261355307271527,-0.8786625150616126,0.05067453807820152,292,-0.837765282551698,-0.8563265487469666,-0.858687064320969,-0.8538914901946394,-0.8420249088459805,-0.8497390589320506,0.008289558978007983,0.8786625150616126
0.11299643516540528,0.004107821428696438,0.0029288291931152343,0.00012238307834807962,0.9,0.01,3,300,0.8,"{'colsample_bytree': 0.9, 'learning_rate': 0.01, 'max_depth': 3, 'n_estimators': 300, 'subsample': 0.8}",-0.8671670054494287,-0.759759674199684,-0.7464364304564939,-0.766570708607402,-0.8447847849369658,-0.7969437207299949,0.04914516597546777,259,-0.739892437928433,-0.7642584998714046,-0.7626168368979984,-0.7580274791768563,-0.7457743790580623,-0.7541139265865509,0.009615888283526088,0.7969437207299949
0.11368579864501953,0.004527745578402907,0.0030072689056396484,0.00017511045938900936,0.9,0.01,3,300,0.9,"{'colsample_bytree': 0.9, 'learning_rate': 0.01, 'max_depth': 3, 'n_estimators': 300, 'subsample': 0.9}",-0.8688333768480914,-0.7603341561008075,-0.7484155464328665,-0.7688022157963292,-0.8444473548371979,-0.7981665300030585,0.048794323072382906,263,-0.7397299185222631,-0.7638037016601313,-0.7618186229739081,-0.7582153679263516,-0.7456020911850829,-0.7538339404535473,0.009476655287426793,0.7981665300030585
0.09579544067382813,0.00284948739593804,0.0031971454620361326,0.000546019094535639,0.9,0.01,3,300,1.0,"{'colsample_bytree': 0.9, 'learning_rate': 0.01, 'max_depth': 3, 'n_estimators': 300, 'subsample': 1.0}",-0.868321653447729,-0.7624291214358029,-0.7520640599131423,-0.7713967426780248,-0.8450730783679935,-0.7998569311685386,0.047385440754454895,269,-0.7410324186400483,-0.7633306586919542,-0.7632607010984124,-0.757654951468514,-0.746508175836799,-0.7543573811471456,0.009053479285829096,0.7998569311685386
0.06358857154846191,0.0032395445253561115,0.00253443717956543,0.0002790738261780914,0.9,0.01,4,100,0.8,"{'colsample_bytree': 0.9, 'learning_rate': 0.01, 'max_depth': 4, 'n_estimators': 100, 'subsample': 0.8}",-1.2884151216217112,-1.2546811782022793,-1.1419921181965584,-1.211002475440906,-1.2674858983024992,-1.232715358352791,0.05195403142598054,311,-1.1985332865626026,-1.2071689822856346,-1.2224056805646357,-1.2119180704636554,-1.2050961084210443,-1.2090244256595146,0.00795448941263803,1.232715358352791
0.07157301902770996,0.0035679952598363608,0.002881765365600586,0.0008326318905495414,0.9,0.01,4,100,0.9,"{'colsample_bytree': 0.9, 'learning_rate': 0.01, 'max_depth': 4, 'n_estimators': 100, 'subsample': 0.9}",-1.2860571985379914,-1.2497988172468983,-1.1412682058781711,-1.2101262171625349,-1.2656105088054241,-1.230572189526204,0.051125673663561466,309,-1.1961211408322574,-1.205787380012242,-1.2204890412456033,-1.2097457997997159,-1.2038586409420353,-1.2072004005663708,0.00798725245736032,1.230572189526204
0.06641597747802734,0.013277415472179243,0.002878904342651367,0.00021063387543644025,0.9,0.01,4,100,1.0,"{'colsample_bytree': 0.9, 'learning_rate': 0.01, 'max_depth': 4, 'n_estimators': 100, 'subsample': 1.0}",-1.2845077277462331,-1.2428749762626978,-1.138690106034183,-1.2046944846437277,-1.2627645066715922,-1.2267063602716868,0.051252308875700384,308,-1.1923154801308595,-1.2014889651230523,-1.2167015187485293,-1.205206800188839,-1.200944886210775,-1.203331530080411,0.007908447458746186,1.2267063602716868
0.1257728099822998,0.007072057522534471,0.0027608394622802733,7.362702342229267e-05,0.9,0.01,4,200,0.8,"{'colsample_bytree': 0.9, 'learning_rate': 0.01, 'max_depth': 4, 'n_estimators': 200, 'subsample': 0.8}",-0.9343355866159005,-0.848945378943419,-0.7881152970610971,-0.8289320252544332,-0.9091139771187636,-0.8618884529987227,0.05324465255858219,285,-0.7921462249514896,-0.8107436299698259,-0.817883896066745,-0.8095383498071322,-0.799367109156342,-0.8059358419903069,0.00907910428578761,0.8618884529987227
0.12068243026733398,0.005153225291139185,0.0027589321136474608,7.411871873778544e-05,0.9,0.01,4,200,0.9,"{'colsample_bytree': 0.9, 'learning_rate': 0.01, 'max_depth': 4, 'n_estimators': 200, 'subsample': 0.9}",-0.933828955891212,-0.8460121908588927,-0.7884759648847226,-0.8308086220738252,-0.9088808947767699,-0.8616013256970845,0.05289748260776065,284,-0.7901138457457988,-0.8108946370673813,-0.8170152943397315,-0.8087064757238713,-0.7989490919199237,-0.8051358689593414,0.00949706040542041,0.8616013256970845
0.10413289070129395,0.003579469312905032,0.002853107452392578,6.297887127240613e-05,0.9,0.01,4,200,1.0,"{'colsample_bytree': 0.9, 'learning_rate': 0.01, 'max_depth': 4, 'n_estimators': 200, 'subsample': 1.0}",-0.9317261287387025,-0.8416184090963618,-0.7873721178950392,-0.8308160261015093,-0.9023785789859453,-0.8587822521635117,0.05176400955770555,282,-0.7878583685418756,-0.8063874782614473,-0.8141258813656829,-0.8049482898714553,-0.7976743241700751,-0.8021988684421073,0.008871063588455352,0.8587822521635117
0.1729881763458252,0.0034555394996772988,0.0030861854553222655,7.195401617954034e-05,0.9,0.01,4,300,0.8,"{'colsample_bytree': 0.9, 'learning_rate': 0.01, 'max_depth': 4, 'n_estimators': 300, 'subsample': 0.8}",-0.8525026707935782,-0.7515854743407273,-0.7264610036232649,-0.7538033874328813,-0.826282369552245,-0.7821269811485394,0.04844821291028717,239,-0.6828089810793151,-0.7049399304489026,-0.7077437055726667,-0.7008823990379771,-0.691440043260538,-0.6975630118798798,0.009211470591856036,0.7821269811485394
0.1669635772705078,0.004053117580974432,0.0030186653137207033,0.00020941064811645616,0.9,0.01,4,300,0.9,"{'colsample_bytree': 0.9, 'learning_rate': 0.01, 'max_depth': 4, 'n_estimators': 300, 'subsample': 0.9}",-0.8534131730281623,-0.7505337252546547,-0.7280659756814771,-0.756465818848315,-0.826204212407422,-0.7829365810440063,0.04816734908395606,241,-0.6818278458328673,-0.7056071066212783,-0.7074894533112435,-0.699559504306041,-0.6906545278314087,-0.6970276875805678,0.009603305926132668,0.7829365810440063
0.14492363929748536,0.0020831224054985577,0.0032463550567626955,0.0004645073486523477,0.9,0.01,4,300,1.0,"{'colsample_bytree': 0.9, 'learning_rate': 0.01, 'max_depth': 4, 'n_estimators': 300, 'subsample': 1.0}",-0.8544200917524614,-0.7497937094223859,-0.7314328725685442,-0.76042397264575,-0.8238044822137832,-0.7839750257205849,0.04697357826575006,246,-0.6827410261727255,-0.7054677986210972,-0.707414450712215,-0.6991120454058347,-0.691949352585064,-0.6973369346993873,0.009087187484360193,0.7839750257205849
0.09297690391540528,0.011591148712881768,0.002369070053100586,0.00014163063797486785,0.9,0.01,5,100,0.8,"{'colsample_bytree': 0.9, 'learning_rate': 0.01, 'max_depth': 5, 'n_estimators': 100, 'subsample': 0.8}",-1.2861479226596975,-1.248982558249357,-1.1323939193211565,-1.2058557740474556,-1.2600235873967682,-1.226680752334887,0.053794323388033444,307,-1.178301711690631,-1.1878370719908107,-1.2044456951888036,-1.1899101018661797,-1.1870407496861568,-1.1895070660845164,0.00845880182176124,1.226680752334887
0.09947714805603028,0.010096683713224305,0.00277862548828125,0.0004293803462889175,0.9,0.01,5,100,0.9,"{'colsample_bytree': 0.9, 'learning_rate': 0.01, 'max_depth': 5, 'n_estimators': 100, 'subsample': 0.9}",-1.2813892471821284,-1.2423136106081634,-1.1309073232595885,-1.206953718553151,-1.2574455032338163,-1.2238018805673696,0.05235292089179761,305,-1.1743131432332257,-1.1849039796314549,-1.2015950180107933,-1.1877502317493238,-1.1840003612909504,-1.1865125467831494,0.008794734943258003,1.2238018805673696
0.0792318344116211,0.004598563443450572,0.0023421764373779295,7.89870929340291e-05,0.9,0.01,5,100,1.0,"{'colsample_bytree': 0.9, 'learning_rate': 0.01, 'max_depth': 5, 'n_estimators': 100, 'subsample': 1.0}",-1.2762471185004514,-1.229822689976773,-1.127916489007006,-1.2029069912798434,-1.2553356839501255,-1.21844579454284,0.05151368810150493,304,-1.1700677646937077,-1.1825148768270015,-1.1974910722061534,-1.1857231030192867,-1.1803923714286724,-1.1832378376349644,0.008847614495567382,1.21844579454284
0.17538051605224608,0.006731316805942619,0.0033760547637939455,0.0006877702766011366,0.9,0.01,5,200,0.8,"{'colsample_bytree': 0.9, 'learning_rate': 0.01, 'max_depth': 5, 'n_estimators': 200, 'subsample': 0.8}",-0.9297950789673041,-0.8420982774803385,-0.7753351855579605,-0.8256154328132201,-0.8969272594509283,-0.8539542468539503,0.054264391302937594,279,-0.7490643104770591,-0.7670302371610059,-0.7764138092410788,-0.7645261224030322,-0.758250334545816,-0.7630569627655983,0.009113162789528029,0.8539542468539503
0.17341413497924804,0.004984259406910886,0.0027819156646728517,0.00011585164784305175,0.9,0.01,5,200,0.9,"{'colsample_bytree': 0.9, 'learning_rate': 0.01, 'max_depth': 5, 'n_estimators': 200, 'subsample': 0.9}",-0.9268714062049628,-0.8376245374351992,-0.7763777031190119,-0.8284277034279003,-0.8977982134166806,-0.8534199127207509,0.05324314403524069,275,-0.745306432156497,-0.7667613504653681,-0.774933828937158,-0.7622668557037842,-0.7554783414797923,-0.7609493617485199,0.01005697404509766,0.8534199127207509
0.15715112686157226,0.004175880325083366,0.0027649402618408203,0.00014733396275965272,0.9,0.01,5,200,1.0,"{'colsample_bytree': 0.9, 'learning_rate': 0.01, 'max_depth': 5, 'n_estimators': 200, 'subsample': 1.0}",-0.9241149681824408,-0.8274065245230013,-0.7775109287175028,-0.8274227859788743,-0.8936026677155231,-0.8500115750234685,0.052285909484627115,274,-0.7422891811104481,-0.764822597346292,-0.7735082653000366,-0.7600241884170245,-0.7540741149552422,-0.7589436694258087,0.01047798940209895,0.8500115750234685
0.24103808403015137,0.008937249192903906,0.0030609130859375,7.951330745098607e-05,0.9,0.01,5,300,0.8,"{'colsample_bytree': 0.9, 'learning_rate': 0.01, 'max_depth': 5, 'n_estimators': 300, 'subsample': 0.8}",-0.8477371865873359,-0.7463983227065216,-0.7152416015633327,-0.7499466759250788,-0.8154654810126934,-0.7749578535589924,0.04887726620738092,210,-0.6234159416776774,-0.6440673486944043,-0.6484701665417787,-0.6391332059149653,-0.6334161236538521,-0.6377005572965355,0.00872902758708177,0.7749578535589924
0.23761086463928222,0.002552072311063304,0.0029770851135253905,7.17436961371913e-05,0.9,0.01,5,300,0.9,"{'colsample_bytree': 0.9, 'learning_rate': 0.01, 'max_depth': 5, 'n_estimators': 300, 'subsample': 0.9}",-0.8452936019635059,-0.743010465936824,-0.7178099310073232,-0.7540147108778708,-0.8144698667388791,-0.7749197153048806,0.04739925161800114,209,-0.6199306265611959,-0.6433530755879409,-0.6479064615146559,-0.6370047588597775,-0.6305640405617379,-0.6357517926170615,0.009841823712846148,0.7749197153048806
0.21890220642089844,0.004308355190612414,0.0031168460845947266,0.00025246255806656107,0.9,0.01,5,300,1.0,"{'colsample_bytree': 0.9, 'learning_rate': 0.01, 'max_depth': 5, 'n_estimators': 300, 'subsample': 1.0}",-0.8483907827062468,-0.7362929842629367,-0.7205600527685428,-0.7589859020996924,-0.8131644400167284,-0.7754788323708294,0.04808321395086432,216,-0.6208093681055146,-0.6450858145796557,-0.649090194667393,-0.637150047923662,-0.6317041140352918,-0.6367679078623035,0.010014882469439641,0.7754788323708294
0.038953208923339845,0.0004822729839410047,0.002043628692626953,9.628221935495953e-05,0.9,0.03,3,100,0.8,"{'colsample_bytree': 0.9, 'learning_rate': 0.03, 'max_depth': 3, 'n_estimators': 100, 'subsample': 0.8}",-0.8670096671836582,-0.7608619952475282,-0.7475056826442533,-0.7686360930822856,-0.8467812153161082,-0.7981589306947667,0.04885276112847003,262,-0.7385622999509064,-0.762764860148475,-0.7635047995606788,-0.7571741774496982,-0.7456980078409297,-0.7535408289901376,0.009832912662347192,0.7981589306947667
0.03818497657775879,0.00040202207263235085,0.0020740985870361327,0.0001406996575843584,0.9,0.03,3,100,0.9,"{'colsample_bytree': 0.9, 'learning_rate': 0.03, 'max_depth': 3, 'n_estimators': 100, 'subsample': 0.9}",-0.8680819688413414,-0.7595430276514444,-0.7490874199701507,-0.7684235567689089,-0.8421247367304481,-0.7974521419924587,0.04817285378265209,260,-0.7388699418656045,-0.7641522506451942,-0.7636400826551204,-0.7579524971093727,-0.743875157532792,-0.7536979859616167,0.01041726117459923,0.7974521419924587
0.03245401382446289,0.00035279792171062554,0.0020298480987548826,7.26907555234659e-05,0.9,0.03,3,100,1.0,"{'colsample_bytree': 0.9, 'learning_rate': 0.03, 'max_depth': 3, 'n_estimators': 100, 'subsample': 1.0}",-0.8682921029048773,-0.7610754933794635,-0.7493454854750659,-0.771782098483962,-0.8430522828900894,-0.7987094926266916,0.0477204994906667,265,-0.7396869335161189,-0.7616907750107773,-0.7614119131434327,-0.7580502995155205,-0.7447994215097299,-0.753127868539116,0.009123605133716763,0.7987094926266916
0.07063097953796386,0.0012583511747393042,0.0022889137268066405,7.358025348647837e-05,0.9,0.03,3,200,0.8,"{'colsample_bytree': 0.9, 'learning_rate': 0.03, 'max_depth': 3, 'n_estimators': 200, 'subsample': 0.8}",-0.8312664573480497,-0.7167917781602701,-0.7295090789272239,-0.7433191742819101,-0.8158909715640815,-0.7673554920563072,0.046919268914639406,153,-0.6757018287326882,-0.6962824291691073,-0.6960346357490076,-0.6914978454798326,-0.6801281252416443,-0.687928972874456,0.008468472495436826,0.7673554920563072
0.06955533027648926,0.001407026434756502,0.0023066043853759766,3.174589712210956e-05,0.9,0.03,3,200,0.9,"{'colsample_bytree': 0.9, 'learning_rate': 0.03, 'max_depth': 3, 'n_estimators': 200, 'subsample': 0.9}",-0.8319336996320204,-0.7181368931099119,-0.734640190515055,-0.7429411835279438,-0.8123896570765085,-0.7680083247722879,0.045354404103863204,159,-0.6766005438622709,-0.698560064877021,-0.6970755086726873,-0.6905310808118722,-0.6791488750312015,-0.6883832146510106,0.009031521954318632,0.7680083247722879
0.05564846992492676,0.0006030983445081842,0.0022509098052978516,6.123766236326859e-05,0.9,0.03,3,200,1.0,"{'colsample_bytree': 0.9, 'learning_rate': 0.03, 'max_depth': 3, 'n_estimators': 200, 'subsample': 1.0}",-0.8303337792880395,-0.7211474116059593,-0.7317012986413397,-0.745514043463154,-0.8137246052971665,-0.7684842276591318,0.04470670238052877,166,-0.6778733531571053,-0.6993343625157614,-0.696989464384579,-0.6927144093620563,-0.6806834103328823,-0.6895189999504769,0.008672353262907315,0.7684842276591318
0.09986534118652343,0.00039474648423524095,0.002725696563720703,0.0001999531552843145,0.9,0.03,3,300,0.8,"{'colsample_bytree': 0.9, 'learning_rate': 0.03, 'max_depth': 3, 'n_estimators': 300, 'subsample': 0.8}",-0.8264427047661798,-0.7090534417224851,-0.7274012082656317,-0.7399278525108542,-0.8123153478727497,-0.7630281110275801,0.04725845000718231,94,-0.6458242221939599,-0.6676656419257774,-0.6649185648590077,-0.6590100664113149,-0.649644416143856,-0.6574125823067832,0.008469373728068686,0.7630281110275801
0.09928178787231445,0.0008476195680667104,0.0025362014770507813,3.2873625401940686e-05,0.9,0.03,3,300,0.9,"{'colsample_bytree': 0.9, 'learning_rate': 0.03, 'max_depth': 3, 'n_estimators': 300, 'subsample': 0.9}",-0.8281293160689838,-0.7124293298217387,-0.7332660704777664,-0.7399685622176405,-0.8105537954234001,-0.764869414801906,0.045733279098946304,115,-0.6484357769349617,-0.6700190835565131,-0.6665746939847372,-0.6608445639070062,-0.6490749310368416,-0.6589898098840119,0.008857854041401683,0.764869414801906
0.07842411994934081,0.00025819178276472674,0.0025524616241455076,9.29401248811985e-05,0.9,0.03,3,300,1.0,"{'colsample_bytree': 0.9, 'learning_rate': 0.03, 'max_depth': 3, 'n_estimators': 300, 'subsample': 1.0}",-0.8242412376945721,-0.7156437852553259,-0.7304445341790787,-0.7463136143260461,-0.8149519412768517,-0.766319022546375,0.04466613647966566,134,-0.6538544488773317,-0.6753435889432142,-0.6708058447163813,-0.6682671276512775,-0.6559372662384751,-0.664841655285336,0.008456983812254142,0.766319022546375
0.05609602928161621,0.0005726793902167978,0.0021865367889404297,8.707508709977068e-05,0.9,0.03,4,100,0.8,"{'colsample_bytree': 0.9, 'learning_rate': 0.03, 'max_depth': 4, 'n_estimators': 100, 'subsample': 0.8}",-0.85415910542121,-0.7496146563423213,-0.7312431073769389,-0.7559552082728818,-0.82791598889126,-0.7837776132609224,0.04817223016470889,245,-0.6831076075592944,-0.705811800312028,-0.708055991003855,-0.70032384961759,-0.6895342045732393,-0.6973666906132013,0.00958118048205433,0.7837776132609224
0.054974365234375,0.0009523193198582886,0.002041339874267578,2.7459362383435748e-05,0.9,0.03,4,100,0.9,"{'colsample_bytree': 0.9, 'learning_rate': 0.03, 'max_depth': 4, 'n_estimators': 100, 'subsample': 0.9}",-0.8536151370690388,-0.7485005303823435,-0.7304987659028166,-0.7568949402589028,-0.828250060516511,-0.7835518868259226,0.048292048609262825,242,-0.682138903948329,-0.7027993634335018,-0.7073392272254603,-0.6969630937200237,-0.6889059712907789,-0.6956293119236189,0.009137889751097424,0.7835518868259226
0.04827837944030762,0.00025828308004985785,0.002055978775024414,5.615364434715942e-05,0.9,0.03,4,100,1.0,"{'colsample_bytree': 0.9, 'learning_rate': 0.03, 'max_depth': 4, 'n_estimators': 100, 'subsample': 1.0}",-0.8534875492295988,-0.7470685263767507,-0.728939126013656,-0.7594995559728301,-0.8251197664158202,-0.7828229048017312,0.047975686067323504,240,-0.6821961375889319,-0.7043633072147134,-0.7065103876868571,-0.6977128037686803,-0.6905283006774088,-0.6962621873873183,0.00898319824400998,0.7828229048017312
0.1009676456451416,0.0004997933365157978,0.002430438995361328,7.985833777048098e-05,0.9,0.03,4,200,0.8,"{'colsample_bytree': 0.9, 'learning_rate': 0.03, 'max_depth': 4, 'n_estimators': 200, 'subsample': 0.8}",-0.8230990160606504,-0.7129550232853308,-0.7211896852230907,-0.7371123370915668,-0.8043740129075017,-0.759746014913628,0.045152036028939975,53,-0.6055414731200075,-0.623014679938866,-0.6233631478090683,-0.6203152648393504,-0.6110613114668864,-0.6166591754348356,0.0071223880629158265,0.759746014913628
0.10066328048706055,0.001221795390633499,0.002424335479736328,6.83448554695485e-05,0.9,0.03,4,200,0.9,"{'colsample_bytree': 0.9, 'learning_rate': 0.03, 'max_depth': 4, 'n_estimators': 200, 'subsample': 0.9}",-0.8243344636404668,-0.7150243435504345,-0.7225684871942981,-0.7368540685727816,-0.8022038983845042,-0.7601970522684971,0.04445123185784567,61,-0.6049071482523757,-0.6222418152289052,-0.6226931674484826,-0.616004320785589,-0.6087982084352572,-0.6149289320301219,0.007112524097262324,0.7601970522684971
0.08688840866088868,0.0015489667349189063,0.002518177032470703,0.00011816299949440755,0.9,0.03,4,200,1.0,"{'colsample_bytree': 0.9, 'learning_rate': 0.03, 'max_depth': 4, 'n_estimators': 200, 'subsample': 1.0}",-0.8217253992717279,-0.714980533007696,-0.722768750656709,-0.741477818986032,-0.8019274712313947,-0.760575994630712,0.04317932013241586,65,-0.6067126854740127,-0.6243529804425544,-0.6234005806879814,-0.6219706304946389,-0.6138649354161196,-0.6180603625030614,0.0067790345766691445,0.760575994630712
0.14668474197387696,0.0016205173887241387,0.0028528213500976563,4.901937009493903e-05,0.9,0.03,4,300,0.8,"{'colsample_bytree': 0.9, 'learning_rate': 0.03, 'max_depth': 4, 'n_estimators': 300, 'subsample': 0.8}",-0.8199801749583289,-0.7115160945297545,-0.7251121099755239,-0.7354330297756727,-0.7997250368705344,-0.7583532892219628,0.04320539699267944,31,-0.5642326315343936,-0.5805041159771506,-0.5797716744841724,-0.5762293965109102,-0.5706336493495968,-0.5742742935712447,0.006114631279588196,0.7583532892219628
0.14671897888183594,0.0021121646954023114,0.0029959678649902344,0.00047652945126946267,0.9,0.03,4,300,0.9,"{'colsample_bytree': 0.9, 'learning_rate': 0.03, 'max_depth': 4, 'n_estimators': 300, 'subsample': 0.9}",-0.8229107108997595,-0.7127461252012529,-0.7260832592185334,-0.7350713864718826,-0.8010970193522392,-0.7595817002287335,0.043933034116084756,50,-0.5654293064214478,-0.5825267141479599,-0.5777894052549012,-0.5732492532922153,-0.5681133885989168,-0.5734216135430883,0.006229998309843178,0.7595817002287335
0.12613348960876464,0.0040580077897743125,0.002864646911621094,0.0001011181961507989,0.9,0.03,4,300,1.0,"{'colsample_bytree': 0.9, 'learning_rate': 0.03, 'max_depth': 4, 'n_estimators': 300, 'subsample': 1.0}",-0.8200687242396762,-0.7144773395716684,-0.7244656477549579,-0.7411963272444632,-0.8032723550989824,-0.7606960787819496,0.04281800235949018,67,-0.574385089999506,-0.5870416510289768,-0.5848929156746564,-0.5869510899176553,-0.5812829337109867,-0.5829107360663561,0.004746669043382235,0.7606960787819496
0.08392038345336914,0.0015537703247579862,0.002210044860839844,6.0802552936161076e-05,0.9,0.03,5,100,0.8,"{'colsample_bytree': 0.9, 'learning_rate': 0.03, 'max_depth': 5, 'n_estimators': 100, 'subsample': 0.8}",-0.8480384446652798,-0.7486292978754436,-0.7137768669935998,-0.7564379875915358,-0.8166353594834652,-0.7767035913218647,0.04866588269371939,227,-0.6227481945343863,-0.6458699953851483,-0.647592525983342,-0.6396236429010198,-0.6308829515434615,-0.6373434620694717,0.009356327664162977,0.7767035913218647
0.08323068618774414,0.0004140793700200383,0.002151298522949219,2.813436215555627e-05,0.9,0.03,5,100,0.9,"{'colsample_bytree': 0.9, 'learning_rate': 0.03, 'max_depth': 5, 'n_estimators': 100, 'subsample': 0.9}",-0.8475473945983005,-0.7448231473554898,-0.7142892684233962,-0.7502885016485686,-0.8181239987464618,-0.7750144621544435,0.049658627045025154,211,-0.6189541881659435,-0.6426237478895702,-0.644045514495983,-0.6360333408822876,-0.6301033745950854,-0.6343520332057739,0.009169038888538724,0.7750144621544435
0.07682337760925292,0.00040941230072831026,0.002166128158569336,2.246232018801839e-05,0.9,0.03,5,100,1.0,"{'colsample_bytree': 0.9, 'learning_rate': 0.03, 'max_depth': 5, 'n_estimators': 100, 'subsample': 1.0}",-0.8515909308382165,-0.7368507880245041,-0.7173982983686152,-0.7597435262579358,-0.810240798794803,-0.7751648684568149,0.04922200132978072,212,-0.6172382215823283,-0.6428163910391195,-0.6470191784564961,-0.6371019472300905,-0.6306983929919112,-0.6349748262599891,0.010430304201011478,0.7751648684568149
0.15407781600952147,0.002473939493994732,0.002636432647705078,6.032150251349503e-05,0.9,0.03,5,200,0.8,"{'colsample_bytree': 0.9, 'learning_rate': 0.03, 'max_depth': 5, 'n_estimators': 200, 'subsample': 0.8}",-0.8175302408865707,-0.7169910590882568,-0.708530846951771,-0.7442518685368581,-0.7934254460165532,-0.7561458922960019,0.04266043760988513,18,-0.520840922193372,-0.5385214135070682,-0.5426869929146886,-0.5393721698831102,-0.5305431776238465,-0.534392935224417,0.007862648338352311,0.7561458922960019
0.1519556999206543,0.002344428453729369,0.002614927291870117,9.155464667071513e-05,0.9,0.03,5,200,0.9,"{'colsample_bytree': 0.9, 'learning_rate': 0.03, 'max_depth': 5, 'n_estimators': 200, 'subsample': 0.9}",-0.8201504586463454,-0.7154463523585712,-0.7134241491581014,-0.7343173983735327,-0.7945368582457092,-0.7555750433564519,0.04365066888942418,13,-0.5167296261353098,-0.5394968398784118,-0.5403144372963322,-0.5356981766979455,-0.5289540387433138,-0.5322386237502625,0.008731397117072525,0.7555750433564519
0.13939437866210938,0.003382085005811608,0.002636623382568359,0.0001353829119952859,0.9,0.03,5,200,1.0,"{'colsample_bytree': 0.9, 'learning_rate': 0.03, 'max_depth': 5, 'n_estimators': 200, 'subsample': 1.0}",-0.824097603121912,-0.7066230776139977,-0.7135228049466694,-0.7450335593965138,-0.7901118665992952,-0.7558777823356776,0.04508543820674692,14,-0.5171283004083278,-0.5429534852276349,-0.5418364564205221,-0.5426669655054033,-0.5302380298494078,-0.5349646474822591,0.010107870010289033,0.7558777823356776
0.22506289482116698,0.013910839755006071,0.003199148178100586,0.00023225882864341422,0.9,0.03,5,300,0.8,"{'colsample_bytree': 0.9, 'learning_rate': 0.03, 'max_depth': 5, 'n_estimators': 300, 'subsample': 0.8}",-0.8154019566406818,-0.7173639447535689,-0.7114912982717567,-0.7443876835392566,-0.7891303294872597,-0.7555550425385047,0.040580380572603277,12,-0.46672927821460586,-0.482903476737675,-0.4826152479833896,-0.4827792406376865,-0.47584721446010997,-0.47817489160669335,0.0063197540919259585,0.7555550425385047
0.2390523910522461,0.02786203229392479,0.003825950622558594,0.0011429023697316527,0.9,0.03,5,300,0.9,"{'colsample_bytree': 0.9, 'learning_rate': 0.03, 'max_depth': 5, 'n_estimators': 300, 'subsample': 0.9}",-0.8180957234508023,-0.7174097683100886,-0.7176997025676515,-0.7363687318396744,-0.7955965875756458,-0.7570341027487724,0.04185672522046899,23,-0.4646683177710593,-0.4841114214659065,-0.482931529357871,-0.48063846129770194,-0.4750996340875917,-0.4774898727960261,0.007120051359633564,0.7570341027487724
0.21054253578186036,0.022996867245612916,0.0032880306243896484,0.00011526861486517393,0.9,0.03,5,300,1.0,"{'colsample_bytree': 0.9, 'learning_rate': 0.03, 'max_depth': 5, 'n_estimators': 300, 'subsample': 1.0}",-0.8198788131046901,-0.706125663146332,-0.714672830415722,-0.7451928834228209,-0.7897245974942153,-0.7551189575167561,0.043648936417003154,8,-0.4821164349666143,-0.49740515592277285,-0.48700035810740905,-0.4976031296759869,-0.48771874308222724,-0.4903687643510021,0.006137044266125097,0.7551189575167561
0.04427032470703125,0.0011780675119576545,0.0023528575897216798,0.00010081251007381035,0.9,0.05,3,100,0.8,"{'colsample_bytree': 0.9, 'learning_rate': 0.05, 'max_depth': 3, 'n_estimators': 100, 'subsample': 0.8}",-0.8378862865169387,-0.7232694321560877,-0.7368795561649599,-0.7438342266059675,-0.8221825278225849,-0.7728104058533078,0.04744982543669809,200,-0.689354946241514,-0.7119503079395311,-0.7132875868415243,-0.7033611499960418,-0.6955646732426215,-0.7027037328522466,0.009242354564728054,0.7728104058533078
0.044347381591796874,0.001151071473717314,0.0023776531219482423,0.0001466762724980383,0.9,0.05,3,100,0.9,"{'colsample_bytree': 0.9, 'learning_rate': 0.05, 'max_depth': 3, 'n_estimators': 100, 'subsample': 0.9}",-0.8385798540305227,-0.727857255598775,-0.7359111462031804,-0.7422466851780233,-0.8174000380335876,-0.7723989958088178,0.046107464520260495,193,-0.6901093996993293,-0.7117231816997203,-0.7112020471854819,-0.7052664149311472,-0.6913727315802037,-0.7019347550191765,0.009425405310236024,0.7723989958088178
0.04061441421508789,0.004526280114773203,0.0022883892059326174,5.5140068422213374e-05,0.9,0.05,3,100,1.0,"{'colsample_bytree': 0.9, 'learning_rate': 0.05, 'max_depth': 3, 'n_estimators': 100, 'subsample': 1.0}",-0.8370468368353737,-0.7270973398113302,-0.7380686505387616,-0.7441366006471865,-0.8192184355244886,-0.7731135726714281,0.04560356522678785,203,-0.689726800560023,-0.7120100485034276,-0.7118627097115966,-0.7043337960486025,-0.6943938955007983,-0.7024654500648896,0.009058937567114228,0.7731135726714281
0.07841644287109376,0.00705996395794595,0.0024582386016845704,1.6247207213628277e-05,0.9,0.05,3,200,0.8,"{'colsample_bytree': 0.9, 'learning_rate': 0.05, 'max_depth': 3, 'n_estimators': 200, 'subsample': 0.8}",-0.8271578755891538,-0.7111699798553625,-0.7352436511979114,-0.7419263991509407,-0.8142547708698776,-0.7659505353326492,0.04604480162418586,129,-0.6379326740674186,-0.659201253592395,-0.6594013310445417,-0.6481139570908279,-0.6445388044612675,-0.6498376040512901,0.008389498204189563,0.7659505353326492
0.07392120361328125,0.0029984310258954947,0.0025030136108398437,6.782170077959643e-05,0.9,0.05,3,200,0.9,"{'colsample_bytree': 0.9, 'learning_rate': 0.05, 'max_depth': 3, 'n_estimators': 200, 'subsample': 0.9}",-0.8286732284787246,-0.7179056437736113,-0.7339371132059664,-0.7368170151331175,-0.8119868482645384,-0.7658639697711916,0.045244610013292906,128,-0.6408838707139046,-0.6624347875716259,-0.658345373887978,-0.6518330478155733,-0.6404260983981087,-0.6507846356774382,0.008936603503431747,0.7658639697711916
0.058391761779785153,0.0009241283910043775,0.002469635009765625,7.58990259092966e-05,0.9,0.05,3,200,1.0,"{'colsample_bytree': 0.9, 'learning_rate': 0.05, 'max_depth': 3, 'n_estimators': 200, 'subsample': 1.0}",-0.8257112238503246,-0.7165007840671112,-0.734866653718123,-0.7397904150524992,-0.8179069238169945,-0.7669552001010105,0.04552273482443749,147,-0.6457740381459645,-0.668715959947307,-0.6620338964719994,-0.6569809783048074,-0.6507761921504752,-0.6568562130041107,0.008090226488766946,0.7669552001010105
0.10660462379455567,0.00169438928517908,0.002766323089599609,6.411099974705417e-05,0.9,0.05,3,300,0.8,"{'colsample_bytree': 0.9, 'learning_rate': 0.05, 'max_depth': 3, 'n_estimators': 300, 'subsample': 0.8}",-0.8269014089377574,-0.7121155598109586,-0.734146185757838,-0.7386014538177295,-0.812947365662568,-0.7649423947973704,0.04599200543267978,116,-0.6003214312583508,-0.619379990074201,-0.617921500336003,-0.610164936761341,-0.6073016873338438,-0.6110179091527479,0.0070219153286774135,0.7649423947973704
0.10499458312988282,0.0018568082007567347,0.0028657913208007812,0.0002247179786138981,0.9,0.05,3,300,0.9,"{'colsample_bytree': 0.9, 'learning_rate': 0.05, 'max_depth': 3, 'n_estimators': 300, 'subsample': 0.9}",-0.8298723825953973,-0.7171755868324267,-0.7368884062682493,-0.7361758083506013,-0.8118054659722171,-0.7663835300037783,0.04538254535242872,138,-0.6031583632746692,-0.6234708572664135,-0.6212906006044754,-0.6144131708311384,-0.6051567500731239,-0.613497948409964,0.008215894130627609,0.7663835300037783
0.08380594253540039,0.0018287540961285664,0.002828073501586914,8.266785966405774e-05,0.9,0.05,3,300,1.0,"{'colsample_bytree': 0.9, 'learning_rate': 0.05, 'max_depth': 3, 'n_estimators': 300, 'subsample': 1.0}",-0.8253352985823318,-0.7184404385781684,-0.740259444304932,-0.736418872499039,-0.8198464435274331,-0.7680600994983808,0.04516287918865966,160,-0.6144083452559984,-0.6348251695262294,-0.6266696131535107,-0.6231899313247812,-0.6219544836575928,-0.6242095085836226,0.0066472828963674855,0.7680600994983808
0.058052873611450194,0.001595957759949251,0.0022535324096679688,0.00020126273498170103,0.9,0.05,4,100,0.8,"{'colsample_bytree': 0.9, 'learning_rate': 0.05, 'max_depth': 4, 'n_estimators': 100, 'subsample': 0.8}",-0.8269412943399875,-0.7186786880227075,-0.7216613275886609,-0.7343140307836705,-0.8072649733117836,-0.761772062809362,0.04590530949126861,78,-0.6213296207448655,-0.641511052026083,-0.642246077704341,-0.6364115371220874,-0.6294006935909822,-0.6341797962376718,0.007896324560367698,0.761772062809362
0.05711498260498047,0.001137456892281747,0.002210092544555664,0.0001135081183845573,0.9,0.05,4,100,0.9,"{'colsample_bytree': 0.9, 'learning_rate': 0.05, 'max_depth': 4, 'n_estimators': 100, 'subsample': 0.9}",-0.8258016346674036,-0.7131253180303362,-0.7204532196448439,-0.7414272215406266,-0.8024333310056472,-0.7606481449777716,0.04524262147907276,66,-0.6198094718716741,-0.6406095784301679,-0.6444832749418606,-0.6359554694198495,-0.6265515990801387,-0.6334818787487381,0.009087540457702546,0.7606481449777716
0.04827899932861328,0.0003930246615770482,0.0021379470825195314,8.74287658834034e-05,0.9,0.05,4,100,1.0,"{'colsample_bytree': 0.9, 'learning_rate': 0.05, 'max_depth': 4, 'n_estimators': 100, 'subsample': 1.0}",-0.8240234087889632,-0.7177138561528059,-0.7260444235515487,-0.7423912364883458,-0.801563453233138,-0.7623472756429603,0.04254441605833447,89,-0.6234466294340315,-0.637320023434378,-0.6411943342691601,-0.6372488620493358,-0.6274092024477268,-0.6333238103269264,0.006721044354930094,0.7623472756429603
0.10430541038513183,0.0010493827352338688,0.002588510513305664,7.843775587337307e-05,0.9,0.05,4,200,0.8,"{'colsample_bytree': 0.9, 'learning_rate': 0.05, 'max_depth': 4, 'n_estimators': 200, 'subsample': 0.8}",-0.8209519216741966,-0.7130960191203827,-0.7214986235925681,-0.7368373531361991,-0.8036662608018096,-0.7592100356650312,0.04435675030318575,47,-0.5526806768311286,-0.5678654232517774,-0.567846729861497,-0.5599796767444623,-0.5582052337482922,-0.5613155480874314,0.005857931532214196,0.7592100356650312
0.10240368843078614,0.0029543598662230114,0.0025966644287109377,6.1945056131176e-05,0.9,0.05,4,200,0.9,"{'colsample_bytree': 0.9, 'learning_rate': 0.05, 'max_depth': 4, 'n_estimators': 200, 'subsample': 0.9}",-0.8229690510346779,-0.7108640170898675,-0.7219041431114104,-0.739455556616044,-0.7969621126413305,-0.758430976098666,0.04383309996265562,34,-0.5506706779974754,-0.5689228529623075,-0.569720781284652,-0.5600225643907008,-0.5567878299435274,-0.5612249413157325,0.007265855521358421,0.758430976098666
0.08668074607849122,0.0020059917012768417,0.0025182247161865236,8.232941179643814e-05,0.9,0.05,4,200,1.0,"{'colsample_bytree': 0.9, 'learning_rate': 0.05, 'max_depth': 4, 'n_estimators': 200, 'subsample': 1.0}",-0.8203804392587123,-0.7169440121233921,-0.7277766967401951,-0.7407177171205896,-0.8049175710637386,-0.7621472872613256,0.04220023037963978,83,-0.5654228244374285,-0.5737562773194073,-0.5717735584590828,-0.5773946109442967,-0.5735603539046363,-0.5723815250129702,0.003929471950413538,0.7621472872613256
0.1438532829284668,0.001132132570729584,0.0027729034423828124,7.981869472961763e-05,0.9,0.05,4,300,0.8,"{'colsample_bytree': 0.9, 'learning_rate': 0.05, 'max_depth': 4, 'n_estimators': 300, 'subsample': 0.8}",-0.8227301134107373,-0.7211113920357445,-0.7238146332558775,-0.7379075835494523,-0.79994648099579,-0.7611020406495204,0.042034498843054234,69,-0.498633981422147,-0.5091172167065257,-0.5089047752828116,-0.5020108513133347,-0.5022136157582183,-0.5041760880966075,0.0041480050347704025,0.7611020406495204
0.14138202667236327,0.0012883470395756353,0.0027723789215087892,7.974057564033564e-05,0.9,0.05,4,300,0.9,"{'colsample_bytree': 0.9, 'learning_rate': 0.05, 'max_depth': 4, 'n_estimators': 300, 'subsample': 0.9}",-0.8235882526608973,-0.7170218088696174,-0.726789805110028,-0.7414141866468388,-0.7988759555580794,-0.7615380017690921,0.0420439126753907,73,-0.49813642547506265,-0.5110124074741711,-0.5127815605984236,-0.5035972916329982,-0.5030950115009369,-0.5057245393363186,0.005418157803844985,0.7615380017690921
0.12006797790527343,0.001227101498059173,0.002796459197998047,5.961082426463282e-05,0.9,0.05,4,300,1.0,"{'colsample_bytree': 0.9, 'learning_rate': 0.05, 'max_depth': 4, 'n_estimators': 300, 'subsample': 1.0}",-0.8194396410192211,-0.7238295288661502,-0.7310780990223564,-0.7406827818859794,-0.801430795727111,-0.7632921693041637,0.039276772065201616,96,-0.5224551142743591,-0.5197896726926498,-0.5220160423413799,-0.5281905835022196,-0.5243444089067668,-0.5233591643434751,0.0028169441535916898,0.7632921693041637
0.08146657943725585,0.0008593746087385975,0.0021742820739746095,3.290058907885354e-05,0.9,0.05,5,100,0.8,"{'colsample_bytree': 0.9, 'learning_rate': 0.05, 'max_depth': 5, 'n_estimators': 100, 'subsample': 0.8}",-0.8220484797904091,-0.7212618098705491,-0.7103235772307347,-0.73577083048572,-0.8025032477763601,-0.7583815890307546,0.04516390296358491,33,-0.541829075844219,-0.5650321799510415,-0.5630481229001761,-0.5609945179464421,-0.5526768434010773,-0.5567161480085911,0.008549802827669536,0.7583815890307546
0.08108444213867187,0.0010357730197546073,0.002124595642089844,1.701874503970862e-05,0.9,0.05,5,100,0.9,"{'colsample_bytree': 0.9, 'learning_rate': 0.05, 'max_depth': 5, 'n_estimators': 100, 'subsample': 0.9}",-0.8274206307573728,-0.7149473739990673,-0.7155793356513471,-0.738706096577418,-0.793792656018585,-0.7580892186007581,0.045001321043853404,30,-0.5433307028643272,-0.5619197524140039,-0.564064966872937,-0.5584860966852867,-0.5468094872808869,-0.5549222012234882,0.008311873422666727,0.7580892186007581
0.07297568321228028,0.0008005957349495362,0.0022568702697753906,0.0001295190141517869,0.9,0.05,5,100,1.0,"{'colsample_bytree': 0.9, 'learning_rate': 0.05, 'max_depth': 5, 'n_estimators': 100, 'subsample': 1.0}",-0.8247156734869328,-0.7126537003047679,-0.7160867062337699,-0.7420878442118525,-0.7917568579169122,-0.7574601564308471,0.04394373034245551,25,-0.5392725289347523,-0.5650558789332283,-0.5623759246710728,-0.559936374126731,-0.5537085964281598,-0.5560698606187888,0.00919990017301854,0.7574601564308471
0.14910478591918946,0.004039413755609822,0.0026871681213378905,9.355921742577181e-05,0.9,0.05,5,200,0.8,"{'colsample_bytree': 0.9, 'learning_rate': 0.05, 'max_depth': 5, 'n_estimators': 200, 'subsample': 0.8}",-0.8174573969803616,-0.7211811682969365,-0.7106940818816966,-0.7407257449736953,-0.8024801180769416,-0.7585077020419264,0.04336876824792251,35,-0.44699073130019173,-0.46712183569319726,-0.4686704376680828,-0.4630596839525342,-0.4573620913427177,-0.46064095599134475,0.007866437696443993,0.7585077020419264
0.15016765594482423,0.0035041409574204257,0.0027037620544433593,0.00010176766276762135,0.9,0.05,5,200,0.9,"{'colsample_bytree': 0.9, 'learning_rate': 0.05, 'max_depth': 5, 'n_estimators': 200, 'subsample': 0.9}",-0.8270434765040473,-0.7145520777072903,-0.7181076600125849,-0.7394852346789768,-0.7894358132640602,-0.7577248524333919,0.043764713522513016,27,-0.4496866598136655,-0.4687880178191535,-0.4702334066250175,-0.46762820628319796,-0.4537545453112661,-0.46201816717046007,0.008545725198837232,0.7577248524333919
0.13553462028503419,0.0032225421574372474,0.0027780532836914062,0.0001276227729672991,0.9,0.05,5,200,1.0,"{'colsample_bytree': 0.9, 'learning_rate': 0.05, 'max_depth': 5, 'n_estimators': 200, 'subsample': 1.0}",-0.8173218103354087,-0.7121276314473332,-0.7193868107800795,-0.741978171317189,-0.7911651140006685,-0.7563959075761357,0.04112927905600213,21,-0.46635367116263327,-0.48771074883910065,-0.47577196763487933,-0.4782664993862019,-0.4772859007462089,-0.4770777575538048,0.00680041249695179,0.7563959075761357
0.2196584701538086,0.004123687481130297,0.0030664443969726563,6.198105396495563e-05,0.9,0.05,5,300,0.8,"{'colsample_bytree': 0.9, 'learning_rate': 0.05, 'max_depth': 5, 'n_estimators': 300, 'subsample': 0.8}",-0.8223763737994958,-0.7296143745506933,-0.7186348443532127,-0.7426307425074672,-0.8008755619344757,-0.762826379429069,0.04112842061134531,92,-0.37897668374864596,-0.3925372965678958,-0.39185194005260776,-0.38837585844234157,-0.3845677483296847,-0.3872619054282352,0.005020805544901952,0.762826379429069
0.21258530616760254,0.004544035050980534,0.003005838394165039,8.710505894045893e-05,0.9,0.05,5,300,0.9,"{'colsample_bytree': 0.9, 'learning_rate': 0.05, 'max_depth': 5, 'n_estimators': 300, 'subsample': 0.9}",-0.8319588641148064,-0.7213153123636808,-0.7240270420669193,-0.742782353728464,-0.7904139840990632,-0.7620995112745866,0.04282068406416965,81,-0.3826493305939948,-0.39214186716354693,-0.3966307041408824,-0.3965735439928876,-0.3809542373669254,-0.3897899366516474,0.006743928265563447,0.7620995112745866
0.18575878143310548,0.003300983979417823,0.00299687385559082,9.453005323214043e-05,0.9,0.05,5,300,1.0,"{'colsample_bytree': 0.9, 'learning_rate': 0.05, 'max_depth': 5, 'n_estimators': 300, 'subsample': 1.0}",-0.8201144108586531,-0.7138271404105676,-0.7250879625506091,-0.7437922120775889,-0.7914943643468823,-0.7588632180488601,0.04052814262545446,41,-0.4086109038032939,-0.4204433574052322,-0.41438769275398235,-0.4178051810231472,-0.4169331756138725,-0.4156360621199056,0.004010210559065158,0.7588632180488601
0.036713790893554685,0.00046652920981545004,0.001873922348022461,8.592102806631776e-05,0.9,0.1,3,100,0.8,"{'colsample_bytree': 0.9, 'learning_rate': 0.1, 'max_depth': 3, 'n_estimators': 100, 'subsample': 0.8}",-0.8290621297729133,-0.7245493108940863,-0.7326229968935455,-0.7442899057812279,-0.8117350909224743,-0.7684518868528494,0.04322495612999097,165,-0.6424131862886922,-0.6625544710464957,-0.6590250808890489,-0.6516223491617746,-0.644476752865275,-0.6520183680502573,0.007866330763243116,0.7684518868528494
0.03670835494995117,0.00029924914940069984,0.0019448280334472656,7.22170466438221e-05,0.9,0.1,3,100,0.9,"{'colsample_bytree': 0.9, 'learning_rate': 0.1, 'max_depth': 3, 'n_estimators': 100, 'subsample': 0.9}",-0.8320852655452229,-0.7236126780007882,-0.7389351544990619,-0.7423605616610637,-0.8192230190223279,-0.7712433357456928,0.04505663813592461,182,-0.6415551815446745,-0.6636975278741931,-0.6594479000633814,-0.6530466711228358,-0.6436791406223401,-0.6522852842454849,0.00861768985291196,0.7712433357456928
0.029798555374145507,0.00017737421914290944,0.0018970966339111328,4.084577188562189e-05,0.9,0.1,3,100,1.0,"{'colsample_bytree': 0.9, 'learning_rate': 0.1, 'max_depth': 3, 'n_estimators': 100, 'subsample': 1.0}",-0.829860970964306,-0.7146817476698187,-0.7290773048990998,-0.7475476575710533,-0.8230222609969446,-0.7688379884202445,0.04822204547132711,170,-0.6464509820981542,-0.6685613552690671,-0.6611306694475672,-0.657340760719424,-0.6498181161442468,-0.6566603767356919,0.007913633782444678,0.7688379884202445
0.06780858039855957,0.0007032022739259543,0.002267122268676758,4.222338512936686e-05,0.9,0.1,3,200,0.8,"{'colsample_bytree': 0.9, 'learning_rate': 0.1, 'max_depth': 3, 'n_estimators': 200, 'subsample': 0.8}",-0.8330185553576295,-0.7222070469869893,-0.7330238808684283,-0.7483012270515208,-0.8068921414987352,-0.7686885703526606,0.04346494145016507,167,-0.572271868757442,-0.5881474759673623,-0.5895705254541641,-0.5766738779885859,-0.5780279606987179,-0.5809383417732545,0.006756477408135008,0.7686885703526606
0.06660270690917969,0.000459320357032527,0.002306365966796875,0.00012882976987740126,0.9,0.1,3,200,0.9,"{'colsample_bytree': 0.9, 'learning_rate': 0.1, 'max_depth': 3, 'n_estimators': 200, 'subsample': 0.9}",-0.8353918215452065,-0.7347744142366379,-0.7391059764818501,-0.746871944730639,-0.819916636177945,-0.7752121586344558,0.04327150893191131,213,-0.5754468590893295,-0.5907692222903966,-0.5902825917933929,-0.5800136810326788,-0.5754998397122427,-0.5824024387836081,0.006838596407497518,0.7752121586344558
0.05255832672119141,0.0005858274810724974,0.0022294044494628905,0.000106365408970909,0.9,0.1,3,200,1.0,"{'colsample_bytree': 0.9, 'learning_rate': 0.1, 'max_depth': 3, 'n_estimators': 200, 'subsample': 1.0}",-0.8275963423951552,-0.7196332392204506,-0.7362163186784116,-0.7471905833656525,-0.8239527036354373,-0.7709178374590214,0.045656188980530574,177,-0.584167015841233,-0.6023682920011715,-0.5969245567276789,-0.5887267121318603,-0.5846148623420809,-0.5913602878088049,0.007159844859680761,0.7709178374590214
0.09870877265930175,0.001903963462180666,0.0026266098022460936,0.0001517373010529773,0.9,0.1,3,300,0.8,"{'colsample_bytree': 0.9, 'learning_rate': 0.1, 'max_depth': 3, 'n_estimators': 300, 'subsample': 0.8}",-0.8381370937243912,-0.729415943950301,-0.736178205284165,-0.7504833675940856,-0.8091081699108292,-0.7726645560927543,0.04314740210681604,197,-0.5188988046411167,-0.5321819806886176,-0.5324770237366195,-0.5229612242995575,-0.5216512719176684,-0.525634061056716,0.005622663681651238,0.7726645560927543
0.09750704765319824,0.0005046358295948545,0.0026209354400634766,9.706828227351e-05,0.9,0.1,3,300,0.9,"{'colsample_bytree': 0.9, 'learning_rate': 0.1, 'max_depth': 3, 'n_estimators': 300, 'subsample': 0.9}",-0.8352694686815847,-0.7400828402214046,-0.7416635897507841,-0.7474794468279284,-0.8227116309761496,-0.7774413952915703,0.042348345122144034,229,-0.5220307551620628,-0.5344539928428023,-0.5356295949326461,-0.5259618494694768,-0.5225584527121382,-0.5281269290238251,0.005816881741484931,0.7774413952915703
0.07752046585083008,0.0003843767917116732,0.0025383472442626954,4.482690304401626e-05,0.9,0.1,3,300,1.0,"{'colsample_bytree': 0.9, 'learning_rate': 0.1, 'max_depth': 3, 'n_estimators': 300, 'subsample': 1.0}",-0.8270967617430162,-0.7229989942171215,-0.7378234404528772,-0.7503805483496604,-0.8238006938052796,-0.7724200877135912,0.0441692633959693,194,-0.5327782210497388,-0.5460492714999832,-0.5443695497924284,-0.5352962812326594,-0.5364988301492478,-0.5389984307448115,0.005238476839250299,0.7724200877135912
0.05247306823730469,0.0009371274131334338,0.002088451385498047,6.147734827050545e-05,0.9,0.1,4,100,0.8,"{'colsample_bytree': 0.9, 'learning_rate': 0.1, 'max_depth': 4, 'n_estimators': 100, 'subsample': 0.8}",-0.8270381418779593,-0.7331019237253267,-0.7303224563806433,-0.7293814749899798,-0.7966081930775415,-0.7632904380102901,0.04079680019732024,95,-0.5607470600605099,-0.5760077153739871,-0.5719262787219425,-0.5634017085308193,-0.5572657794208894,-0.5658697084216295,0.007011724077731257,0.7632904380102901
0.05326929092407227,0.0018636263664622114,0.0020836353302001952,6.865786148972358e-05,0.9,0.1,4,100,0.9,"{'colsample_bytree': 0.9, 'learning_rate': 0.1, 'max_depth': 4, 'n_estimators': 100, 'subsample': 0.9}",-0.8143529803965783,-0.7311694142332945,-0.7258961847097062,-0.7380718721793902,-0.8071317528050758,-0.763324440864809,0.03897564559535705,97,-0.5504415966728161,-0.5708028606587562,-0.5658224264239353,-0.5634170139314552,-0.558900599451807,-0.561876899427754,0.006888199046243832,0.763324440864809
0.045778083801269534,0.0010074787452584812,0.0021062374114990236,6.691800913030625e-05,0.9,0.1,4,100,1.0,"{'colsample_bytree': 0.9, 'learning_rate': 0.1, 'max_depth': 4, 'n_estimators': 100, 'subsample': 1.0}",-0.8281823999080504,-0.7187365792938206,-0.7270291880522013,-0.7436819706227706,-0.8007468073764815,-0.7636753890506649,0.04312220299766014,99,-0.5673819072750924,-0.5734783927400791,-0.5734610807667685,-0.5719803727010957,-0.5670239668806569,-0.5706651440727384,0.0028809467756180274,0.7636753890506649
0.0991964340209961,0.0016530481515301047,0.002796363830566406,0.0005937286209644806,0.9,0.1,4,200,0.8,"{'colsample_bytree': 0.9, 'learning_rate': 0.1, 'max_depth': 4, 'n_estimators': 200, 'subsample': 0.8}",-0.8332382950464253,-0.7438419089284829,-0.7384035999831874,-0.7376352509871648,-0.801749061457615,-0.7709736232805751,0.0393253108151679,179,-0.45768532102084025,-0.46092664798918437,-0.46736468184358587,-0.4581522164321636,-0.4563860426006544,-0.4601029819772857,0.003921145743001388,0.7709736232805751
0.09590730667114258,0.0008731584661814359,0.0024291038513183593,4.408683811348193e-05,0.9,0.1,4,200,0.9,"{'colsample_bytree': 0.9, 'learning_rate': 0.1, 'max_depth': 4, 'n_estimators': 200, 'subsample': 0.9}",-0.8214810943996255,-0.740701295659225,-0.7284998860472052,-0.747322756594744,-0.8066930475643973,-0.7689396160530394,0.0376456947131428,171,-0.4568954135540332,-0.46625746461300743,-0.46655352901173397,-0.4563930301027699,-0.4588954382420565,-0.4609989751047202,0.004494075991981933,0.7689396160530394
0.08216114044189453,0.0014187570153661624,0.0024659156799316405,7.936630417156584e-05,0.9,0.1,4,200,1.0,"{'colsample_bytree': 0.9, 'learning_rate': 0.1, 'max_depth': 4, 'n_estimators': 200, 'subsample': 1.0}",-0.8339866123116898,-0.7291389152977565,-0.7305791788932928,-0.7497542251165571,-0.7961273982170913,-0.7679172659672775,0.04096036954879101,157,-0.47589409476914457,-0.4723508200943543,-0.48183073885171274,-0.4786931724681968,-0.4755899593606635,-0.47687175710881435,0.003192076266134064,0.7679172659672775
0.1425269603729248,0.0007574789258648243,0.0028256893157958983,0.0001074715639604836,0.9,0.1,4,300,0.8,"{'colsample_bytree': 0.9, 'learning_rate': 0.1, 'max_depth': 4, 'n_estimators': 300, 'subsample': 0.8}",-0.8362184994152771,-0.7498282378552068,-0.7422406008519077,-0.74741880355786,-0.8027105024020134,-0.7756833288164529,0.03736511785575229,221,-0.3773524487971447,-0.38161685870880435,-0.3887804254335072,-0.38178726829330856,-0.3795006219112423,-0.3818075246288014,0.003842593141578647,0.7756833288164529
0.1413557529449463,0.0012787531270483377,0.0026965618133544924,3.0453211735009633e-05,0.9,0.1,4,300,0.9,"{'colsample_bytree': 0.9, 'learning_rate': 0.1, 'max_depth': 4, 'n_estimators': 300, 'subsample': 0.9}",-0.823980967166371,-0.7552752433331724,-0.7341104317468294,-0.7525108791706094,-0.8129940965180676,-0.7757743235870099,0.03579517286692589,223,-0.3790103111295419,-0.3843825500364804,-0.3863755136024668,-0.37941563076193247,-0.37907715282638416,-0.38165223167136114,0.0031105365907125536,0.7757743235870099
0.11946687698364258,0.0023673439197608973,0.0027151107788085938,5.321767588485812e-05,0.9,0.1,4,300,1.0,"{'colsample_bytree': 0.9, 'learning_rate': 0.1, 'max_depth': 4, 'n_estimators': 300, 'subsample': 1.0}",-0.8348859545612262,-0.7388888070137885,-0.7349472464554182,-0.7588701242595496,-0.796594348878995,-0.7728372962337955,0.037941194594024105,201,-0.40586066623251876,-0.3965268797930096,-0.4071308564612655,-0.4001428914631642,-0.4061394235099663,-0.40316014349198487,0.004124063313957806,0.7728372962337955
0.07640371322631836,0.0007304644536369578,0.0022735595703125,6.338814276315894e-05,0.9,0.1,5,100,0.8,"{'colsample_bytree': 0.9, 'learning_rate': 0.1, 'max_depth': 5, 'n_estimators': 100, 'subsample': 0.8}",-0.8217309352653214,-0.7371024801048528,-0.7295009833152214,-0.7365474508971087,-0.8032659783057714,-0.7656295655776552,0.038803870167888596,126,-0.45941285797116993,-0.4737728160638993,-0.46384663589697017,-0.4706858564983676,-0.4650604402271096,-0.4665557213315033,0.005093917536240586,0.7656295655776552
0.07701702117919922,0.0010989317512110103,0.0022387981414794924,8.47325542249117e-05,0.9,0.1,5,100,0.9,"{'colsample_bytree': 0.9, 'learning_rate': 0.1, 'max_depth': 5, 'n_estimators': 100, 'subsample': 0.9}",-0.8178830986644783,-0.7260118284284525,-0.7325102110580263,-0.7388513223186944,-0.7920820732905204,-0.7614677067520343,0.03667994708989962,72,-0.4537569682254375,-0.4755048039238437,-0.4637942557497492,-0.465599855014262,-0.4597043555126552,-0.46367204768518955,0.007180485749330127,0.7614677067520343
0.06921987533569336,0.0011325473007066079,0.0022860050201416017,0.00015412409672269762,0.9,0.1,5,100,1.0,"{'colsample_bytree': 0.9, 'learning_rate': 0.1, 'max_depth': 5, 'n_estimators': 100, 'subsample': 1.0}",-0.8237774114470592,-0.7131028022283444,-0.7239602717740966,-0.7443265148452917,-0.7938153560064485,-0.7597964712602481,0.04231949125241564,54,-0.46818619070252154,-0.48485751132777005,-0.46746775134945384,-0.47780328615207424,-0.4738886693566919,-0.47444068177770227,0.006447675257538469,0.7597964712602481
0.14698319435119628,0.001910817457403662,0.002885103225708008,0.0005293220647311181,0.9,0.1,5,200,0.8,"{'colsample_bytree': 0.9, 'learning_rate': 0.1, 'max_depth': 5, 'n_estimators': 200, 'subsample': 0.8}",-0.8272461561556597,-0.753525790421118,-0.7400261599981668,-0.7464937532479778,-0.8052606612639969,-0.7745105042173839,0.03504593467998447,208,-0.32948779062623174,-0.3345487003578317,-0.3314552245314639,-0.331005027260326,-0.3358872531875371,-0.33247679919267814,0.0023692982298055484,0.7745105042173839
0.14491333961486816,0.0004143758692361883,0.002624702453613281,3.316243885728699e-05,0.9,0.1,5,200,0.9,"{'colsample_bytree': 0.9, 'learning_rate': 0.1, 'max_depth': 5, 'n_estimators': 200, 'subsample': 0.9}",-0.82644717361408,-0.7328518912505613,-0.734061513751188,-0.7472040669869758,-0.7937660279700101,-0.7668661347145631,0.03713007750006326,146,-0.32888764398636067,-0.3394395183665566,-0.3413301662845189,-0.336102828514174,-0.33175288144483844,-0.33550260771928975,0.00463978796066432,0.7668661347145631
0.12828006744384765,0.002325144413905498,0.002603435516357422,6.679305748573112e-05,0.9,0.1,5,200,1.0,"{'colsample_bytree': 0.9, 'learning_rate': 0.1, 'max_depth': 5, 'n_estimators': 200, 'subsample': 1.0}",-0.8303908841804993,-0.7266402477425774,-0.7300213243978425,-0.7497081986774413,-0.794887781222871,-0.7663296872442463,0.04022244246019014,135,-0.34965659209412325,-0.36164974047703957,-0.34772126550853527,-0.349539056687874,-0.3547871420515936,-0.35267075936383313,0.0050693477473221634,0.7663296872442463
0.22148423194885253,0.002892188082889986,0.003371000289916992,0.0005186190407591175,0.9,0.1,5,300,0.8,"{'colsample_bytree': 0.9, 'learning_rate': 0.1, 'max_depth': 5, 'n_estimators': 300, 'subsample': 0.8}",-0.8321269581329092,-0.7618258214597758,-0.7445235918332391,-0.7522710049713841,-0.8081957127728425,-0.7797886178340301,0.034263006401020375,235,-0.23879774646967367,-0.2406289454198787,-0.24213143084615646,-0.24216490475680474,-0.2439830603533583,-0.24154121756917438,0.0017354427533737573,0.7797886178340301
0.22260947227478028,0.00588645069243614,0.003058195114135742,7.02051025582571e-05,0.9,0.1,5,300,0.9,"{'colsample_bytree': 0.9, 'learning_rate': 0.1, 'max_depth': 5, 'n_estimators': 300, 'subsample': 0.9}",-0.8299422551227594,-0.7412009524524741,-0.7416478149995297,-0.7514925933564447,-0.7966425397971494,-0.7721852311456715,0.035368851649043034,191,-0.24299401684766261,-0.24745145056925208,-0.25000471540101377,-0.24883621029652636,-0.24715822824011363,-0.24728892427091367,0.002377365833514151,0.7721852311456715
0.19363489151000976,0.005938068071446271,0.0031694412231445313,0.0002694220499187859,0.9,0.1,5,300,1.0,"{'colsample_bytree': 0.9, 'learning_rate': 0.1, 'max_depth': 5, 'n_estimators': 300, 'subsample': 1.0}",-0.8341581807255241,-0.7384606531721649,-0.7330353130564828,-0.7544568666437848,-0.7963180437044592,-0.7712858114604831,0.03847948153644244,183,-0.26862746240406943,-0.2685279999824072,-0.26403968679994033,-0.2677122711172802,-0.27258353517298306,-0.26829819109533604,0.0027204252107986696,0.7712858114604831
0.04328455924987793,0.0015406112890200409,0.002100515365600586,6.669013878244597e-05,1.0,0.01,3,100,0.8,"{'colsample_bytree': 1.0, 'learning_rate': 0.01, 'max_depth': 3, 'n_estimators': 100, 'subsample': 0.8}",-1.2902417317714867,-1.2552023455656256,-1.1433436658010652,-1.2119033273882311,-1.265550603033035,-1.2332483347118888,0.05159868461358704,314,-1.2117773011773618,-1.2195853281334201,-1.231544327359232,-1.2254242074326527,-1.2159529488174377,-1.2208568225840208,0.006974039685951634,1.2332483347118888
0.04104723930358887,0.0005995510373195147,0.0019814491271972655,4.948099465572353e-05,1.0,0.01,3,100,0.9,"{'colsample_bytree': 1.0, 'learning_rate': 0.01, 'max_depth': 3, 'n_estimators': 100, 'subsample': 0.9}",-1.2904559397209259,-1.2521627359242544,-1.1438969081896926,-1.2115055216210417,-1.2663412602126525,-1.2328724731337133,0.05134457584850932,312,-1.2118010323523192,-1.218913389495973,-1.2307440572537423,-1.2245357260833762,-1.2148077588117703,-1.2201603927994362,0.006800619229989049,1.2328724731337133
0.034712028503417966,0.00041594637870905326,0.0019359111785888672,9.129039610478094e-05,1.0,0.01,3,100,1.0,"{'colsample_bytree': 1.0, 'learning_rate': 0.01, 'max_depth': 3, 'n_estimators': 100, 'subsample': 1.0}",-1.2892165865602425,-1.250163515737782,-1.1438851020910357,-1.2133323100274604,-1.2661402745698551,-1.232547557797275,0.05075515385451758,310,-1.211515806040537,-1.2194619092343282,-1.230078498444332,-1.2239723953588988,-1.214502518469643,-1.2199062255095479,0.006630316425254692,1.232547557797275
0.07587909698486328,0.0006635279265903198,0.0022736072540283205,5.071480946881518e-05,1.0,0.01,3,200,0.8,"{'colsample_bytree': 1.0, 'learning_rate': 0.01, 'max_depth': 3, 'n_estimators': 200, 'subsample': 0.8}",-0.9390317098963954,-0.8532514944194798,-0.8031994255621043,-0.8371707586440478,-0.9177798289286784,-0.8700866434901411,0.050732316644566636,289,-0.828682055094321,-0.8492560916796293,-0.8509827512429331,-0.8487273974041416,-0.8331150854919722,-0.8421526761825995,0.009325142083966882,0.8700866434901411
0.07504897117614746,0.0006436719055658005,0.0022703170776367187,6.251980714031752e-05,1.0,0.01,3,200,0.9,"{'colsample_bytree': 1.0, 'learning_rate': 0.01, 'max_depth': 3, 'n_estimators': 200, 'subsample': 0.9}",-0.9399664852394126,-0.8511893910916366,-0.8050799489860542,-0.8374446582889667,-0.920148831352907,-0.8707658629917955,0.05105993324963736,290,-0.8290261170551487,-0.8492262583262415,-0.850995978730866,-0.848680800993962,-0.8330286258116723,-0.8421915561835782,0.009234752506494729,0.8707658629917955
0.062096786499023435,0.0005121228947985328,0.0022535800933837892,5.235281132350798e-05,1.0,0.01,3,200,1.0,"{'colsample_bytree': 1.0, 'learning_rate': 0.01, 'max_depth': 3, 'n_estimators': 200, 'subsample': 1.0}",-0.9403425286179026,-0.8503782529994404,-0.8060846498061706,-0.8398519605089304,-0.9192436572066404,-0.8711802098278169,0.05048788738334391,291,-0.8291589643849724,-0.8498931899911207,-0.8507639517251594,-0.8493615946262391,-0.8330833976965012,-0.8424522196847984,0.009345350208595673,0.8711802098278169
0.11077742576599121,0.00041398634092799686,0.0025456905364990234,4.905090138305953e-05,1.0,0.01,3,300,0.8,"{'colsample_bytree': 1.0, 'learning_rate': 0.01, 'max_depth': 3, 'n_estimators': 300, 'subsample': 0.8}",-0.8621346182322972,-0.7574487401907539,-0.7450596081738187,-0.7646075401217987,-0.8421925377816615,-0.794288608900066,0.04808222887397507,253,-0.7363276218648052,-0.7590445016660821,-0.7607455246430724,-0.7566753895071993,-0.7415393318726223,-0.7508664739107562,0.009965872557470683,0.794288608900066
0.10997357368469238,0.000666671018879891,0.0024980545043945313,5.504931653854005e-05,1.0,0.01,3,300,0.9,"{'colsample_bytree': 1.0, 'learning_rate': 0.01, 'max_depth': 3, 'n_estimators': 300, 'subsample': 0.9}",-0.8638431224136716,-0.7554599560680896,-0.7482173105124622,-0.7652813339681832,-0.8439457228559735,-0.795349489163676,0.04851738409418905,255,-0.7372914115438566,-0.760281327402661,-0.760690015639012,-0.7566905931738419,-0.7412135271494878,-0.7512333749817718,0.009958417755979037,0.795349489163676
0.09014005661010742,0.0007600167798702929,0.0025275707244873046,7.153584088704126e-05,1.0,0.01,3,300,1.0,"{'colsample_bytree': 1.0, 'learning_rate': 0.01, 'max_depth': 3, 'n_estimators': 300, 'subsample': 1.0}",-0.8646371591981246,-0.7569041639915218,-0.7505364093725903,-0.767740148507589,-0.8444876808969621,-0.7968611123933576,0.04785906167299145,258,-0.7376453916673342,-0.7608364288348077,-0.7620658440484994,-0.7585874696508101,-0.741521513516042,-0.7521313295434988,0.010378493816497917,0.7968611123933576
0.05984201431274414,0.0006168935142863089,0.002143383026123047,0.00012476943350689469,1.0,0.01,4,100,0.8,"{'colsample_bytree': 1.0, 'learning_rate': 0.01, 'max_depth': 4, 'n_estimators': 100, 'subsample': 0.8}",-1.2750119654389518,-1.2415861030405688,-1.1256372455378694,-1.1942804970906404,-1.2497526483682002,-1.2172536918952461,0.05273633944332878,303,-1.183562212606009,-1.1909459481824465,-1.2065016471979348,-1.1960805201849742,-1.1895767260293824,-1.1933334108401494,0.007697246678743876,1.2172536918952461
0.06031279563903809,0.0015500413592385133,0.0020988941192626952,2.223902254769981e-05,1.0,0.01,4,100,0.9,"{'colsample_bytree': 1.0, 'learning_rate': 0.01, 'max_depth': 4, 'n_estimators': 100, 'subsample': 0.9}",-1.2751068265111367,-1.235596913927953,-1.1243927243387706,-1.194053955752271,-1.2506142199947188,-1.2159529281049701,0.052819146026680995,302,-1.1816493744217516,-1.1890274890760475,-1.204822820394664,-1.1947015294112207,-1.1874384504058144,-1.1915279327418997,0.007840762109731081,1.2159529281049701
0.053585147857666014,0.0012033962006450674,0.002061319351196289,2.5464354352231808e-05,1.0,0.01,4,100,1.0,"{'colsample_bytree': 1.0, 'learning_rate': 0.01, 'max_depth': 4, 'n_estimators': 100, 'subsample': 1.0}",-1.276153207780868,-1.2322648115418,-1.1248371987862729,-1.1934871289427789,-1.2501889620276567,-1.2153862618158755,0.05266391542778875,301,-1.1809559827539493,-1.1891789276200568,-1.2045964269493776,-1.1941696306663565,-1.1874880228508786,-1.1912777981681237,0.007887408900110499,1.2153862618158755
0.11654267311096192,0.00099405558117107,0.002410411834716797,4.052246224852924e-05,1.0,0.01,4,200,0.8,"{'colsample_bytree': 1.0, 'learning_rate': 0.01, 'max_depth': 4, 'n_estimators': 200, 'subsample': 0.8}",-0.9278798301179503,-0.8430388784684215,-0.7785488984044103,-0.8226784152528744,-0.8956703989975784,-0.8535632842482469,0.052891879217749155,276,-0.7817961524642643,-0.8014142605670367,-0.8073157570858178,-0.7994359533633006,-0.7890823417062652,-0.7958088930373369,0.009149721560344815,0.8535632842482469
0.1149362564086914,0.0013870570980906143,0.0023765087127685545,4.256566959083825e-05,1.0,0.01,4,200,0.9,"{'colsample_bytree': 1.0, 'learning_rate': 0.01, 'max_depth': 4, 'n_estimators': 200, 'subsample': 0.9}",-0.9269931069315316,-0.8409183395761939,-0.7796923240344633,-0.8221956060820256,-0.8992308343080276,-0.8538060421864484,0.05306206545712997,278,-0.780732565193895,-0.8007845195929459,-0.8064697847683425,-0.7988416441844665,-0.7887399816423942,-0.7951136990764088,0.009191928502522843,0.8538060421864484
0.10266265869140626,0.0012994300465654154,0.0025006771087646485,0.00013685979058175962,1.0,0.01,4,200,1.0,"{'colsample_bytree': 1.0, 'learning_rate': 0.01, 'max_depth': 4, 'n_estimators': 200, 'subsample': 1.0}",-0.9298294694436868,-0.8399751746908837,-0.7833543864698681,-0.8221893776534226,-0.8992211668011452,-0.8549139150118013,0.052896692315872844,280,-0.7819516978210832,-0.8022620670339864,-0.8065550429097363,-0.7991125593812255,-0.7894060976565251,-0.7958574929605112,0.008955928106121575,0.8549139150118013
0.1693387508392334,0.0014087598868488319,0.002766275405883789,9.532505524416983e-05,1.0,0.01,4,300,0.8,"{'colsample_bytree': 1.0, 'learning_rate': 0.01, 'max_depth': 4, 'n_estimators': 300, 'subsample': 0.8}",-0.8497681831224949,-0.75003717944007,-0.7239316591275284,-0.753963770923184,-0.8195267062160501,-0.7794454997658654,0.047218083859035004,234,-0.6782259184994617,-0.6997095894809369,-0.7027700767716867,-0.6960697279244815,-0.6864744830793333,-0.69264995915118,0.009056924786536922,0.7794454997658654
0.17087011337280272,0.00125327088973185,0.002786111831665039,0.00015305643861376146,1.0,0.01,4,300,0.9,"{'colsample_bytree': 1.0, 'learning_rate': 0.01, 'max_depth': 4, 'n_estimators': 300, 'subsample': 0.9}",-0.8526628281088978,-0.7491458303397097,-0.726722619041434,-0.755018987309496,-0.8238106063584283,-0.7814721742315932,0.048172459841093494,238,-0.677784816903413,-0.7013530974189507,-0.7025594663402575,-0.6958323820917405,-0.6872078069489275,-0.6929475139406578,0.009318986474784073,0.7814721742315932
0.15052423477172852,0.0006370065008614528,0.0027322292327880858,3.5234491097035374e-05,1.0,0.01,4,300,1.0,"{'colsample_bytree': 1.0, 'learning_rate': 0.01, 'max_depth': 4, 'n_estimators': 300, 'subsample': 1.0}",-0.8602439878498019,-0.7519172685322427,-0.732790731567577,-0.7570957594601551,-0.82373049006288,-0.7851556474945313,0.04849847195337454,251,-0.679319016818472,-0.7042738619600895,-0.7033344622792346,-0.6981927897467889,-0.6864004172655899,-0.694304109614035,0.009829409169476217,0.7851556474945313
0.08962998390197754,0.0025498622132490005,0.002271747589111328,0.00011282118315018727,1.0,0.01,5,100,0.8,"{'colsample_bytree': 1.0, 'learning_rate': 0.01, 'max_depth': 5, 'n_estimators': 100, 'subsample': 0.8}",-1.2755761545490705,-1.238084750369575,-1.1173700416196817,-1.1951849385334399,-1.245621883366164,-1.2143675536875862,0.05488592065920957,300,-1.1666804676717213,-1.1737034261240726,-1.190820339941365,-1.1782865427824574,-1.1741107153221655,-1.1767202983683565,0.007974633987283281,1.2143675536875862
0.0900454044342041,0.002049252551743293,0.0022400856018066407,0.00012552991549334155,1.0,0.01,5,100,0.9,"{'colsample_bytree': 1.0, 'learning_rate': 0.01, 'max_depth': 5, 'n_estimators': 100, 'subsample': 0.9}",-1.2757071324860225,-1.229729563839914,-1.1171489263143317,-1.1926098551411175,-1.2444524794420047,-1.2119295914446782,0.05440363718654876,299,-1.1633743157989755,-1.1706165367372785,-1.18847918483509,-1.175951078783883,-1.1707629313390733,-1.17383680949886,0.008344482585720297,1.2119295914446782
0.08458714485168457,0.0036499354158303753,0.002194499969482422,8.635724990514961e-05,1.0,0.01,5,100,1.0,"{'colsample_bytree': 1.0, 'learning_rate': 0.01, 'max_depth': 5, 'n_estimators': 100, 'subsample': 1.0}",-1.2743846658808098,-1.2210046216297485,-1.1191730678301788,-1.1942999110173858,-1.2481896473717453,-1.2114103827459737,0.05331231484032241,298,-1.163560016540909,-1.1710832951872527,-1.1884183626156968,-1.1754517417614025,-1.1694765451284945,-1.173597992246751,0.008332475611203486,1.2114103827459737
0.17803077697753905,0.0024802166408903446,0.0025951385498046873,2.6569458878487162e-05,1.0,0.01,5,200,0.8,"{'colsample_bytree': 1.0, 'learning_rate': 0.01, 'max_depth': 5, 'n_estimators': 200, 'subsample': 0.8}",-0.9232308200054675,-0.8348608976020939,-0.7661604365793843,-0.8231240137366606,-0.8885189058214121,-0.8471790147490037,0.05438244711121641,272,-0.7387187545270582,-0.7572552002144968,-0.7654377518573485,-0.7547975820594987,-0.7470870759329513,-0.7526592729182708,0.009103536345300634,0.8471790147490037
0.17597708702087403,0.0026641705959566417,0.0025574684143066405,5.6174048279572446e-05,1.0,0.01,5,200,0.9,"{'colsample_bytree': 1.0, 'learning_rate': 0.01, 'max_depth': 5, 'n_estimators': 200, 'subsample': 0.9}",-0.9232173426332236,-0.8332420744402957,-0.7688480560695755,-0.8203753480578795,-0.8883999844847864,-0.8468165611371521,0.053905014110337435,271,-0.7364400292196635,-0.755965067696776,-0.7633528152009517,-0.7535060348389053,-0.7445032501826002,-0.7507534394277794,0.009353295654169251,0.8468165611371521
0.16513981819152831,0.003487334069466878,0.0025766849517822265,4.7941844359999725e-05,1.0,0.01,5,200,1.0,"{'colsample_bytree': 1.0, 'learning_rate': 0.01, 'max_depth': 5, 'n_estimators': 200, 'subsample': 1.0}",-0.9279735955319048,-0.8280015385326263,-0.7761444952978819,-0.8237941506007156,-0.8929905410384315,-0.849780864200312,0.05395024103918483,273,-0.7390553338515353,-0.7577976458680558,-0.7659897330808836,-0.7525902766767902,-0.7447042929551313,-0.7520274564864793,0.009491698578520287,0.849780864200312
0.2685985088348389,0.0014390001161738977,0.0030408859252929687,5.0952142191435495e-05,1.0,0.01,5,300,0.8,"{'colsample_bytree': 1.0, 'learning_rate': 0.01, 'max_depth': 5, 'n_estimators': 300, 'subsample': 0.8}",-0.8440144052068375,-0.7448686178623192,-0.7122199283705483,-0.7511423073314101,-0.8114391308077878,-0.7727368779157805,0.04792414183902546,198,-0.6170575185616619,-0.6364391687090815,-0.6414070940177062,-0.6327804187941211,-0.6257320676180755,-0.6306832535401293,0.008517092366076753,0.7727368779157805
0.27065625190734866,0.004448642689558477,0.003026103973388672,9.884681323239283e-05,1.0,0.01,5,300,0.9,"{'colsample_bytree': 1.0, 'learning_rate': 0.01, 'max_depth': 5, 'n_estimators': 300, 'subsample': 0.9}",-0.8455009703276314,-0.7426659314865812,-0.7184918677288002,-0.7509305213481642,-0.8108732335336577,-0.773692504884967,0.04704620874395678,204,-0.6147117004039628,-0.6368422240964642,-0.639906508809869,-0.6311398182149413,-0.6231432468082263,-0.6291486996666927,0.009201931759505743,0.773692504884967
0.2529298782348633,0.00587179884301486,0.0029500007629394533,2.4720868157000323e-05,1.0,0.01,5,300,1.0,"{'colsample_bytree': 1.0, 'learning_rate': 0.01, 'max_depth': 5, 'n_estimators': 300, 'subsample': 1.0}",-0.8553957395389437,-0.737136627581796,-0.7208765114781543,-0.7560352346872774,-0.8173277804279928,-0.7773543787428329,0.050892140335558965,228,-0.6171281690367316,-0.6384972385213418,-0.6436966483987184,-0.632961377953518,-0.6258154745917996,-0.631619781700422,0.0093663954719411,0.7773543787428329
0.04156460762023926,0.0003317761057211648,0.0020666122436523438,7.808869093692032e-05,1.0,0.03,3,100,0.8,"{'colsample_bytree': 1.0, 'learning_rate': 0.03, 'max_depth': 3, 'n_estimators': 100, 'subsample': 0.8}",-0.8620062718504153,-0.7576732954630959,-0.7464213602547378,-0.7614511759795873,-0.8441789650898965,-0.7943462137275465,0.0485488714521619,254,-0.7371735224556952,-0.7588856761015876,-0.7597499852889298,-0.7570942488568893,-0.7405139834180194,-0.7506834832242243,0.009762306182038464,0.7943462137275465
0.0413245677947998,0.00039728787195836496,0.0020979881286621095,7.202586998154357e-05,1.0,0.03,3,100,0.9,"{'colsample_bytree': 1.0, 'learning_rate': 0.03, 'max_depth': 3, 'n_estimators': 100, 'subsample': 0.9}",-0.8635094877301893,-0.7559111296372957,-0.747026225205022,-0.7653109588329636,-0.8455907765126992,-0.795469715583634,0.048913669732075594,256,-0.7370392558177691,-0.7590159992903477,-0.7597924733910365,-0.7562278398545343,-0.7404506798650997,-0.7505052496437574,0.00973509924299587,0.795469715583634
0.035110998153686526,0.00046155709816653,0.0019687652587890626,8.613566680730146e-05,1.0,0.03,3,100,1.0,"{'colsample_bytree': 1.0, 'learning_rate': 0.03, 'max_depth': 3, 'n_estimators': 100, 'subsample': 1.0}",-0.863540577711197,-0.7567059343752535,-0.750532743471613,-0.7664799318924266,-0.8437707325320679,-0.7962059839965117,0.04759472619480928,257,-0.7368159520517785,-0.758988229925757,-0.7611392612639911,-0.7579055083442445,-0.740643661505607,-0.7510985226182757,0.010224430658916844,0.7962059839965117
0.07523269653320312,0.0012172109264732577,0.0022785186767578123,5.3936880333780326e-05,1.0,0.03,3,200,0.8,"{'colsample_bytree': 1.0, 'learning_rate': 0.03, 'max_depth': 3, 'n_estimators': 200, 'subsample': 0.8}",-0.8278484998682226,-0.720176362188788,-0.7345552572860996,-0.7401192938647775,-0.8155267238593992,-0.7676452274134573,0.04477273282398346,155,-0.6753454703225711,-0.694564426234883,-0.6942624442671197,-0.6909420334680204,-0.6760466592665314,-0.6862322067118252,0.008698959379347636,0.7676452274134573
0.07415132522583008,0.0008469788583486409,0.0022230148315429688,1.5580977930500346e-05,1.0,0.03,3,200,0.9,"{'colsample_bytree': 1.0, 'learning_rate': 0.03, 'max_depth': 3, 'n_estimators': 200, 'subsample': 0.9}",-0.8291433436907756,-0.7169831858833164,-0.7337964165816713,-0.7433069014615419,-0.8175925953013563,-0.7681644885837324,0.04600032230461508,163,-0.6739776101211878,-0.6958291194952179,-0.6954531992620961,-0.6905173606024375,-0.6767591019720093,-0.6865072782905897,0.009327663282880564,0.7681644885837324
0.06161532402038574,0.0009098212747550546,0.002299213409423828,6.0044118071493924e-05,1.0,0.03,3,200,1.0,"{'colsample_bytree': 1.0, 'learning_rate': 0.03, 'max_depth': 3, 'n_estimators': 200, 'subsample': 1.0}",-0.8283990577009074,-0.7173045762136161,-0.7346211336111419,-0.7447475782449964,-0.8157496827526166,-0.7681644057046556,0.045061720028674715,162,-0.6776310303501089,-0.6993374079799869,-0.6991451712652459,-0.6962634413299624,-0.6803190444879931,-0.6905392190826595,0.00954264707802975,0.7681644057046556
0.10661859512329101,0.000561083636470968,0.002540922164916992,6.527770078033577e-05,1.0,0.03,3,300,0.8,"{'colsample_bytree': 1.0, 'learning_rate': 0.03, 'max_depth': 3, 'n_estimators': 300, 'subsample': 0.8}",-0.8247833691508755,-0.7146345102667994,-0.7306906973348306,-0.7392514345270138,-0.8134228138341328,-0.7645565650227304,0.04537540387280668,110,-0.6445429990023979,-0.6636494036533447,-0.6629292830662415,-0.6594631058726101,-0.6447065100930508,-0.655058260337529,0.008635888611218612,0.7645565650227304
0.10770783424377442,0.00440937877000679,0.002566242218017578,6.779219217542173e-05,1.0,0.03,3,300,0.9,"{'colsample_bytree': 1.0, 'learning_rate': 0.03, 'max_depth': 3, 'n_estimators': 300, 'subsample': 0.9}",-0.8246035130240121,-0.7110397381523058,-0.7308097384252196,-0.7414192164980558,-0.8160646628125419,-0.764787373782427,0.046468676975376384,114,-0.646153738581457,-0.6653331229881733,-0.6655662442581507,-0.6586329505225977,-0.6483730584589025,-0.6568118229618563,0.00821433455564162,0.764787373782427
0.08824539184570312,0.0030683330664377667,0.0026850223541259764,0.00017316395071325437,1.0,0.03,3,300,1.0,"{'colsample_bytree': 1.0, 'learning_rate': 0.03, 'max_depth': 3, 'n_estimators': 300, 'subsample': 1.0}",-0.8221876604649052,-0.7127076801872356,-0.7339485423492422,-0.7414312643658305,-0.8176303050113921,-0.7655810904757211,0.04537147609978583,124,-0.6536846462208405,-0.6754754565773249,-0.6715249212493559,-0.6692109124961745,-0.6559101244931955,-0.6651612122073782,0.008724387575776964,0.7655810904757211
0.06628274917602539,0.0006160565387203457,0.0022595882415771484,0.00011381171028138187,1.0,0.03,4,100,0.8,"{'colsample_bytree': 1.0, 'learning_rate': 0.03, 'max_depth': 4, 'n_estimators': 100, 'subsample': 0.8}",-0.8501510515251162,-0.7512449684956577,-0.7246899226243412,-0.7517592147749398,-0.823905700930736,-0.7803501716701582,0.04802471436573234,237,-0.6773554602077411,-0.7009983970175689,-0.702494654859931,-0.694593349112005,-0.6875573248587691,-0.692599837211203,0.009276155171938983,0.7803501716701582
0.06852927207946777,0.0017539505448701369,0.002436208724975586,0.0003672437582542181,1.0,0.03,4,100,0.9,"{'colsample_bytree': 1.0, 'learning_rate': 0.03, 'max_depth': 4, 'n_estimators': 100, 'subsample': 0.9}",-0.8487325495323189,-0.7480399682875033,-0.7274133823705307,-0.7535139868294365,-0.8223585668952442,-0.7800116907830066,0.04691847343148025,236,-0.6767616043469645,-0.6996354893384061,-0.7010663522160023,-0.6945567956618447,-0.6863433173277799,-0.6916727117781996,0.009063198298944487,0.7800116907830066
0.0642458438873291,0.005208432401441965,0.0024346828460693358,0.00017774455420752901,1.0,0.03,4,100,1.0,"{'colsample_bytree': 1.0, 'learning_rate': 0.03, 'max_depth': 4, 'n_estimators': 100, 'subsample': 1.0}",-0.8571887108566584,-0.7522004891963217,-0.7314798676235666,-0.7555565409251156,-0.8246262270402772,-0.7842103671283879,0.0481361818283921,248,-0.6782104412253597,-0.7028870299917881,-0.7023112036442811,-0.6964381341465019,-0.6861531722803133,-0.6931999962576488,0.009609190890281841,0.7842103671283879
0.12352595329284669,0.006080541282543569,0.0026885986328125,0.00020406643824285933,1.0,0.03,4,200,0.8,"{'colsample_bytree': 1.0, 'learning_rate': 0.03, 'max_depth': 4, 'n_estimators': 200, 'subsample': 0.8}",-0.8224274270481632,-0.7215777851022591,-0.7197113806781384,-0.7335415675369825,-0.8002538468333106,-0.7595024014397709,0.04316435080945332,49,-0.6007136693037014,-0.6196484633716719,-0.6198053685406005,-0.6149592824065412,-0.6079175890064202,-0.6126088745257869,0.0073535545354613124,0.7595024014397709
0.12199816703796387,0.005005747971830464,0.002589845657348633,8.380711158127962e-05,1.0,0.03,4,200,0.9,"{'colsample_bytree': 1.0, 'learning_rate': 0.03, 'max_depth': 4, 'n_estimators': 200, 'subsample': 0.9}",-0.8232766314043266,-0.7195871103415094,-0.7217135785329326,-0.7351548282612234,-0.8000437361336511,-0.7599551769347286,0.04318276766933113,57,-0.6010510212608343,-0.6186295260527772,-0.6166560310651767,-0.6138785427067788,-0.6068607204227658,-0.6114151683016666,0.006538200870152812,0.7599551769347286
0.10448517799377441,0.005440120699579381,0.002525997161865234,0.00011001754483680875,1.0,0.03,4,200,1.0,"{'colsample_bytree': 1.0, 'learning_rate': 0.03, 'max_depth': 4, 'n_estimators': 200, 'subsample': 1.0}",-0.8267138269055395,-0.7211524506299417,-0.7223450170546516,-0.739185293056296,-0.8035711575397159,-0.762593549037229,0.04399052135293772,91,-0.6063911613419813,-0.6227842182240751,-0.6216770715155028,-0.6197648730488928,-0.6121669463343782,-0.616556854092966,0.006291274518464304,0.762593549037229
0.17712054252624512,0.006129424181891179,0.0029305934906005858,0.00011061906791451209,1.0,0.03,4,300,0.8,"{'colsample_bytree': 1.0, 'learning_rate': 0.03, 'max_depth': 4, 'n_estimators': 300, 'subsample': 0.8}",-0.823504609387795,-0.7202816676496295,-0.7213689363869863,-0.7356403810653213,-0.7977325581921101,-0.7597056305363684,0.04270701143728453,51,-0.5582017297038101,-0.5762623733043533,-0.5752550355225792,-0.5690241528125518,-0.5641156627536141,-0.5685717908193817,0.006803097749893716,0.7597056305363684
0.16763839721679688,0.0067991433422422845,0.003001976013183594,0.00016546705607959874,1.0,0.03,4,300,0.9,"{'colsample_bytree': 1.0, 'learning_rate': 0.03, 'max_depth': 4, 'n_estimators': 300, 'subsample': 0.9}",-0.8228303287444522,-0.7182306401074371,-0.7223963743558937,-0.734720664181334,-0.7959367700498897,-0.7588229554878014,0.042496897274237624,40,-0.5616309388150713,-0.5768053802188793,-0.5755321088097529,-0.570608721022687,-0.5656400560443764,-0.5700434409821533,0.005767648219309617,0.7588229554878014
0.14636988639831544,0.005653397534597572,0.0028920650482177736,0.00014376860944279187,1.0,0.03,4,300,1.0,"{'colsample_bytree': 1.0, 'learning_rate': 0.03, 'max_depth': 4, 'n_estimators': 300, 'subsample': 1.0}",-0.8272692761424141,-0.718502958542716,-0.7258027409719157,-0.7372900177412846,-0.8059903036056326,-0.7629710594007926,0.044728800202062324,93,-0.5735082745483676,-0.5879057246894277,-0.5812715189886958,-0.5823893143022187,-0.5796644112326534,-0.5809478487522727,0.004638730410632729,0.7629710594007926
0.09983234405517578,0.005542371591637449,0.0023738384246826173,0.00014342557859398018,1.0,0.03,5,100,0.8,"{'colsample_bytree': 1.0, 'learning_rate': 0.03, 'max_depth': 5, 'n_estimators': 100, 'subsample': 0.8}",-0.8462898876157922,-0.7421252712180098,-0.7129148452716915,-0.7450978840878268,-0.8137670773268263,-0.7720389931040292,0.0497408229077464,190,-0.6179622047085469,-0.638133128426022,-0.6399594591494342,-0.6327061613000938,-0.6260711134383528,-0.6309664134044899,0.008103540019977373,0.7720389931040292
0.10472631454467773,0.002564731700232619,0.002421855926513672,9.05199709564014e-05,1.0,0.03,5,100,0.9,"{'colsample_bytree': 1.0, 'learning_rate': 0.03, 'max_depth': 5, 'n_estimators': 100, 'subsample': 0.9}",-0.8458519594452965,-0.7430525262328244,-0.7175791816146566,-0.7522138087268037,-0.8108293432447377,-0.7739053638528637,0.04719057708907516,206,-0.6144814792597197,-0.6366780790491319,-0.638415793375711,-0.6309742400469777,-0.6240291406097433,-0.6289157464682568,0.008797375527024925,0.7739053638528637
0.09836158752441407,0.0016986292094976901,0.002552652359008789,0.00013561458358003653,1.0,0.03,5,100,1.0,"{'colsample_bytree': 1.0, 'learning_rate': 0.03, 'max_depth': 5, 'n_estimators': 100, 'subsample': 1.0}",-0.8534112753372567,-0.7364269563103818,-0.7219356262820216,-0.75878997520187,-0.816756801633513,-0.7774641269530087,0.049855935125100975,230,-0.6148839402443042,-0.6363298810474547,-0.6415390145726573,-0.6312162167662515,-0.6247964968256081,-0.6297531098912551,0.009273212698953133,0.7774641269530087
0.19287409782409667,0.005347978457259109,0.0028923988342285157,0.00017589045917852138,1.0,0.03,5,200,0.8,"{'colsample_bytree': 1.0, 'learning_rate': 0.03, 'max_depth': 5, 'n_estimators': 200, 'subsample': 0.8}",-0.8199902074591486,-0.7177647901327316,-0.7129064946496595,-0.7290887892172698,-0.791107939993135,-0.754171644290389,0.04325227027796004,4,-0.5183744621271535,-0.5347279708838734,-0.5360156170592923,-0.5308193575804596,-0.5274492199692534,-0.5294773255240065,0.00631674553368152,0.754171644290389
0.18933553695678712,0.00293334842022737,0.0027761459350585938,3.158555802486746e-05,1.0,0.03,5,200,0.9,"{'colsample_bytree': 1.0, 'learning_rate': 0.03, 'max_depth': 5, 'n_estimators': 200, 'subsample': 0.9}",-0.8183950249556325,-0.7158759794106073,-0.715430199120024,-0.73737435103018,-0.7872897885703555,-0.7548730686173599,0.04115483132642272,7,-0.5126876432174586,-0.5385371443835054,-0.5341638897573932,-0.5300819859047115,-0.5248435604331848,-0.5280628447392507,0.008919318894131915,0.7548730686173599
0.1735537052154541,0.002087316499096557,0.003276538848876953,0.0008298263010043613,1.0,0.03,5,200,1.0,"{'colsample_bytree': 1.0, 'learning_rate': 0.03, 'max_depth': 5, 'n_estimators': 200, 'subsample': 1.0}",-0.8268282132523608,-0.7088895982640507,-0.7195530920060431,-0.7460875547539831,-0.793843081474538,-0.7590403079501952,0.044829768838681484,44,-0.5196655090750003,-0.5418645490788633,-0.5421668811122823,-0.5380672968685369,-0.532813222609255,-0.5349154917487875,0.00834011304571352,0.7590403079501952
0.2722776412963867,0.0028837332610751683,0.0032896995544433594,0.00010255801804067348,1.0,0.03,5,300,0.8,"{'colsample_bytree': 1.0, 'learning_rate': 0.03, 'max_depth': 5, 'n_estimators': 300, 'subsample': 0.8}",-0.8210233985782639,-0.7193122679205829,-0.7175265738583501,-0.7326804144815371,-0.7894784070496295,-0.7560042123776727,0.04175845611487286,16,-0.4609799205469412,-0.4760242500707139,-0.4771621098792596,-0.47290772300778017,-0.4691123817677734,-0.47123727705449364,0.005840165868275504,0.7560042123776727
0.2716188907623291,0.0048319604596954715,0.0033423900604248047,0.00013906708632912518,1.0,0.03,5,300,0.9,"{'colsample_bytree': 1.0, 'learning_rate': 0.03, 'max_depth': 5, 'n_estimators': 300, 'subsample': 0.9}",-0.8175585188353893,-0.7169841505053829,-0.7184509474751233,-0.7387497351898006,-0.7857737212632667,-0.7555034146537924,0.039760362743224344,11,-0.4608442138758175,-0.4811623271497906,-0.4781207250008383,-0.4723583814291837,-0.47230117990462256,-0.4729573654720505,0.006949812669886006,0.7555034146537924
0.24532132148742675,0.005053841473495535,0.003431224822998047,0.00032600399958509753,1.0,0.03,5,300,1.0,"{'colsample_bytree': 1.0, 'learning_rate': 0.03, 'max_depth': 5, 'n_estimators': 300, 'subsample': 1.0}",-0.8233239605050793,-0.7099052980285948,-0.7215596145530935,-0.7429969899891511,-0.7976240119742649,-0.7590819750100367,0.04403980279251296,45,-0.48275777782838686,-0.4961930576348098,-0.4954386275061346,-0.48840191333341093,-0.4945419295602876,-0.49146666117260596,0.0051538324410085245,0.7590819750100367
0.04547648429870606,0.001037438721001973,0.002215290069580078,9.789776924897507e-05,1.0,0.05,3,100,0.8,"{'colsample_bytree': 1.0, 'learning_rate': 0.05, 'max_depth': 3, 'n_estimators': 100, 'subsample': 0.8}",-0.8361725208381746,-0.7210591237972623,-0.7360721708130781,-0.7450574724045498,-0.8186135344519514,-0.7713949644610032,0.046692151923917256,185,-0.6872287376236568,-0.7103119709155039,-0.7095211523986938,-0.7072080336716032,-0.690764872850235,-0.7010069534919385,0.00992237649008954,0.7713949644610032
0.04441828727722168,0.002195929455879083,0.0021972179412841795,5.8248230381217435e-05,1.0,0.05,3,100,0.9,"{'colsample_bytree': 1.0, 'learning_rate': 0.05, 'max_depth': 3, 'n_estimators': 100, 'subsample': 0.9}",-0.8337983291190711,-0.7207759646919735,-0.7372979563901654,-0.7458849296795044,-0.8189581815121072,-0.7713430722785641,0.04589570142063052,184,-0.687736221126975,-0.7104336643285666,-0.7112352327620551,-0.7059835896751527,-0.6904921904000565,-0.7011761796585612,0.010047655195402775,0.7713430722785641
0.03701934814453125,0.00048659068773960345,0.0021418094635009765,6.194674457044498e-05,1.0,0.05,3,100,1.0,"{'colsample_bytree': 1.0, 'learning_rate': 0.05, 'max_depth': 3, 'n_estimators': 100, 'subsample': 1.0}",-0.8325208511809448,-0.7226899132834805,-0.7389554366620195,-0.7470571155556263,-0.8182430748893421,-0.7718932783142827,0.044602048737451994,188,-0.6887953642704053,-0.7101345774090131,-0.712162558638234,-0.7059430448111659,-0.6901671832577269,-0.7014405456773091,0.009978071569128492,0.7718932783142827
0.10348224639892578,0.01987184478643181,0.004124259948730469,0.0012678914034692467,1.0,0.05,3,200,0.8,"{'colsample_bytree': 1.0, 'learning_rate': 0.05, 'max_depth': 3, 'n_estimators': 200, 'subsample': 0.8}",-0.828076375709071,-0.7135765132525725,-0.7310856486992869,-0.7366633250295008,-0.8123485555907944,-0.7643500836562451,0.04651005976055454,105,-0.6380281492097309,-0.6572339787584727,-0.6545644628256544,-0.649192597577311,-0.639361944503703,-0.6476762265749744,0.007788587672607448,0.7643500836562451
0.10774807929992676,0.01734251227801414,0.003436851501464844,0.000823526699461517,1.0,0.05,3,200,0.9,"{'colsample_bytree': 1.0, 'learning_rate': 0.05, 'max_depth': 3, 'n_estimators': 200, 'subsample': 0.9}",-0.8252033590456535,-0.7092098424429316,-0.7344718195056732,-0.74042369271219,-0.8133394029548487,-0.7645296233322594,0.046062006929366205,109,-0.6356102808664664,-0.6583019588752604,-0.6566492191875934,-0.6523504367078794,-0.639622105500044,-0.6485068002274488,0.009189947474054331,0.7645296233322594
0.08295660018920899,0.017207195960126143,0.0031068801879882814,0.0007739722576103973,1.0,0.05,3,200,1.0,"{'colsample_bytree': 1.0, 'learning_rate': 0.05, 'max_depth': 3, 'n_estimators': 200, 'subsample': 1.0}",-0.8217850768038738,-0.7150166552575273,-0.7336595808528994,-0.7392111943487378,-0.81723095916002,-0.7653806932846118,0.04493887521154078,121,-0.6457553331548419,-0.6668980596585474,-0.6622008688044854,-0.6596653862942671,-0.6468330068495549,-0.6562705309523393,0.008476727695822486,0.7653806932846118
0.12241268157958984,0.002461594815931481,0.0029664039611816406,6.840860162194496e-05,1.0,0.05,3,300,0.8,"{'colsample_bytree': 1.0, 'learning_rate': 0.05, 'max_depth': 3, 'n_estimators': 300, 'subsample': 0.8}",-0.8299218007193974,-0.7140462714125978,-0.7255605081392807,-0.7353711015111833,-0.8075801936290941,-0.7624959750823106,0.046959961658947794,90,-0.5993803885937917,-0.6164921640119756,-0.61517117494188,-0.6102220891605808,-0.5983852021243531,-0.6079302037665163,0.007683722552297807,0.7624959750823106
0.12260904312133789,0.0037521570799168022,0.0030533790588378905,0.00027796671534155833,1.0,0.05,3,300,0.9,"{'colsample_bytree': 1.0, 'learning_rate': 0.05, 'max_depth': 3, 'n_estimators': 300, 'subsample': 0.9}",-0.8257940390062667,-0.7073538893480701,-0.7345063365930744,-0.7421336641568917,-0.8087826505971761,-0.7637141159402957,0.045563966199386366,100,-0.6001814258812164,-0.6184715451089104,-0.6207862863620361,-0.6107293113982968,-0.6022724295345084,-0.6104881996569936,0.008289402796722798,0.7637141159402957
0.09759125709533692,0.0010864802570226984,0.0029028892517089845,8.581977350980989e-05,1.0,0.05,3,300,1.0,"{'colsample_bytree': 1.0, 'learning_rate': 0.05, 'max_depth': 3, 'n_estimators': 300, 'subsample': 1.0}",-0.8225179394527655,-0.7191979904062678,-0.738078504848218,-0.7389848539018745,-0.8179263449273017,-0.7673411267072855,0.043775531488484426,152,-0.6097881363642654,-0.6340836962633886,-0.6271134454530415,-0.6240629217334648,-0.613633885833475,-0.6217364171295271,0.00889036316381435,0.7673411267072855
0.06920785903930664,0.002537682764750369,0.0023459911346435545,0.00010283747018990693,1.0,0.05,4,100,0.8,"{'colsample_bytree': 1.0, 'learning_rate': 0.05, 'max_depth': 4, 'n_estimators': 100, 'subsample': 0.8}",-0.8237229896385779,-0.7203038335785763,-0.7207559726809383,-0.7387113068002606,-0.805755875360403,-0.7618499956117513,0.044059493611676506,79,-0.6160177502471693,-0.6376619851199749,-0.639893410098694,-0.6345468059407958,-0.6261809573697312,-0.630860181755273,0.008759541713180368,0.7618499956117513
0.06984086036682129,0.00246583656448642,0.0023784637451171875,8.48881307029996e-05,1.0,0.05,4,100,0.9,"{'colsample_bytree': 1.0, 'learning_rate': 0.05, 'max_depth': 4, 'n_estimators': 100, 'subsample': 0.9}",-0.8262746466251047,-0.7220637002287005,-0.7224714583170494,-0.7388429262898384,-0.7982278694229641,-0.7615761201767314,0.04274682224682502,75,-0.6179865184207701,-0.6367337655870207,-0.6365696228532679,-0.6328208585013456,-0.6232743313745746,-0.6294770193473959,0.007545218358646402,0.7615761201767314
0.061498594284057614,0.0027138925374499013,0.002266120910644531,3.0155341734875693e-05,1.0,0.05,4,100,1.0,"{'colsample_bytree': 1.0, 'learning_rate': 0.05, 'max_depth': 4, 'n_estimators': 100, 'subsample': 1.0}",-0.8278686320129903,-0.7245412458510155,-0.7224898887695663,-0.7402903787429288,-0.8016038705792327,-0.7633588031911468,0.04320515322162108,98,-0.6203054825656499,-0.6389395081802474,-0.6367973786221737,-0.6328698501922837,-0.624642281007027,-0.6307109001134763,0.007134663678126988,0.7633588031911468
0.12143387794494628,0.002283871393846858,0.002662515640258789,5.7900009612741346e-05,1.0,0.05,4,200,0.8,"{'colsample_bytree': 1.0, 'learning_rate': 0.05, 'max_depth': 4, 'n_estimators': 200, 'subsample': 0.8}",-0.8183122870027706,-0.7181105632487093,-0.7238024157762382,-0.7342060202114672,-0.7985475494411924,-0.7585957671360756,0.041489026120269425,36,-0.545656080714322,-0.5622736869091416,-0.5640721955870648,-0.5593203257692264,-0.5547117173505605,-0.557206801266063,0.006586631068128262,0.7585957671360756
0.1257181167602539,0.005289471897818896,0.0027723789215087892,0.00022518431716617136,1.0,0.05,4,200,0.9,"{'colsample_bytree': 1.0, 'learning_rate': 0.05, 'max_depth': 4, 'n_estimators': 200, 'subsample': 0.9}",-0.8203895915393918,-0.7208289597641091,-0.7252675802287325,-0.7360737785767901,-0.7920997514546434,-0.7589319323127334,0.03996190289449024,42,-0.5481666178312651,-0.5642527363520777,-0.5609860488938035,-0.5572369643395914,-0.5550202570689016,-0.5571325248971278,0.005484653696363058,0.7589319323127334
0.10486211776733398,0.002685394712053644,0.0027826786041259765,0.00011225425275128493,1.0,0.05,4,200,1.0,"{'colsample_bytree': 1.0, 'learning_rate': 0.05, 'max_depth': 4, 'n_estimators': 200, 'subsample': 1.0}",-0.8291450309595535,-0.718951126017794,-0.7264080328223134,-0.737375471963744,-0.7995917032718982,-0.7622942730070605,0.043926118458498364,87,-0.567169665526049,-0.5778342988444516,-0.5668742538597258,-0.573636210408458,-0.5683726012610075,-0.5707774059799384,0.004289661363186687,0.7622942730070605
0.18162307739257813,0.002935461185762053,0.0030927181243896483,8.458564337630891e-05,1.0,0.05,4,300,0.8,"{'colsample_bytree': 1.0, 'learning_rate': 0.05, 'max_depth': 4, 'n_estimators': 300, 'subsample': 0.8}",-0.8209617080612426,-0.7241983825088397,-0.7282676867639073,-0.7394913664762021,-0.7950493798074822,-0.7615937047235347,0.03909319369970823,76,-0.4890893425289863,-0.5027114952651212,-0.5074803501035312,-0.4973089573374878,-0.4958606111431317,-0.4984901512756516,0.006250253203858313,0.7615937047235347
0.1725925922393799,0.004104862355756296,0.002967643737792969,0.00019526894417150244,1.0,0.05,4,300,0.9,"{'colsample_bytree': 1.0, 'learning_rate': 0.05, 'max_depth': 4, 'n_estimators': 300, 'subsample': 0.9}",-0.8231773036969726,-0.7258487427477563,-0.7261749006047116,-0.7386277721663659,-0.7897582028112786,-0.760717384405417,0.039093649045935465,68,-0.49523528817801776,-0.5047926090783003,-0.5066240961480578,-0.4993945213683539,-0.49692124025465734,-0.5005935510054774,0.004418915755364972,0.760717384405417
0.1482010841369629,0.007650612606553846,0.003410148620605469,0.0007795969405376725,1.0,0.05,4,300,1.0,"{'colsample_bytree': 1.0, 'learning_rate': 0.05, 'max_depth': 4, 'n_estimators': 300, 'subsample': 1.0}",-0.8325702324538077,-0.7237106170493364,-0.7316765398014958,-0.7414460233025594,-0.801681597295205,-0.7662170019804808,0.04306721812979833,131,-0.5186182561490381,-0.5272605739882288,-0.519064979220554,-0.5265855670896921,-0.5255655953986792,-0.5234189943692384,0.0037788185486055145,0.7662170019804808
0.0986701488494873,0.001977053135260366,0.0023718357086181642,0.00010173590922249727,1.0,0.05,5,100,0.8,"{'colsample_bytree': 1.0, 'learning_rate': 0.05, 'max_depth': 5, 'n_estimators': 100, 'subsample': 0.8}",-0.8269606487387551,-0.7230800460209585,-0.7153571496845673,-0.7375565316347781,-0.7988180920023481,-0.7603544936162814,0.0443840529378721,63,-0.5406989530654831,-0.5581689130611684,-0.5621223527361815,-0.5532749218442492,-0.5478054583711571,-0.552414119815648,0.007570908851182505,0.7603544936162814
0.09710130691528321,0.001575767082665804,0.002319812774658203,6.805169604491889e-05,1.0,0.05,5,100,0.9,"{'colsample_bytree': 1.0, 'learning_rate': 0.05, 'max_depth': 5, 'n_estimators': 100, 'subsample': 0.9}",-0.8200191977537875,-0.7154151124241018,-0.7190475438307407,-0.7401311110713406,-0.7972081429736948,-0.758364221610733,0.04250425804922418,32,-0.5386849735216106,-0.5564249711015187,-0.5587686363987802,-0.5506504040141446,-0.5471519792190828,-0.5503361928510273,0.007129771128735591,0.758364221610733
0.0899538516998291,0.001021416151199113,0.0022500991821289063,5.12067607095681e-05,1.0,0.05,5,100,1.0,"{'colsample_bytree': 1.0, 'learning_rate': 0.05, 'max_depth': 5, 'n_estimators': 100, 'subsample': 1.0}",-0.8252587691512874,-0.7120563199819069,-0.7205497594233462,-0.7446976320374188,-0.7971103835956603,-0.7599345728379239,0.04410203287533531,55,-0.5375460990076482,-0.5604889927660008,-0.5626487553000403,-0.555962692174928,-0.5471295833989465,-0.5527552245295128,0.009283817191319804,0.7599345728379239
0.17493066787719727,0.0021074389826392023,0.00277252197265625,7.409033711851532e-05,1.0,0.05,5,200,0.8,"{'colsample_bytree': 1.0, 'learning_rate': 0.05, 'max_depth': 5, 'n_estimators': 200, 'subsample': 0.8}",-0.8247797062688456,-0.7225537200975723,-0.7239678872653105,-0.7347467397427425,-0.7944984202376717,-0.7601092947224285,0.041772612551211744,59,-0.447083431074782,-0.4610605806734828,-0.46142399669465156,-0.4553881387786084,-0.45504920662330983,-0.45600107076896695,0.005211771191471325,0.7601092947224285
0.17627577781677245,0.0037440872269386845,0.002752065658569336,9.818180142973867e-05,1.0,0.05,5,200,0.9,"{'colsample_bytree': 1.0, 'learning_rate': 0.05, 'max_depth': 5, 'n_estimators': 200, 'subsample': 0.9}",-0.820022002532357,-0.7157101318406927,-0.7252667868970972,-0.7394795840692597,-0.7932611619000733,-0.758747933447896,0.04071899632769388,39,-0.4473873061595527,-0.4606508208681491,-0.46120545531521207,-0.45909949981517145,-0.45639899706563836,-0.4569484158447447,0.005063082651219146,0.758747933447896
0.16172690391540528,0.004877302446688625,0.0028667449951171875,0.00010910613538124432,1.0,0.05,5,200,1.0,"{'colsample_bytree': 1.0, 'learning_rate': 0.05, 'max_depth': 5, 'n_estimators': 200, 'subsample': 1.0}",-0.8210107027472274,-0.7146369935889356,-0.7264955826621667,-0.7425644639474426,-0.7962361286703861,-0.7601887743232316,0.041278398566901214,60,-0.46689889561007974,-0.474809420709587,-0.47521897214320513,-0.47014283881450675,-0.47468307297805107,-0.47235064005108596,0.0032957268826883505,0.7601887743232316
0.2684637069702148,0.005577721555633434,0.0033501625061035157,0.00021816217684595226,1.0,0.05,5,300,0.8,"{'colsample_bytree': 1.0, 'learning_rate': 0.05, 'max_depth': 5, 'n_estimators': 300, 'subsample': 0.8}",-0.8267036827194834,-0.7302787879475039,-0.7274724578136188,-0.740033851323812,-0.7949657400694745,-0.7638909039747785,0.03984049984063631,101,-0.3756571230114595,-0.3823200609444291,-0.3864989902313103,-0.3778701355620997,-0.37939034927177495,-0.3803473318042147,0.0037625772277333825,0.7638909039747785
0.2503181457519531,0.01047618242018122,0.003088569641113281,0.00019453656396276848,1.0,0.05,5,300,0.9,"{'colsample_bytree': 1.0, 'learning_rate': 0.05, 'max_depth': 5, 'n_estimators': 300, 'subsample': 0.9}",-0.8189667698959814,-0.7202141501441145,-0.7242634836722576,-0.7427047123120603,-0.7910962219099302,-0.7594490675868688,0.03899147794230096,48,-0.38146721164415737,-0.3884624370846066,-0.3892945135648503,-0.38300114688616815,-0.3817961571272877,-0.384804293261414,0.0033758088860829857,0.7594490675868688
0.22654690742492675,0.008052706712762394,0.003025674819946289,0.00012399963037536081,1.0,0.05,5,300,1.0,"{'colsample_bytree': 1.0, 'learning_rate': 0.05, 'max_depth': 5, 'n_estimators': 300, 'subsample': 1.0}",-0.8241597259119688,-0.7230411718594169,-0.7307223065631036,-0.7471735570621015,-0.7979738958026157,-0.7646141314398414,0.03959720216317167,111,-0.4100734521149869,-0.4013367218755555,-0.4111268671340248,-0.4064894289386733,-0.4159739881547289,-0.40900009164359397,0.00488551271937412,0.7646141314398414
0.040972137451171876,0.0007590044527718482,0.0020946979522705076,7.550523298954419e-05,1.0,0.1,3,100,0.8,"{'colsample_bytree': 1.0, 'learning_rate': 0.1, 'max_depth': 3, 'n_estimators': 100, 'subsample': 0.8}",-0.8248226184370544,-0.7147222901056778,-0.728296121239726,-0.7454895298741773,-0.8133505460003047,-0.7653362211313881,0.0451035187646023,120,-0.6363452308024282,-0.6615329279146827,-0.6553944826653306,-0.6508917774360846,-0.6377874272373381,-0.6483903692111728,0.009854432864938442,0.7653362211313881
0.04034609794616699,0.0002947385749181325,0.0019570350646972655,5.343164089426126e-05,1.0,0.1,3,100,0.9,"{'colsample_bytree': 1.0, 'learning_rate': 0.1, 'max_depth': 3, 'n_estimators': 100, 'subsample': 0.9}",-0.8287174991972248,-0.7189837256539482,-0.725301469256659,-0.7367459159295898,-0.8137294307205225,-0.7646956081515889,0.0467456478505466,113,-0.63730379237816,-0.6508194119218942,-0.6537022981130948,-0.6527928250147688,-0.6390269828463139,-0.6467290620548464,0.00707508214801513,0.7646956081515889
0.03309235572814941,0.000401010626592604,0.0019520282745361327,9.379819608868352e-05,1.0,0.1,3,100,1.0,"{'colsample_bytree': 1.0, 'learning_rate': 0.1, 'max_depth': 3, 'n_estimators': 100, 'subsample': 1.0}",-0.8247960739904616,-0.7114836062955108,-0.7338792884537073,-0.7445018204914319,-0.817941095662213,-0.7665203769786649,0.046085682785978126,140,-0.6467326914919646,-0.6636839396438152,-0.6617850162701678,-0.6553408671734832,-0.6477733258235023,-0.6550631680805866,0.006958688131280133,0.7665203769786649
0.07395758628845214,0.00083595637977563,0.0023009777069091797,6.993252210338859e-05,1.0,0.1,3,200,0.8,"{'colsample_bytree': 1.0, 'learning_rate': 0.1, 'max_depth': 3, 'n_estimators': 200, 'subsample': 0.8}",-0.8237282309300504,-0.7165163133003127,-0.7258314482036679,-0.7403611169813321,-0.8132206335708948,-0.7639315485972515,0.045299987969920366,102,-0.571189574532693,-0.5808980323954334,-0.5837408002498548,-0.5792126987217222,-0.5683112989765966,-0.57667048097526,0.005903231925721597,0.7639315485972515
0.07285137176513672,0.0004103474908680042,0.002256488800048828,2.9429236690471563e-05,1.0,0.1,3,200,0.9,"{'colsample_bytree': 1.0, 'learning_rate': 0.1, 'max_depth': 3, 'n_estimators': 200, 'subsample': 0.9}",-0.8282580244398352,-0.7261956235167522,-0.7291900290766926,-0.7360492646259756,-0.8083419456046633,-0.7656069774527838,0.04359940028754062,125,-0.5686759448399128,-0.5764867014432312,-0.5836992358002401,-0.5803680762280754,-0.5711450079718163,-0.5760749932566551,0.005581752623967271,0.7656069774527838
0.059265661239624026,0.0010459534029505712,0.0023223876953125,9.297656988973608e-05,1.0,0.1,3,200,1.0,"{'colsample_bytree': 1.0, 'learning_rate': 0.1, 'max_depth': 3, 'n_estimators': 200, 'subsample': 1.0}",-0.8266867045002282,-0.7188466226501226,-0.7359707552551981,-0.7342543757347992,-0.8157347119297773,-0.766298634014025,0.04536287680007682,132,-0.5815460049834116,-0.5939781405435868,-0.5932907744139448,-0.5855047083690589,-0.585696195939971,-0.5880031648499946,0.004835668585032496,0.766298634014025
0.10725336074829102,0.0008423937738525909,0.002553558349609375,9.39870835958871e-05,1.0,0.1,3,300,0.8,"{'colsample_bytree': 1.0, 'learning_rate': 0.1, 'max_depth': 3, 'n_estimators': 300, 'subsample': 0.8}",-0.8256090140187023,-0.7231715085142644,-0.7275563587664238,-0.7417356536739519,-0.8107181400527252,-0.7657581350052135,0.04348242368026085,127,-0.5167889595901902,-0.5234154854992183,-0.5254419024877353,-0.521367409220362,-0.5124947464830528,-0.5199017006561117,0.00468488951671981,0.7657581350052135
0.10546975135803223,0.00033564643098356263,0.002556467056274414,5.86485668403168e-05,1.0,0.1,3,300,0.9,"{'colsample_bytree': 1.0, 'learning_rate': 0.1, 'max_depth': 3, 'n_estimators': 300, 'subsample': 0.9}",-0.8319631770997596,-0.7330676493263604,-0.7296348599787158,-0.742803974615837,-0.8064239265516927,-0.7687787175144731,0.04217024291868999,169,-0.5171570551489784,-0.521344134529687,-0.52957320923684,-0.5207101712239892,-0.5161999467211236,-0.5209969033721236,0.004722521245586751,0.7687787175144731
0.08544273376464843,0.0013186938929482489,0.0025760650634765623,0.0001112686405018903,1.0,0.1,3,300,1.0,"{'colsample_bytree': 1.0, 'learning_rate': 0.1, 'max_depth': 3, 'n_estimators': 300, 'subsample': 1.0}",-0.829502236668809,-0.7235890194673511,-0.7335766956053281,-0.738051655277973,-0.8161836871050664,-0.7681806588249056,0.04507378852317379,164,-0.5323785836460768,-0.5422386221855067,-0.5389614416398023,-0.5323018680236444,-0.5383279659017077,-0.5368416962793476,0.003907903325023094,0.7681806588249056
0.058265161514282224,0.0008182493873347815,0.002074003219604492,5.2471590751015895e-05,1.0,0.1,4,100,0.8,"{'colsample_bytree': 1.0, 'learning_rate': 0.1, 'max_depth': 4, 'n_estimators': 100, 'subsample': 0.8}",-0.8252845277108208,-0.7204641022909288,-0.7214243417947999,-0.7405197200854374,-0.8010375258076033,-0.761746043537918,0.04327020836979963,77,-0.5482234599286444,-0.5624338377646761,-0.5631913979104662,-0.5589501767324083,-0.5553539779737755,-0.5576305700619941,0.005466482257278139,0.761746043537918
0.05800938606262207,0.000721306243509148,0.002275991439819336,0.0001748592742093768,1.0,0.1,4,100,0.9,"{'colsample_bytree': 1.0, 'learning_rate': 0.1, 'max_depth': 4, 'n_estimators': 100, 'subsample': 0.9}",-0.8258038768235192,-0.7169538103452078,-0.7211733218044615,-0.740000189653904,-0.7946418274548799,-0.7597146052163944,0.043105166652924715,52,-0.5465523055147647,-0.5601797143204079,-0.5614813931892074,-0.5565375633062463,-0.5552837717756145,-0.5560069496212481,0.005245499592464163,0.7597146052163944
0.05061416625976563,0.00043331539831650026,0.002060222625732422,2.912901370796009e-05,1.0,0.1,4,100,1.0,"{'colsample_bytree': 1.0, 'learning_rate': 0.1, 'max_depth': 4, 'n_estimators': 100, 'subsample': 1.0}",-0.8250478799001101,-0.7290364875779284,-0.7212845223376843,-0.7428512812072781,-0.8050131068014003,-0.7646466555648802,0.042192784435458056,112,-0.55963192162233,-0.5712135451216497,-0.5675385709784739,-0.5711300924089623,-0.5652325945891183,-0.5669493449441069,0.004301189502685609,0.7646466555648802
0.1086759090423584,0.0007170525932416402,0.0024799346923828126,8.077677756949904e-05,1.0,0.1,4,200,0.8,"{'colsample_bytree': 1.0, 'learning_rate': 0.1, 'max_depth': 4, 'n_estimators': 200, 'subsample': 0.8}",-0.8354345678646374,-0.7309235422790077,-0.7274914461034594,-0.7466287111678744,-0.7953230819545116,-0.767160269873898,0.04186355135301241,150,-0.45191126220046446,-0.45324277340008334,-0.4521918587551189,-0.4514611443986454,-0.4481170412509309,-0.4513848160010486,0.0017357791994485564,0.767160269873898
0.10774545669555664,0.001389216638555571,0.002568340301513672,0.00021269297789530694,1.0,0.1,4,200,0.9,"{'colsample_bytree': 1.0, 'learning_rate': 0.1, 'max_depth': 4, 'n_estimators': 200, 'subsample': 0.9}",-0.8240649015397357,-0.7294974427611217,-0.7334733986921186,-0.7414047199275999,-0.7964917102469219,-0.7649864346334996,0.038187654786068885,117,-0.4491911288047762,-0.4540116679632261,-0.4541334843314823,-0.45522122668510023,-0.45427206955045224,-0.45336591546700744,0.0021306476415471672,0.7649864346334996
0.09435124397277832,0.0015086141305694248,0.002486991882324219,8.910393541351823e-05,1.0,0.1,4,200,1.0,"{'colsample_bytree': 1.0, 'learning_rate': 0.1, 'max_depth': 4, 'n_estimators': 200, 'subsample': 1.0}",-0.835532653016815,-0.7409239260982265,-0.725644300308877,-0.7485939526968027,-0.8050251724501041,-0.7711440009141651,0.04191852253097894,180,-0.4715773282678967,-0.46894023397843687,-0.47126683243719536,-0.4795912830422484,-0.4770134532152454,-0.47367782618820453,0.00396900848965678,0.7711440009141651
0.1615510940551758,0.0015801308747297428,0.00275421142578125,6.491836266964726e-05,1.0,0.1,4,300,0.8,"{'colsample_bytree': 1.0, 'learning_rate': 0.1, 'max_depth': 4, 'n_estimators': 300, 'subsample': 0.8}",-0.8414480177748891,-0.7428304891898486,-0.7277428229994892,-0.7496526034321711,-0.7984264432978635,-0.7720200753388522,0.04202462676445383,189,-0.37131683378955227,-0.3715899748715619,-0.37311163899203603,-0.3713692562998496,-0.36975370077760183,-0.3714282809461203,0.0010658294755394751,0.7720200753388522
0.15924196243286132,0.0014476568989534662,0.0028656959533691407,0.00010823611104610514,1.0,0.1,4,300,0.9,"{'colsample_bytree': 1.0, 'learning_rate': 0.1, 'max_depth': 4, 'n_estimators': 300, 'subsample': 0.9}",-0.8258272402969118,-0.7431082103432052,-0.7366909764213998,-0.750161434199691,-0.797447529588833,-0.7706470781700082,0.03491183806283114,176,-0.37390509128784155,-0.37475218905163016,-0.37672282288673103,-0.3765822308498185,-0.3742539469608786,-0.37524325620737997,0.0011825849432740068,0.7706470781700082
0.13711085319519042,0.0018686642689298059,0.002800750732421875,0.00012316320733092172,1.0,0.1,4,300,1.0,"{'colsample_bytree': 1.0, 'learning_rate': 0.1, 'max_depth': 4, 'n_estimators': 300, 'subsample': 1.0}",-0.8413303417603684,-0.7461926945284838,-0.7275987504243819,-0.7573084240511956,-0.8051978640505697,-0.7755256149629999,0.04171324740470084,217,-0.39994817635285407,-0.3999053160798743,-0.39303449432937126,-0.3999831892440343,-0.404660507221142,-0.39950633664545515,0.003715696774615108,0.7755256149629999
0.08796849250793456,0.0012708365529040797,0.0022739410400390626,0.00012083486385166601,1.0,0.1,5,100,0.8,"{'colsample_bytree': 1.0, 'learning_rate': 0.1, 'max_depth': 5, 'n_estimators': 100, 'subsample': 0.8}",-0.8301512942796582,-0.735079785304055,-0.7277361074063053,-0.7461022851103964,-0.7871001510506125,-0.7652339246302056,0.03840253842090655,119,-0.4471787305730398,-0.4601001196916854,-0.4667245448556503,-0.4598122557020561,-0.45423055743652946,-0.45760924165179223,0.006547634155998484,0.7652339246302056
0.08724942207336425,0.0013510589770110311,0.0021713733673095702,2.210313827215165e-05,1.0,0.1,5,100,0.9,"{'colsample_bytree': 1.0, 'learning_rate': 0.1, 'max_depth': 5, 'n_estimators': 100, 'subsample': 0.9}",-0.8135675327057936,-0.7318319019136321,-0.7158722165681161,-0.7327895897580554,-0.7796868278903285,-0.7547496137671852,0.03633270818573932,6,-0.44998363457656226,-0.46127782288289093,-0.4640432758809484,-0.45992820061968237,-0.44775714149691015,-0.45659801509139886,0.006485888071055196,0.7547496137671852
0.07890510559082031,0.0006031302650395782,0.002261447906494141,7.183095589606588e-05,1.0,0.1,5,100,1.0,"{'colsample_bytree': 1.0, 'learning_rate': 0.1, 'max_depth': 5, 'n_estimators': 100, 'subsample': 1.0}",-0.8251730582789888,-0.7156021631364217,-0.7254454817394067,-0.7460637673421869,-0.7905518398640736,-0.7605672620722156,0.04132489502540299,64,-0.45914231470066186,-0.4734519927160202,-0.4736374903044517,-0.47443618275451077,-0.46837692435807804,-0.46980898096674445,0.005747496326251801,0.7605672620722156
0.16625075340270995,0.001128713232792577,0.002568626403808594,5.3396096376733297e-05,1.0,0.1,5,200,0.8,"{'colsample_bytree': 1.0, 'learning_rate': 0.1, 'max_depth': 5, 'n_estimators': 200, 'subsample': 0.8}",-0.8405419272694349,-0.7479233927422704,-0.7323020556792056,-0.7523272610021898,-0.7898830617977958,-0.7725955396981793,0.03888097945121126,195,-0.3199275432031781,-0.31744339646269765,-0.3248280825215085,-0.3235213465697979,-0.31736170456730045,-0.32061641466489654,0.003076117739235026,0.7725955396981793
0.16243596076965333,0.0019522479011544686,0.0026268959045410156,7.191994346440351e-05,1.0,0.1,5,200,0.9,"{'colsample_bytree': 1.0, 'learning_rate': 0.1, 'max_depth': 5, 'n_estimators': 200, 'subsample': 0.9}",-0.8202887337905256,-0.7448733520621952,-0.7195944780486103,-0.7405114382632175,-0.785932125798815,-0.7622400255926728,0.03612019855371284,85,-0.32457009035781775,-0.3324795895929561,-0.33033646484379053,-0.33003117927560877,-0.3244764432455406,-0.3283787534631427,0.0032592619275986505,0.7622400255926728
0.14591431617736816,0.0024216729066991985,0.0025774955749511717,6.293228095278183e-05,1.0,0.1,5,200,1.0,"{'colsample_bytree': 1.0, 'learning_rate': 0.1, 'max_depth': 5, 'n_estimators': 200, 'subsample': 1.0}",-0.8301857146976797,-0.7298405073710679,-0.7303017842311629,-0.7541841804668106,-0.7862327356600715,-0.7661489844853586,0.03808029330023344,130,-0.3445135636293219,-0.3453773501153217,-0.35186842169066607,-0.3518604619727264,-0.3572584031326323,-0.3501756401081336,0.004710676451844436,0.7661489844853586
0.2487265110015869,0.001339179858604799,0.0030959606170654296,0.00010200622371695791,1.0,0.1,5,300,0.8,"{'colsample_bytree': 1.0, 'learning_rate': 0.1, 'max_depth': 5, 'n_estimators': 300, 'subsample': 0.8}",-0.8518150416383367,-0.754925583015137,-0.7344710123493086,-0.7564846954264036,-0.7957736702209013,-0.7786940005300174,0.041598714781811236,233,-0.23209981045999048,-0.22735008485791364,-0.23166548355609606,-0.23109568969835137,-0.22738435813489943,-0.2299190853414502,0.0021078174529816068,0.7786940005300174
0.2440019130706787,0.0020808582522602098,0.0030611515045166015,9.030351619653e-05,1.0,0.1,5,300,0.9,"{'colsample_bytree': 1.0, 'learning_rate': 0.1, 'max_depth': 5, 'n_estimators': 300, 'subsample': 0.9}",-0.8261359312873396,-0.7504640956295132,-0.727465266731376,-0.7428100286751714,-0.7874042190456829,-0.7668559082738167,0.03559458580353071,144,-0.23805052124336795,-0.23984730098836138,-0.24127494100841404,-0.23888764549039768,-0.23455868959695553,-0.2385238196654993,0.0022538371078288117,0.7668559082738167
0.21327996253967285,0.0075825635067660446,0.002892923355102539,0.0001840457639624713,1.0,0.1,5,300,1.0,"{'colsample_bytree': 1.0, 'learning_rate': 0.1, 'max_depth': 5, 'n_estimators': 300, 'subsample': 1.0}",-0.8366817128365491,-0.742576185149567,-0.7328322634172888,-0.7604104285783879,-0.7848997280002857,-0.7714800635964157,0.037102468714990275,186,-0.27051654703294975,-0.26575379312964353,-0.2657497518528693,-0.2626590504645259,-0.2754399134312687,-0.2680238111822514,0.00447922515487673,0.7714800635964157
