mean_fit_time,std_fit_time,mean_score_time,std_score_time,param_colsample_bytree,param_learning_rate,param_max_depth,param_n_estimators,param_subsample,params,split0_test_score,split1_test_score,split2_test_score,split3_test_score,split4_test_score,mean_test_score,std_test_score,rank_test_score,split0_train_score,split1_train_score,split2_train_score,split3_train_score,split4_train_score,mean_train_score,std_train_score,CV_RMSE
0.4698096752166748,0.21716993092807652,0.017816734313964844,0.00784842542579111,0.8,0.01,3,100,0.8,"{'colsample_bytree': 0.8, 'learning_rate': 0.01, 'max_depth': 3, 'n_estimators': 100, 'subsample': 0.8}",-1.981644483949412,-1.9372726043118003,-1.8426233004681676,-2.0026908056150283,-1.9200354001682383,-1.9368533189025292,0.05568327879682261,324,-1.8743139758120888,-1.8923162804902576,-1.905565057624619,-1.8784717882381263,-1.8962453669774475,-1.8893824938285078,0.011521156493524717,1.9368533189025292
0.0412482738494873,0.004534061101022526,0.0025701999664306642,0.0003129011972101383,0.8,0.01,3,100,0.9,"{'colsample_bytree': 0.8, 'learning_rate': 0.01, 'max_depth': 3, 'n_estimators': 100, 'subsample': 0.9}",-1.9760412573398034,-1.9316939040026293,-1.8356258908883076,-2.0055746922065043,-1.9206758807862478,-1.9339223250446984,0.05788037541561824,323,-1.8679034485078725,-1.8856754992948837,-1.8997973966819486,-1.874963384032794,-1.8921361568764392,-1.884095177078788,0.01148282363556863,1.9339223250446984
0.0363922119140625,0.0026278933469698834,0.00230560302734375,7.725094564365334e-05,0.8,0.01,3,100,1.0,"{'colsample_bytree': 0.8, 'learning_rate': 0.01, 'max_depth': 3, 'n_estimators': 100, 'subsample': 1.0}",-1.9565798292628669,-1.9116215117933735,-1.8056496109437379,-1.975622069936581,-1.9010704634663225,-1.9101086970805763,0.05907156185685007,322,-1.8458576259460924,-1.8631784601857992,-1.8775390661893014,-1.8503399471861182,-1.873559654238455,-1.862094950749153,0.012433542906610286,1.9101086970805763
0.07347660064697266,0.0011446184662343845,0.0024680137634277345,5.0666635105458756e-05,0.8,0.01,3,200,0.8,"{'colsample_bytree': 0.8, 'learning_rate': 0.01, 'max_depth': 3, 'n_estimators': 200, 'subsample': 0.8}",-1.3963160904910115,-1.3576616294976611,-1.2751901629020665,-1.3865055898976353,-1.308625418037405,-1.344859778165156,0.04628778943813824,297,-1.2558723426151759,-1.2680084653182095,-1.2695396069832994,-1.2600048743648962,-1.2736234157187558,-1.2654097410000673,0.006503047974630045,1.344859778165156
0.07083735466003419,0.0004777620548635049,0.002385377883911133,2.8087691996413344e-05,0.8,0.01,3,200,0.9,"{'colsample_bytree': 0.8, 'learning_rate': 0.01, 'max_depth': 3, 'n_estimators': 200, 'subsample': 0.9}",-1.3882648308951133,-1.3515120781855334,-1.2680728171770839,-1.3860085698552393,-1.3078367978230558,-1.3403390187872053,0.04644615566445506,296,-1.2468308501405776,-1.2595324471405671,-1.2625202100116595,-1.2528757169428415,-1.2677530489915867,-1.2579024546454467,0.007332983940682968,1.3403390187872053
0.05827364921569824,0.0006827551950378236,0.0024746417999267577,7.489525671387686e-05,0.8,0.01,3,200,1.0,"{'colsample_bytree': 0.8, 'learning_rate': 0.01, 'max_depth': 3, 'n_estimators': 200, 'subsample': 1.0}",-1.3916644191508705,-1.340559279760516,-1.2608233036886325,-1.3813542763560354,-1.3085219690592482,-1.3365846496030602,0.04812731813014053,295,-1.2377174987493678,-1.254662067516536,-1.2578406018174824,-1.2453170781890615,-1.2639880186420995,-1.2519050529829097,0.009311477167898317,1.3365846496030602
0.102848482131958,0.0012642104309767831,0.0027290821075439454,0.0001091775504259864,0.8,0.01,3,300,0.8,"{'colsample_bytree': 0.8, 'learning_rate': 0.01, 'max_depth': 3, 'n_estimators': 300, 'subsample': 0.8}",-1.1194541080598341,-1.060648957547811,-1.0192850515129992,-1.0937568752932576,-1.0318181836991207,-1.0649926352226047,0.037421994892414594,272,-0.9612439461659129,-0.9681767964455785,-0.9652473812872324,-0.9611487944569808,-0.970830713862813,-0.9653295264437034,0.0038091270249640246,1.0649926352226047
0.10139226913452148,0.002278458429665993,0.0029564380645751955,0.00038111236045453744,0.8,0.01,3,300,0.9,"{'colsample_bytree': 0.8, 'learning_rate': 0.01, 'max_depth': 3, 'n_estimators': 300, 'subsample': 0.9}",-1.1181538542664773,-1.055919252811451,-1.012086512641095,-1.095099789311999,-1.0281160566559158,-1.0618750931373875,0.0398126279366273,270,-0.9551061871777051,-0.9607128079046341,-0.9583998870445611,-0.9554284194452844,-0.9634337569914747,-0.9586162117127319,0.0031664979470570572,1.0618750931373875
0.08486123085021972,0.003534076780166781,0.0030576705932617186,0.00025698202445961944,0.8,0.01,3,300,1.0,"{'colsample_bytree': 0.8, 'learning_rate': 0.01, 'max_depth': 3, 'n_estimators': 300, 'subsample': 1.0}",-1.1131773608491826,-1.042896132038906,-0.9994731068143955,-1.0846563692978604,-1.0229148454694992,-1.0526235628939689,0.04121908518253095,269,-0.9389590160802425,-0.9511979913645865,-0.9465814634028806,-0.9424142863095109,-0.9559970739962985,-0.9470299662307038,0.006073340883717428,1.0526235628939689
0.05846037864685059,0.0013145969838342674,0.0024686336517333986,0.00013775737197027822,0.8,0.01,4,100,0.8,"{'colsample_bytree': 0.8, 'learning_rate': 0.01, 'max_depth': 4, 'n_estimators': 100, 'subsample': 0.8}",-1.8687907123984069,-1.791689379957637,-1.7096907889514308,-1.877651072990688,-1.7838436373704216,-1.806333118333717,0.0617205919752284,315,-1.728627530049155,-1.7522427218346297,-1.7589409357774919,-1.7333778861736557,-1.7485770753179308,-1.7443532298305726,0.01149471114538897,1.806333118333717
0.05790343284606934,0.0006149474833742427,0.0024671554565429688,0.00012452755533978762,0.8,0.01,4,100,0.9,"{'colsample_bytree': 0.8, 'learning_rate': 0.01, 'max_depth': 4, 'n_estimators': 100, 'subsample': 0.9}",-1.855552614992523,-1.7875301209822565,-1.7043468778927702,-1.875919866332034,-1.784604543392949,-1.8015908047185065,0.060628876905046925,314,-1.72015065632804,-1.7433495586230932,-1.7466883086844485,-1.7262965611151326,-1.7405089576599004,-1.7353988084821228,0.010316374542304411,1.8015908047185065
0.051644515991210935,0.001090467140302518,0.0024582386016845704,5.3598617701794605e-05,0.8,0.01,4,100,1.0,"{'colsample_bytree': 0.8, 'learning_rate': 0.01, 'max_depth': 4, 'n_estimators': 100, 'subsample': 1.0}",-1.844850844603609,-1.7683945138676547,-1.6779953156561196,-1.8509288194788118,-1.758117720418786,-1.7800574428049962,0.06364745097207467,313,-1.6983420597302834,-1.720158641256764,-1.72391622040335,-1.7061858836319663,-1.7149927860371634,-1.7127191182119055,0.009330317579383244,1.7800574428049962
0.10920352935791015,0.0010387368864013694,0.0028573036193847655,0.0001776182635158171,0.8,0.01,4,200,0.8,"{'colsample_bytree': 0.8, 'learning_rate': 0.01, 'max_depth': 4, 'n_estimators': 200, 'subsample': 0.8}",-1.2812486340797413,-1.196133832090298,-1.1271539436976208,-1.2427210026721471,-1.1561675383933063,-1.2006849901866228,0.055976527964810646,288,-1.0815728602105457,-1.0968155969769386,-1.096455115236295,-1.0901177296496618,-1.1004847342054187,-1.093089207255772,0.006653796873665782,1.2006849901866228
0.11323461532592774,0.004199437854163538,0.0032767772674560545,0.0005859343761805373,0.8,0.01,4,200,0.9,"{'colsample_bytree': 0.8, 'learning_rate': 0.01, 'max_depth': 4, 'n_estimators': 200, 'subsample': 0.9}",-1.2655765542969808,-1.1914215816914528,-1.1215965581413312,-1.2375221241153416,-1.1569520283431136,-1.194613769317644,0.052224426634494274,287,-1.0711106588281607,-1.0852979156294171,-1.083412539475151,-1.0801822621795631,-1.0877848573888806,-1.0815576467002346,0.005783418193573672,1.194613769317644
0.10251398086547851,0.003129157458974749,0.003527927398681641,0.0002983098902050647,0.8,0.01,4,200,1.0,"{'colsample_bytree': 0.8, 'learning_rate': 0.01, 'max_depth': 4, 'n_estimators': 200, 'subsample': 1.0}",-1.2742369570834355,-1.1784089596401728,-1.1141624171473503,-1.2294318236744848,-1.1478888443297903,-1.1888258003750467,0.05710145454296642,286,-1.0598993053749015,-1.0742218570207387,-1.0730721679375963,-1.0733069709640415,-1.0758644750907822,-1.071272955277612,0.00577082964231774,1.1888258003750467
0.17157225608825682,0.009966790447123034,0.0035064697265625,0.0003703274491440093,0.8,0.01,4,300,0.8,"{'colsample_bytree': 0.8, 'learning_rate': 0.01, 'max_depth': 4, 'n_estimators': 300, 'subsample': 0.8}",-1.0409501105475034,-0.926249561275494,-0.8926139426359905,-0.976425644292039,-0.8980747902664297,-0.9468628098034912,0.05563182146662878,249,-0.8008975687094732,-0.8112769612963342,-0.8049548712485343,-0.8062384887187538,-0.8122461204435438,-0.8071228020833278,0.004189054656537656,0.9468628098034912
0.16163721084594726,0.008875271524001489,0.0030703067779541014,0.0002289465673622951,0.8,0.01,4,300,0.9,"{'colsample_bytree': 0.8, 'learning_rate': 0.01, 'max_depth': 4, 'n_estimators': 300, 'subsample': 0.9}",-1.0362489017118848,-0.9235182214845256,-0.8895847241539732,-0.9749991380218272,-0.8974496628499025,-0.9443601296444225,0.054804411033575036,247,-0.7931252318733905,-0.8013746377256467,-0.7949782092850888,-0.7968962252050993,-0.8005461163370358,-0.7973840840852522,0.00316502854084035,0.9443601296444225
0.1610102653503418,0.054327306804011974,0.003047275543212891,0.0001649960889439752,0.8,0.01,4,300,1.0,"{'colsample_bytree': 0.8, 'learning_rate': 0.01, 'max_depth': 4, 'n_estimators': 300, 'subsample': 1.0}",-1.0559445697763938,-0.9192104731907873,-0.8854008747745933,-0.9681916667113809,-0.8987539076412141,-0.9455002984188738,0.06196959892449752,248,-0.7825619780696458,-0.7909755078570739,-0.7810901689369371,-0.7878809058606908,-0.7933051173195448,-0.7871627356087785,0.004707969620265317,0.9455002984188738
0.08263273239135742,0.0019352932159120244,0.002526664733886719,0.00011935840816826376,0.8,0.01,5,100,0.8,"{'colsample_bytree': 0.8, 'learning_rate': 0.01, 'max_depth': 5, 'n_estimators': 100, 'subsample': 0.8}",-1.8174133112002464,-1.7340794789964384,-1.658176114644217,-1.8334549996654432,-1.7137738549997652,-1.751379551901222,0.06557011235514915,311,-1.6517981649601685,-1.6684700602411653,-1.67615943946558,-1.6541183790494483,-1.6744438538904556,-1.6649979795213636,0.010182915948649241,1.751379551901222
0.08566899299621582,0.0008886916394921101,0.002520132064819336,6.60832307037483e-05,0.8,0.01,5,100,0.9,"{'colsample_bytree': 0.8, 'learning_rate': 0.01, 'max_depth': 5, 'n_estimators': 100, 'subsample': 0.9}",-1.8041968844089997,-1.7265408508970008,-1.6547254569809957,-1.8282275017471183,-1.7113651154282696,-1.7450111618924768,0.06332870804131453,309,-1.6421747721647193,-1.655057819767116,-1.6614922888584596,-1.64615187448496,-1.6631584554690777,-1.6536070421488667,0.008267861751017142,1.7450111618924768
0.0789564609527588,0.0018400477350014835,0.002510404586791992,7.13085378518084e-05,0.8,0.01,5,100,1.0,"{'colsample_bytree': 0.8, 'learning_rate': 0.01, 'max_depth': 5, 'n_estimators': 100, 'subsample': 1.0}",-1.7922025426759554,-1.7054467054395126,-1.637736725983107,-1.81047591083287,-1.686025412425812,-1.7263774594714512,0.06531317615724944,307,-1.6211722805896984,-1.6322911494964891,-1.6413339380230607,-1.629101555625442,-1.6422231988780853,-1.6332244245225553,0.007872297920073735,1.7263774594714512
0.15724444389343262,0.0024338648501396206,0.0029497623443603517,0.0001395585469341498,0.8,0.01,5,200,0.8,"{'colsample_bytree': 0.8, 'learning_rate': 0.01, 'max_depth': 5, 'n_estimators': 200, 'subsample': 0.8}",-1.2295944439477418,-1.1320401098521207,-1.0713933638878779,-1.1901717341661278,-1.0730897435078042,-1.1392578790723344,0.06291077232370322,282,-0.9825034508328284,-0.9928003580719539,-0.9958688666421811,-0.9858234553288343,-0.9996582769241354,-0.9913308815599866,0.006330141551508179,1.1392578790723344
0.16487412452697753,0.0070766072665269875,0.0029483795166015624,7.747416772149611e-05,0.8,0.01,5,200,0.9,"{'colsample_bytree': 0.8, 'learning_rate': 0.01, 'max_depth': 5, 'n_estimators': 200, 'subsample': 0.9}",-1.2145979841768229,-1.1215901330933236,-1.069134516978327,-1.1842756735138014,-1.0746801593568203,-1.132855693423819,0.058133484999853366,281,-0.9692789209299253,-0.977314649466317,-0.9781726360888429,-0.9771220422805353,-0.9873571877492437,-0.9778490873029728,0.005740568401139917,1.132855693423819
0.15735917091369628,0.008807755599547855,0.0029716968536376955,0.00011922162945775502,0.8,0.01,5,200,1.0,"{'colsample_bytree': 0.8, 'learning_rate': 0.01, 'max_depth': 5, 'n_estimators': 200, 'subsample': 1.0}",-1.226907640137858,-1.114630653048272,-1.067157221046851,-1.1782823407633085,-1.064865980034168,-1.1303687670060916,0.06348144209189845,280,-0.9591581491562451,-0.9675228117598704,-0.9682286952987181,-0.9675771492843028,-0.9762111365226229,-0.9677395884043518,0.005398533712491956,1.1303687670060916
0.23362503051757813,0.005307203512197015,0.003378629684448242,7.764792038184636e-05,0.8,0.01,5,300,0.8,"{'colsample_bytree': 0.8, 'learning_rate': 0.01, 'max_depth': 5, 'n_estimators': 300, 'subsample': 0.8}",-1.0054320559288523,-0.8702817253011734,-0.849058594619392,-0.9340803306424107,-0.8178791104508666,-0.895346363388539,0.0669195768353183,235,-0.6987044147501367,-0.7081968427662423,-0.7042849385250145,-0.7020911829187978,-0.7070838998686518,-0.7040722557657686,0.0034312044205233165,0.895346363388539
0.23611984252929688,0.006082761411685708,0.0034210205078125,0.00014107937889197618,0.8,0.01,5,300,0.9,"{'colsample_bytree': 0.8, 'learning_rate': 0.01, 'max_depth': 5, 'n_estimators': 300, 'subsample': 0.9}",-0.9994019057658377,-0.8677561082798173,-0.8470956896269524,-0.9349167320505753,-0.8276001398854657,-0.8953541151217296,0.06335971933235847,236,-0.6877254569516569,-0.6957057712348143,-0.6903153784090448,-0.693148034693768,-0.6958419885499644,-0.6925473259678496,0.0031439923575723666,0.8953541151217296
0.22030320167541503,0.01282917582120784,0.0033044338226318358,0.00014211766528348602,0.8,0.01,5,300,1.0,"{'colsample_bytree': 0.8, 'learning_rate': 0.01, 'max_depth': 5, 'n_estimators': 300, 'subsample': 1.0}",-1.0218776036571076,-0.8605922990892939,-0.8390419804569672,-0.9333171271495703,-0.8258754679132266,-0.8961408956532331,0.07301097328164168,237,-0.677703852416056,-0.6830156047413081,-0.6810417629245499,-0.6847680525144666,-0.6874887635070663,-0.6828036072206893,0.003315607699351351,0.8961408956532331
0.044646406173706056,0.004802920274691207,0.002359628677368164,0.00022407069711269723,0.8,0.03,3,100,0.8,"{'colsample_bytree': 0.8, 'learning_rate': 0.03, 'max_depth': 3, 'n_estimators': 100, 'subsample': 0.8}",-1.1210703275568468,-1.052124024251965,-1.0231484992997177,-1.101700209430292,-1.0426640037582133,-1.0681414128594071,0.037034255011370115,273,-0.95744752373735,-0.9777802327873534,-0.9680430937369392,-0.9645027251431595,-0.9718241411167896,-0.9679195433043184,0.006838599067422904,1.0681414128594071
0.04606585502624512,0.004313466712327816,0.002393817901611328,8.982245225858365e-05,0.8,0.03,3,100,0.9,"{'colsample_bytree': 0.8, 'learning_rate': 0.03, 'max_depth': 3, 'n_estimators': 100, 'subsample': 0.9}",-1.1208285401923956,-1.0561413597143454,-1.01149761561118,-1.094852981016651,-1.038090456653785,-1.0642821906376714,0.03916772725163597,271,-0.9526888296787756,-0.9662825903869582,-0.953916405813447,-0.9564280872896271,-0.9669666196104078,-0.959256506555843,0.006139425190716689,1.0642821906376714
0.03401117324829102,0.0005262290363524913,0.002252006530761719,5.2642822265625e-05,0.8,0.03,3,100,1.0,"{'colsample_bytree': 0.8, 'learning_rate': 0.03, 'max_depth': 3, 'n_estimators': 100, 'subsample': 1.0}",-1.1063164868958584,-1.038664340215948,-0.9849777821347041,-1.0860742232662477,-1.0151666410882552,-1.0462398947202025,0.044658600994466655,268,-0.9281355820470127,-0.9454236535595889,-0.9372631615883057,-0.9423158853824458,-0.9564429121036986,-0.9419162389362103,0.00932784585036303,1.0462398947202025
0.07215261459350586,0.002293385692160537,0.002467966079711914,4.036127277643215e-05,0.8,0.03,3,200,0.8,"{'colsample_bytree': 0.8, 'learning_rate': 0.03, 'max_depth': 3, 'n_estimators': 200, 'subsample': 0.8}",-0.847975137946791,-0.7493224138478414,-0.775000271807801,-0.7901627518854539,-0.7551459215235846,-0.7835212994022944,0.035343287759908165,206,-0.6530238649543234,-0.666074550414753,-0.639618725843196,-0.6563663300406312,-0.6573574997561674,-0.6544881942018141,0.00859359422243571,0.7835212994022944
0.06992998123168945,0.0006771742191377648,0.002546882629394531,0.00011201691427337257,0.8,0.03,3,200,0.9,"{'colsample_bytree': 0.8, 'learning_rate': 0.03, 'max_depth': 3, 'n_estimators': 200, 'subsample': 0.9}",-0.8711639493734575,-0.7557226873921891,-0.779489682155021,-0.7860714156542379,-0.750973444902836,-0.7886842358955483,0.043365509844885214,207,-0.6504356692473942,-0.6559649474987433,-0.6342480208110806,-0.650187623697795,-0.653284642979244,-0.6488241808468513,0.0075869174698629345,0.7886842358955483
0.05746417045593262,0.0012670889053928113,0.0024919033050537108,2.7578094603091866e-05,0.8,0.03,3,200,1.0,"{'colsample_bytree': 0.8, 'learning_rate': 0.03, 'max_depth': 3, 'n_estimators': 200, 'subsample': 1.0}",-0.8584818470895816,-0.7460872274137227,-0.7773933356726401,-0.7828574266753017,-0.7360547488893999,-0.7801749171481293,0.04302433769003642,204,-0.6394308294655635,-0.6494807345972252,-0.6351709495612854,-0.6513622021516937,-0.6509843163270839,-0.6452858064205703,0.006687063736358806,0.7801749171481293
0.10197601318359376,0.0013268510777567962,0.0028046607971191407,3.662798488868549e-05,0.8,0.03,3,300,0.8,"{'colsample_bytree': 0.8, 'learning_rate': 0.03, 'max_depth': 3, 'n_estimators': 300, 'subsample': 0.8}",-0.7708963812261744,-0.6656946654611473,-0.7086043053610798,-0.69576129557159,-0.6797121676246114,-0.7041337630489205,0.0363904099799289,166,-0.5577054347333686,-0.5670134893428301,-0.5438097454554514,-0.559334338419457,-0.5600585706824179,-0.557584315726705,0.007587453961185231,0.7041337630489205
0.10260024070739746,0.0009551022758583106,0.002904510498046875,0.00010459209752565193,0.8,0.03,3,300,0.9,"{'colsample_bytree': 0.8, 'learning_rate': 0.03, 'max_depth': 3, 'n_estimators': 300, 'subsample': 0.9}",-0.792170470305912,-0.6741627186640676,-0.7187465287732603,-0.6949181327971379,-0.6741265461667868,-0.7108248793414329,0.043872004668206906,177,-0.5538154637107798,-0.5600719827087618,-0.5385431678669604,-0.5548991302469234,-0.5526671391210441,-0.5519993767308938,0.007188729696485267,0.7108248793414329
0.0806793212890625,0.0004533189470684622,0.002784252166748047,1.3414303065973046e-05,0.8,0.03,3,300,1.0,"{'colsample_bytree': 0.8, 'learning_rate': 0.03, 'max_depth': 3, 'n_estimators': 300, 'subsample': 1.0}",-0.7828618397842138,-0.6657917699907248,-0.7225601968586188,-0.7001887799437332,-0.6694332756183967,-0.7081671724391374,0.042769373912010564,174,-0.5499094099578853,-0.5595563906229152,-0.5436889711672414,-0.560851011820465,-0.557176782777142,-0.5542365132691297,0.006491106814434244,0.7081671724391374
0.05517416000366211,0.0003412169673640857,0.002384328842163086,9.048324008167365e-05,0.8,0.03,4,100,0.8,"{'colsample_bytree': 0.8, 'learning_rate': 0.03, 'max_depth': 4, 'n_estimators': 100, 'subsample': 0.8}",-1.0642404204978333,-0.9204486119864754,-0.90010545564593,-0.9873638096457863,-0.9056945993336859,-0.9555705794219422,0.0626378316823248,252,-0.803313524065993,-0.8151704109596564,-0.8073438747029077,-0.8069942561240374,-0.8127392810813218,-0.8091122693867833,0.004268370658314627,0.9555705794219422
0.05515422821044922,0.0010339766955160578,0.0022716522216796875,3.5698196575691085e-05,0.8,0.03,4,100,0.9,"{'colsample_bytree': 0.8, 'learning_rate': 0.03, 'max_depth': 4, 'n_estimators': 100, 'subsample': 0.9}",-1.0642255996493541,-0.9142389251730241,-0.8880051255241708,-0.9876009413463637,-0.9135440709076251,-0.9535229325201076,0.06457633752036998,251,-0.7951700646911951,-0.8016506030238215,-0.7979083083277667,-0.7967798788368292,-0.8070198701889744,-0.7997057450137174,0.004234212259015116,0.9535229325201076
0.04833893775939942,0.0005889996229072569,0.0022807598114013674,5.17185679953888e-05,0.8,0.03,4,100,1.0,"{'colsample_bytree': 0.8, 'learning_rate': 0.03, 'max_depth': 4, 'n_estimators': 100, 'subsample': 1.0}",-1.0668983510656174,-0.9138081958291803,-0.8833340964332643,-0.9733279005977499,-0.9031688654293486,-0.9481074818710322,0.06654149360586849,250,-0.7902069718692033,-0.7893561362615562,-0.7825427934256817,-0.7832440023249071,-0.7953211957578701,-0.7881342199278437,0.004745951543190001,0.9481074818710322
0.10032367706298828,0.0014692455672559723,0.0026326656341552736,6.316506888636778e-05,0.8,0.03,4,200,0.8,"{'colsample_bytree': 0.8, 'learning_rate': 0.03, 'max_depth': 4, 'n_estimators': 200, 'subsample': 0.8}",-0.8298810215384189,-0.6780039538506413,-0.7014437815998025,-0.7315005458439432,-0.682171664135633,-0.7246001933936878,0.055927232508860523,183,-0.5418963048441748,-0.5457369858678366,-0.5304719287582385,-0.5399804660688545,-0.543757837331282,-0.5403687045740773,0.005305377049107751,0.7246001933936878
0.10090150833129882,0.0013255832398927521,0.0026715755462646484,7.890518256432678e-05,0.8,0.03,4,200,0.9,"{'colsample_bytree': 0.8, 'learning_rate': 0.03, 'max_depth': 4, 'n_estimators': 200, 'subsample': 0.9}",-0.8386547425843798,-0.6799900976546921,-0.6964893825339572,-0.7377277972066076,-0.6781035677226068,-0.7261931175404486,0.060183555335498136,185,-0.5322431982223053,-0.5401169935659782,-0.5251963074874246,-0.5325123664652273,-0.5373103626433523,-0.5334758456768576,0.005095229734177722,0.7261931175404486
0.08780436515808106,0.002983121746810174,0.002632284164428711,6.111214669505765e-05,0.8,0.03,4,200,1.0,"{'colsample_bytree': 0.8, 'learning_rate': 0.03, 'max_depth': 4, 'n_estimators': 200, 'subsample': 1.0}",-0.8285869519267889,-0.6867391302395236,-0.700786418955858,-0.7346610553241314,-0.6838125437852027,-0.7269172200463009,0.05394777501840891,187,-0.5310610718008479,-0.5313404756147213,-0.5217188369605895,-0.5300773049041195,-0.5385664558332129,-0.5305528290226983,0.005354669952002961,0.7269172200463009
0.14067587852478028,0.0016464893593645885,0.0030119895935058595,5.63671945681893e-05,0.8,0.03,4,300,0.8,"{'colsample_bytree': 0.8, 'learning_rate': 0.03, 'max_depth': 4, 'n_estimators': 300, 'subsample': 0.8}",-0.7688442726487521,-0.6192638300841152,-0.661104953079091,-0.670713794841634,-0.6305026473832385,-0.6700858996073662,0.05288475112169019,116,-0.46655254691623954,-0.47070870361443123,-0.45930653379268915,-0.46437397937774527,-0.46619906655255,-0.465428166050731,0.0036967090207446667,0.6700858996073662
0.14370193481445312,0.0014812145130134095,0.003057384490966797,0.00011771105545156138,0.8,0.03,4,300,0.9,"{'colsample_bytree': 0.8, 'learning_rate': 0.03, 'max_depth': 4, 'n_estimators': 300, 'subsample': 0.9}",-0.7847547471298324,-0.6234677642046133,-0.6554227603594798,-0.6810498769799103,-0.6223573004553508,-0.6734104898258373,0.0597999435942854,121,-0.461110566479192,-0.46517200364868855,-0.4527214910126972,-0.4608370935816044,-0.460166027779294,-0.46000143650029524,0.004041978557468983,0.6734104898258373
0.12406606674194336,0.0011436424408792925,0.0029315948486328125,5.719144403423532e-05,0.8,0.03,4,300,1.0,"{'colsample_bytree': 0.8, 'learning_rate': 0.03, 'max_depth': 4, 'n_estimators': 300, 'subsample': 1.0}",-0.7646922582776173,-0.6322221210196208,-0.6591661898295561,-0.6800219249977228,-0.6349619412275126,-0.6742128870704059,0.04847788323894655,123,-0.46077252498139465,-0.45797297033723255,-0.44936257784966316,-0.4620052583243081,-0.4639137938351459,-0.4588054250655489,0.00510027824468888,0.6742128870704059
0.07958502769470215,0.003215362017943329,0.002630329132080078,0.0002565303964326369,0.8,0.03,5,100,0.8,"{'colsample_bytree': 0.8, 'learning_rate': 0.03, 'max_depth': 5, 'n_estimators': 100, 'subsample': 0.8}",-0.9986585994151899,-0.8637746404983967,-0.8508340712556337,-0.9456164188993523,-0.8294596658582656,-0.8976686791853676,0.06401984940502195,238,-0.7010760001563103,-0.7113459795472661,-0.6999808736343646,-0.7019174270689393,-0.705239541918927,-0.7039119644651615,0.004110994776028961,0.8976686791853676
0.08462438583374024,0.002226172042800626,0.002469635009765625,5.9296689807333456e-05,0.8,0.03,5,100,0.9,"{'colsample_bytree': 0.8, 'learning_rate': 0.03, 'max_depth': 5, 'n_estimators': 100, 'subsample': 0.9}",-1.016538086439268,-0.8723463590820575,-0.8553428589414661,-0.9512798811814535,-0.8386335043939417,-0.9068281380076373,0.06708571434838005,240,-0.6902058931197951,-0.695021709910053,-0.6918536162411617,-0.696517730056669,-0.6960390475829422,-0.6939275993821242,0.002470488689929031,0.9068281380076373
0.07499547004699707,0.0030637484642733826,0.002380180358886719,5.5919277234957773e-05,0.8,0.03,5,100,1.0,"{'colsample_bytree': 0.8, 'learning_rate': 0.03, 'max_depth': 5, 'n_estimators': 100, 'subsample': 1.0}",-1.0084833470133487,-0.8740052353849648,-0.8469595673430681,-0.9318563178369854,-0.8332644228641334,-0.8989137780885,0.06437424129980467,239,-0.680407571597939,-0.6836215012936353,-0.6837000102885661,-0.6830521177485539,-0.6829702276455698,-0.6827502857148529,0.0012073756510441354,0.8989137780885
0.13979854583740234,0.002802194392873817,0.002878427505493164,0.00010510717604235231,0.8,0.03,5,200,0.8,"{'colsample_bytree': 0.8, 'learning_rate': 0.03, 'max_depth': 5, 'n_estimators': 200, 'subsample': 0.8}",-0.8020947077589937,-0.6493240102937726,-0.678090467347553,-0.7264887910798921,-0.6487190597780959,-0.7009434072516616,0.05796266678277126,161,-0.45699532851894265,-0.4677294050969456,-0.4519494162852545,-0.45464383652808704,-0.45760873330293744,-0.45778534394643344,0.0053566181194151605,0.7009434072516616
0.14675402641296387,0.0016829415840686876,0.002973508834838867,0.00012932527010988616,0.8,0.03,5,200,0.9,"{'colsample_bytree': 0.8, 'learning_rate': 0.03, 'max_depth': 5, 'n_estimators': 200, 'subsample': 0.9}",-0.8068846238998028,-0.6636317710851144,-0.6809386138850675,-0.734519217199667,-0.6542221118467748,-0.7080392675832853,0.05669982297097412,172,-0.44687706065502836,-0.4517102623968493,-0.44176335921233545,-0.4491412114411421,-0.448976183892578,-0.44769361551958664,0.003337923589198888,0.7080392675832853
0.13850412368774415,0.0011611051050110744,0.0029645442962646486,9.556099798001183e-05,0.8,0.03,5,200,1.0,"{'colsample_bytree': 0.8, 'learning_rate': 0.03, 'max_depth': 5, 'n_estimators': 200, 'subsample': 1.0}",-0.8069733043700692,-0.6723448044404751,-0.6799865744638882,-0.7321457871793079,-0.649411668982654,-0.7081724278872789,0.056333334486093734,175,-0.44924258833331854,-0.4492054205109022,-0.44086267920782407,-0.4464973729449768,-0.4402821387872787,-0.44521803995686005,0.003925943805553252,0.7081724278872789
0.21207618713378906,0.003957755065820457,0.0036439895629882812,0.000236196125376898,0.8,0.03,5,300,0.8,"{'colsample_bytree': 0.8, 'learning_rate': 0.03, 'max_depth': 5, 'n_estimators': 300, 'subsample': 0.8}",-0.7504371626566626,-0.6010984550519319,-0.6431561400282508,-0.6814413090411495,-0.6130689430854849,-0.657840401972696,0.05398318724143414,94,-0.3884485514703599,-0.39588762155545676,-0.38109244426225525,-0.388535305701041,-0.3884747520060983,-0.3884877349990422,0.0046787308751012014,0.657840401972696
0.23080887794494628,0.01472913876430913,0.003862619400024414,0.0003060779424208813,0.8,0.03,5,300,0.9,"{'colsample_bytree': 0.8, 'learning_rate': 0.03, 'max_depth': 5, 'n_estimators': 300, 'subsample': 0.9}",-0.7582154758240247,-0.6156155429212153,-0.647721112273324,-0.6846520225600663,-0.620540948907008,-0.6653490204971277,0.05251420690325674,109,-0.38240393590548,-0.3798842872638316,-0.3733059886025352,-0.3801378063344815,-0.37949889319460806,-0.37904618226018727,0.003043791815373778,0.6653490204971277
0.22553153038024903,0.004425904949073192,0.0037146568298339843,5.552411938086206e-05,0.8,0.03,5,300,1.0,"{'colsample_bytree': 0.8, 'learning_rate': 0.03, 'max_depth': 5, 'n_estimators': 300, 'subsample': 1.0}",-0.7545099230817081,-0.6244604544183318,-0.6490380666792019,-0.6830997904767948,-0.6160184276098051,-0.6654253324531683,0.050271575889443205,110,-0.3874840636433176,-0.3871890352891198,-0.37519069468529503,-0.38069294867415243,-0.37098178063800547,-0.38030770458597807,0.006513952753595788,0.6654253324531683
0.04733567237854004,0.0012831818290425314,0.0028435707092285155,0.00018225421073452718,0.8,0.05,3,100,0.8,"{'colsample_bytree': 0.8, 'learning_rate': 0.05, 'max_depth': 3, 'n_estimators': 100, 'subsample': 0.8}",-0.9111783561313486,-0.8126860187082234,-0.8213809741366539,-0.8701044489906639,-0.8166406194648996,-0.8463980834863578,0.03848724782623886,222,-0.7117137139324528,-0.7288187567601034,-0.710605594282753,-0.7115474629444931,-0.7163668271537459,-0.7158104710147095,0.006805474684103602,0.8463980834863578
0.046514129638671874,0.001858819027012214,0.002703857421875,0.00021768994512305758,0.8,0.05,3,100,0.9,"{'colsample_bytree': 0.8, 'learning_rate': 0.05, 'max_depth': 3, 'n_estimators': 100, 'subsample': 0.9}",-0.9226416567581662,-0.8131978631948573,-0.8322114437664253,-0.8512060675318651,-0.8044946850614265,-0.8447503432625482,0.04214744146473314,221,-0.7061176682159951,-0.7233059615370251,-0.7034454359897365,-0.7123361652295319,-0.7190479775583927,-0.7128506417061363,0.007507012682333249,0.8447503432625482
0.037978172302246094,0.00034174001302698714,0.002818441390991211,0.00011173125947182822,0.8,0.05,3,100,1.0,"{'colsample_bytree': 0.8, 'learning_rate': 0.05, 'max_depth': 3, 'n_estimators': 100, 'subsample': 1.0}",-0.92707674559058,-0.8026426732210262,-0.8204973375776942,-0.8309323079089814,-0.8050504649127813,-0.8372399058422128,0.046095305123509116,220,-0.7055194805226905,-0.7112292362740832,-0.7012073851381563,-0.7088085385922657,-0.7174268493596204,-0.7088382979773632,0.005453917242907323,0.8372399058422128
0.08261227607727051,0.002462533289752205,0.003283834457397461,0.00046540412244796756,0.8,0.05,3,200,0.8,"{'colsample_bytree': 0.8, 'learning_rate': 0.05, 'max_depth': 3, 'n_estimators': 200, 'subsample': 0.8}",-0.7742441163473801,-0.6512169328083788,-0.6975400428669807,-0.7059796440693484,-0.6773301131101144,-0.7012621698404405,0.041084650168128616,163,-0.5452091502436709,-0.552710262323758,-0.5336100209035555,-0.5388600856189171,-0.5419746800205528,-0.5424728398220908,0.0063897093753011135,0.7012621698404405
0.08228569030761719,0.0022155146667863475,0.003016376495361328,0.00028759300177518427,0.8,0.05,3,200,0.9,"{'colsample_bytree': 0.8, 'learning_rate': 0.05, 'max_depth': 3, 'n_estimators': 200, 'subsample': 0.9}",-0.7821389801829227,-0.6587502893658097,-0.7138091342282356,-0.6822894095917582,-0.6627427463001339,-0.699946111933772,0.04547701909156913,157,-0.540250221776617,-0.551514599002494,-0.5294943294029709,-0.5384934336954187,-0.5384038121399936,-0.5396312792034987,0.007030725402185466,0.699946111933772
0.06459455490112305,0.0013500024399289551,0.0030067920684814452,0.00013465433883256715,0.8,0.05,3,200,1.0,"{'colsample_bytree': 0.8, 'learning_rate': 0.05, 'max_depth': 3, 'n_estimators': 200, 'subsample': 1.0}",-0.7780405275335612,-0.6610602187324583,-0.7113529802838843,-0.6880229410249898,-0.6777105907557325,-0.7032374516661252,0.04080044829141858,165,-0.5370582515662738,-0.547764956604726,-0.5356617527505498,-0.5511536888586194,-0.545226616626618,-0.5433730532813573,0.006043238840888549,0.7032374516661252
0.11445493698120117,0.0024521322992148583,0.00312042236328125,9.164619146096679e-05,0.8,0.05,3,300,0.8,"{'colsample_bytree': 0.8, 'learning_rate': 0.05, 'max_depth': 3, 'n_estimators': 300, 'subsample': 0.8}",-0.7372990830245628,-0.6112345047115014,-0.6660930478995967,-0.6637820277119437,-0.6450199432799574,-0.6646857213255124,0.04127777346496637,107,-0.4914592799943417,-0.4963766735546447,-0.47397725151305187,-0.4837546871442029,-0.48576102600778703,-0.4862657836428056,0.007573254346212633,0.6646857213255124
0.11130437850952149,0.0020726340334288923,0.0030276298522949217,5.5380361057852834e-05,0.8,0.05,3,300,0.9,"{'colsample_bytree': 0.8, 'learning_rate': 0.05, 'max_depth': 3, 'n_estimators': 300, 'subsample': 0.9}",-0.7430334159594459,-0.6188350439563819,-0.6790263159606329,-0.6429448597144913,-0.631101007478008,-0.6629881286137921,0.044793944874018256,105,-0.48493823604764486,-0.4946044882265661,-0.4692257864889262,-0.48409738897365856,-0.4822111381844174,-0.4830154075842426,0.008123733653694953,0.6629881286137921
0.08442816734313965,0.001003741488603703,0.0030678272247314452,0.00019809313503040669,0.8,0.05,3,300,1.0,"{'colsample_bytree': 0.8, 'learning_rate': 0.05, 'max_depth': 3, 'n_estimators': 300, 'subsample': 1.0}",-0.7484049611924842,-0.6235411829081772,-0.6897049314599288,-0.6507224099286513,-0.6432449322571057,-0.6711236835492693,0.04421581109580199,119,-0.4892307727262351,-0.4935614490464773,-0.48750330060544983,-0.5006559350881917,-0.48720174643657854,-0.4916306407805865,0.0050516010651773125,0.6711236835492693
0.05627455711364746,0.0015296461613473345,0.002358150482177734,0.00012148173190413329,0.8,0.05,4,100,0.8,"{'colsample_bytree': 0.8, 'learning_rate': 0.05, 'max_depth': 4, 'n_estimators': 100, 'subsample': 0.8}",-0.879562403756988,-0.716786653187364,-0.747988390513464,-0.7781068796239938,-0.7333463194813177,-0.7711581293126255,0.05783182345988867,200,-0.5894532669534911,-0.59870735909467,-0.588169017845851,-0.5914220670721865,-0.5889517229052638,-0.5913406867742925,0.0038367556494471058,0.7711581293126255
0.056679296493530276,0.0014369483561346677,0.0024248600006103516,0.0002263184189635623,0.8,0.05,4,100,0.9,"{'colsample_bytree': 0.8, 'learning_rate': 0.05, 'max_depth': 4, 'n_estimators': 100, 'subsample': 0.9}",-0.8801443872874334,-0.7202857928347881,-0.7335943121470394,-0.7697394554894598,-0.7195720979852747,-0.7646672091487992,0.06054669346342932,196,-0.5821149173634171,-0.5909482142971864,-0.5779679897861137,-0.5779548976972877,-0.585154443780224,-0.5828280925848458,0.00488314515512876,0.7646672091487992
0.05010371208190918,0.0009928002523743,0.0024617671966552734,5.2022824693769605e-05,0.8,0.05,4,100,1.0,"{'colsample_bytree': 0.8, 'learning_rate': 0.05, 'max_depth': 4, 'n_estimators': 100, 'subsample': 1.0}",-0.8859544457578612,-0.7438145679028033,-0.7398437989069103,-0.7938083304847479,-0.7170587999875678,-0.7760959886079781,0.06037269032133795,202,-0.5855016004349554,-0.5847492776828358,-0.5727695909560591,-0.580799914419479,-0.5827790082992398,-0.5813198783585138,0.004577213488502688,0.7760959886079781
0.10847635269165039,0.0026153644392429426,0.0028148651123046874,0.0001441842029279675,0.8,0.05,4,200,0.8,"{'colsample_bytree': 0.8, 'learning_rate': 0.05, 'max_depth': 4, 'n_estimators': 200, 'subsample': 0.8}",-0.7696847557442686,-0.6096983321966207,-0.6541871859831649,-0.6581268791903242,-0.6329680249525028,-0.6649330356133762,0.05514953179855232,108,-0.45499396764579236,-0.4544272642594865,-0.4402409881641076,-0.45217480752090655,-0.4501037185213233,-0.4503881492223233,0.005362199919330524,0.6649330356133762
0.10401377677917481,0.0025888792204730683,0.002731657028198242,9.157913046037961e-05,0.8,0.05,4,200,0.9,"{'colsample_bytree': 0.8, 'learning_rate': 0.05, 'max_depth': 4, 'n_estimators': 200, 'subsample': 0.9}",-0.7649913449920978,-0.6153248528669023,-0.6541585939657237,-0.6558149199145558,-0.6217410720614821,-0.6624061567601522,0.05386183403788818,103,-0.4441109205900989,-0.4514153928035566,-0.44005049585703265,-0.4432287137813699,-0.44700146484149433,-0.44516139757471046,0.0038329724438540213,0.6624061567601522
0.08748717308044433,0.0011855094836133206,0.002782440185546875,4.837996480776626e-05,0.8,0.05,4,200,1.0,"{'colsample_bytree': 0.8, 'learning_rate': 0.05, 'max_depth': 4, 'n_estimators': 200, 'subsample': 1.0}",-0.7731962070910476,-0.6370971690059613,-0.6668374781926552,-0.6871115844043496,-0.6295722735851698,-0.6787629424558367,0.05154671002316369,132,-0.45765663054534395,-0.45132174307177036,-0.44556180735027523,-0.45510454243608256,-0.4487878714902033,-0.45168651897873513,0.004321398563650413,0.6787629424558367
0.1434640407562256,0.0037730926805369094,0.0030792236328125,7.062011437792582e-05,0.8,0.05,4,300,0.8,"{'colsample_bytree': 0.8, 'learning_rate': 0.05, 'max_depth': 4, 'n_estimators': 300, 'subsample': 0.8}",-0.7490631357034181,-0.5856243393734822,-0.6302246176435669,-0.6275333900649224,-0.6133880614002365,-0.6411667088371252,0.056220714563236775,60,-0.3943483298324573,-0.38828124684479104,-0.379417884631694,-0.389065105588213,-0.3937659961934949,-0.3889757126181301,0.005360115336367969,0.6411667088371252
0.14191532135009766,0.001645614988872554,0.003030252456665039,2.896541420323555e-05,0.8,0.05,4,300,0.9,"{'colsample_bytree': 0.8, 'learning_rate': 0.05, 'max_depth': 4, 'n_estimators': 300, 'subsample': 0.9}",-0.7371378008407745,-0.5917582535610191,-0.6304553364611782,-0.6306271025999556,-0.5991182154717214,-0.6378193417869298,0.05213350978864059,51,-0.38652892321462223,-0.3893231686310308,-0.38219326166717926,-0.3889657908471863,-0.38919545352512214,-0.3872413195770281,0.0027245892670530363,0.6378193417869298
0.11818733215332031,0.001526119538049176,0.002948427200317383,7.175101673012157e-05,0.8,0.05,4,300,1.0,"{'colsample_bytree': 0.8, 'learning_rate': 0.05, 'max_depth': 4, 'n_estimators': 300, 'subsample': 1.0}",-0.748472765307585,-0.6160582783275298,-0.6497977239891122,-0.6613644023340597,-0.6068355095131741,-0.6565057358942922,0.05025866447641637,92,-0.4054886008081194,-0.39950508043179817,-0.397866967843057,-0.41230471998622964,-0.4031124466356638,-0.4036555631409736,0.005083252089038696,0.6565057358942922
0.07318401336669922,0.001098856131304444,0.0022809505462646484,5.937532179068433e-05,0.8,0.05,5,100,0.8,"{'colsample_bytree': 0.8, 'learning_rate': 0.05, 'max_depth': 5, 'n_estimators': 100, 'subsample': 0.8}",-0.8546810847126897,-0.6880089846656975,-0.7238017109835594,-0.782152260331724,-0.6808896486742404,-0.7459067378735822,0.06513616561760914,192,-0.49803645087745213,-0.5112278379271586,-0.49604273981842295,-0.5034601392543873,-0.5002371011387717,-0.5018008538032386,0.00531776619129613,0.7459067378735822
0.07567620277404785,0.0023869933334970915,0.0022853851318359376,3.659817604364345e-05,0.8,0.05,5,100,0.9,"{'colsample_bytree': 0.8, 'learning_rate': 0.05, 'max_depth': 5, 'n_estimators': 100, 'subsample': 0.9}",-0.8536637153132912,-0.6895663280472437,-0.6940892233431804,-0.7645550251387007,-0.6755606349633236,-0.7354869853611479,0.0666698423260942,189,-0.49109642091510947,-0.4985874775851118,-0.48355818469227996,-0.4888023607846252,-0.48796735115338713,-0.4900023590261028,0.004939835376922649,0.7354869853611479
0.06872072219848632,0.0010233599830758177,0.002338123321533203,7.14152438863299e-05,0.8,0.05,5,100,1.0,"{'colsample_bytree': 0.8, 'learning_rate': 0.05, 'max_depth': 5, 'n_estimators': 100, 'subsample': 1.0}",-0.8724762516769962,-0.7090940460739015,-0.7282423103888709,-0.7965239386961012,-0.7067846876698537,-0.7626242469011447,0.06384717439503584,194,-0.4887550303438666,-0.49343654548338994,-0.484337886031282,-0.4942681676625587,-0.4890453413940385,-0.48996859418302713,0.0035928547290922353,0.7626242469011447
0.13548583984375,0.002273678283464346,0.002769136428833008,5.663986497145077e-05,0.8,0.05,5,200,0.8,"{'colsample_bytree': 0.8, 'learning_rate': 0.05, 'max_depth': 5, 'n_estimators': 200, 'subsample': 0.8}",-0.7566743604695554,-0.5912831320158567,-0.654834399469418,-0.690896379206672,-0.6129909425200623,-0.6613358427363129,0.058736936761705626,101,-0.3727030121344512,-0.380498170905237,-0.3614116922734639,-0.369596099986071,-0.3676140456536651,-0.37036460419057765,0.006268462791551799,0.6613358427363129
0.1377269744873047,0.0015394505682418175,0.0027275562286376955,1.865792571671905e-05,0.8,0.05,5,200,0.9,"{'colsample_bytree': 0.8, 'learning_rate': 0.05, 'max_depth': 5, 'n_estimators': 200, 'subsample': 0.9}",-0.7617491258993077,-0.6036559158027597,-0.6316748951346484,-0.6751746244273901,-0.6066408347114427,-0.6557790791951097,0.05885276696219163,88,-0.3661103905312178,-0.37116682075153673,-0.3526484371678955,-0.3616581049709096,-0.3560725900305156,-0.3615312686904151,0.006671284379593798,0.6557790791951097
0.12483563423156738,0.0012146255008026153,0.00295405387878418,0.00023263351963027145,0.8,0.05,5,200,1.0,"{'colsample_bytree': 0.8, 'learning_rate': 0.05, 'max_depth': 5, 'n_estimators': 200, 'subsample': 1.0}",-0.7779053486753889,-0.6292274844436255,-0.6661452063084005,-0.7011038353281439,-0.6331704869008831,-0.6815104723312884,0.05473979991331423,135,-0.37145934464259045,-0.3694362353969359,-0.36094607062116363,-0.36633860898562925,-0.3641037714159551,-0.36645680621245486,0.003736879422871774,0.6815104723312884
0.195206880569458,0.004971515640686174,0.003013896942138672,6.40827983715383e-05,0.8,0.05,5,300,0.8,"{'colsample_bytree': 0.8, 'learning_rate': 0.05, 'max_depth': 5, 'n_estimators': 300, 'subsample': 0.8}",-0.7373805075510317,-0.569637142270689,-0.6355893371432659,-0.6716054520223715,-0.5974068610831728,-0.6423238600141061,0.0587186978722593,62,-0.30236629480794824,-0.3011989215280412,-0.2917078730990056,-0.29525757801234925,-0.29789199282724904,-0.2976845320549187,0.0038967533670106794,0.6423238600141061
0.19455065727233886,0.0035209511192713116,0.0030228137969970704,7.532089322208117e-05,0.8,0.05,5,300,0.9,"{'colsample_bytree': 0.8, 'learning_rate': 0.05, 'max_depth': 5, 'n_estimators': 300, 'subsample': 0.9}",-0.7429544444258827,-0.5857681177469259,-0.6141837793614086,-0.6596888802658765,-0.5941961131291305,-0.6393582669858449,0.05777677886505968,54,-0.2977001317424312,-0.29583563694003423,-0.2907322918507672,-0.29879752693659684,-0.29165148904813354,-0.29494341530359264,0.003219318581895023,0.6393582669858449
0.17704625129699708,0.0038178178552232297,0.0031861782073974608,0.00013725170961505914,0.8,0.05,5,300,1.0,"{'colsample_bytree': 0.8, 'learning_rate': 0.05, 'max_depth': 5, 'n_estimators': 300, 'subsample': 1.0}",-0.758678921271395,-0.6100439402169702,-0.6524030135845582,-0.6791742754466374,-0.6192218771140267,-0.6639044055267175,0.05337628283676185,106,-0.3110618473817795,-0.30610788057949184,-0.3045296876025219,-0.31471573862102775,-0.30906327400893024,-0.30909568563875023,0.003611845931821478,0.6639044055267175
0.03848719596862793,0.0007126904898770199,0.0021494388580322265,4.612832071464754e-05,0.8,0.1,3,100,0.8,"{'colsample_bytree': 0.8, 'learning_rate': 0.1, 'max_depth': 3, 'n_estimators': 100, 'subsample': 0.8}",-0.7259054528115855,-0.6565056401922964,-0.7165015812835626,-0.7173710676520781,-0.6882772579656392,-0.7009121999810324,0.025574088970923493,160,-0.5515610415716784,-0.5534722922047769,-0.5454648994139847,-0.5469964608254125,-0.5508144961777887,-0.5496618380387283,0.0029723285587497585,0.7009121999810324
0.03816041946411133,0.0007234746094664904,0.002109861373901367,3.173622654261006e-05,0.8,0.1,3,100,0.9,"{'colsample_bytree': 0.8, 'learning_rate': 0.1, 'max_depth': 3, 'n_estimators': 100, 'subsample': 0.9}",-0.7390877333756936,-0.683122172068331,-0.7242457435926731,-0.7041351684822058,-0.6730470461654889,-0.7047275727368785,0.02462673213145062,167,-0.5562401280524885,-0.5593288545455144,-0.534373700357086,-0.5449223638949506,-0.5544555325400783,-0.5498641158780235,0.009118001995293968,0.7047275727368785
0.03146810531616211,0.0006797866755303246,0.002215147018432617,9.516205130295113e-05,0.8,0.1,3,100,1.0,"{'colsample_bytree': 0.8, 'learning_rate': 0.1, 'max_depth': 3, 'n_estimators': 100, 'subsample': 1.0}",-0.8295706012684948,-0.683074884777233,-0.7208620494036374,-0.6908358640504864,-0.7056204955746372,-0.7259927790148977,0.05338103389280158,184,-0.5519637957207971,-0.5571721502630098,-0.5423230625956028,-0.5521971978122867,-0.5493603226948914,-0.5506033058173176,0.004850743791918674,0.7259927790148977
0.06977038383483887,0.0010086118971892111,0.002466154098510742,5.966229511798808e-05,0.8,0.1,3,200,0.8,"{'colsample_bytree': 0.8, 'learning_rate': 0.1, 'max_depth': 3, 'n_estimators': 200, 'subsample': 0.8}",-0.6761167198872401,-0.5992593050154154,-0.6640865194640562,-0.6525126651508668,-0.6397082927955889,-0.6463367004626335,0.02645851515727142,66,-0.45778754087804335,-0.45094589339028524,-0.44660151942574206,-0.4541106836101409,-0.4477526837583927,-0.45143966421252085,0.0041152196115152,0.6463367004626335
0.0681215763092041,0.0007010025958820072,0.0024651527404785157,7.087837506509698e-05,0.8,0.1,3,200,0.9,"{'colsample_bytree': 0.8, 'learning_rate': 0.1, 'max_depth': 3, 'n_estimators': 200, 'subsample': 0.9}",-0.6754425871835342,-0.6215342919463704,-0.6789904283025399,-0.6441940957939708,-0.6169553631445882,-0.6474233532742006,0.026040459740790604,68,-0.46024122894173886,-0.4646727702421,-0.4418598352755297,-0.45235702194468663,-0.45023000891564596,-0.45387217306394023,0.007963354493171402,0.6474233532742006
0.053750228881835935,0.00040729339441457184,0.0025250911712646484,0.00013905874761618858,0.8,0.1,3,200,1.0,"{'colsample_bytree': 0.8, 'learning_rate': 0.1, 'max_depth': 3, 'n_estimators': 200, 'subsample': 1.0}",-0.7725217409494837,-0.6268103858742207,-0.6848143034381893,-0.6377652299785073,-0.6555895070606195,-0.6755002334602039,0.052327800615955995,125,-0.4665106640721366,-0.4642979518130943,-0.457382587297315,-0.4644492515733306,-0.46044719084005103,-0.4626175291191855,0.0032695721880808097,0.6755002334602039
0.09664535522460938,0.0030160010379233766,0.0026309013366699217,7.212836257692615e-05,0.8,0.1,3,300,0.8,"{'colsample_bytree': 0.8, 'learning_rate': 0.1, 'max_depth': 3, 'n_estimators': 300, 'subsample': 0.8}",-0.6531168304982687,-0.5797295189960542,-0.6444225890966805,-0.6367352543131488,-0.6274141659486981,-0.6282836717705701,0.025717081733172695,35,-0.3970255151285534,-0.39063748212963645,-0.39301540198667617,-0.3965974958099672,-0.3918756381453168,-0.39383030664003,0.002551298495268703,0.6282836717705701
0.0937490463256836,0.00191459719653517,0.0026300907135009765,0.00010799899522945738,0.8,0.1,3,300,0.9,"{'colsample_bytree': 0.8, 'learning_rate': 0.1, 'max_depth': 3, 'n_estimators': 300, 'subsample': 0.9}",-0.644599939840862,-0.5974539267523541,-0.6573881144196259,-0.6205585508604805,-0.6017639710515451,-0.6243529005849735,0.023449859582848644,25,-0.3991297192764485,-0.4032285163584524,-0.3865110918062933,-0.3989915391706606,-0.39531461471617757,-0.39663509626560645,0.005647801226430029,0.6243529005849735
0.07322511672973633,0.0006054827576805531,0.0025906085968017576,4.5997463187456116e-05,0.8,0.1,3,300,1.0,"{'colsample_bytree': 0.8, 'learning_rate': 0.1, 'max_depth': 3, 'n_estimators': 300, 'subsample': 1.0}",-0.7453931599979909,-0.6001715402967309,-0.6715190572054344,-0.6132644120268613,-0.6308774985195018,-0.652245133609304,0.05241330089929292,79,-0.40725532050013913,-0.4073504986068917,-0.40489353367658404,-0.4070588260938572,-0.4028945356239158,-0.4058905429002776,0.0017509460971087752,0.652245133609304
0.049269247055053714,0.00039658037615611575,0.002080821990966797,4.2146201130328984e-05,0.8,0.1,4,100,0.8,"{'colsample_bytree': 0.8, 'learning_rate': 0.1, 'max_depth': 4, 'n_estimators': 100, 'subsample': 0.8}",-0.7447906243098017,-0.6221514406695913,-0.6673864323911333,-0.7024036757109533,-0.6420692349972,-0.6757602816157359,0.04371309749274466,126,-0.4590126667750441,-0.4622302004955744,-0.4515923097865261,-0.4496240270102974,-0.4501554662768457,-0.4545229340688576,0.005122934305888758,0.6757602816157359
0.048782730102539064,0.0005335546705319748,0.0021080970764160156,6.838350264040865e-05,0.8,0.1,4,100,0.9,"{'colsample_bytree': 0.8, 'learning_rate': 0.1, 'max_depth': 4, 'n_estimators': 100, 'subsample': 0.9}",-0.7493364238326723,-0.6391986064468494,-0.6457080099606707,-0.693742699612506,-0.6418357581502263,-0.673964299600585,0.04268830453107877,122,-0.45931376724640943,-0.45188082617585207,-0.44284535904742417,-0.4483643289172484,-0.4512649794675045,-0.4507338521708877,0.005348935454553723,0.673964299600585
0.042905235290527345,0.0005338949057804069,0.0021060943603515626,5.621252838489536e-05,0.8,0.1,4,100,1.0,"{'colsample_bytree': 0.8, 'learning_rate': 0.1, 'max_depth': 4, 'n_estimators': 100, 'subsample': 1.0}",-0.8044009699154576,-0.6501884980504324,-0.7030416000216392,-0.7343280853735932,-0.6413699451352118,-0.7066658196992669,0.059638468447807735,170,-0.45795782699748927,-0.4644418200364447,-0.4540038061332709,-0.4611784359159425,-0.45682754622883115,-0.4588818870623957,0.0036071281687165167,0.7066658196992669
0.09442787170410157,0.0029366843336663994,0.002658653259277344,0.00015583454170888566,0.8,0.1,4,200,0.8,"{'colsample_bytree': 0.8, 'learning_rate': 0.1, 'max_depth': 4, 'n_estimators': 200, 'subsample': 0.8}",-0.7021766752731053,-0.5842639684186696,-0.6328688114780023,-0.6645283024860721,-0.6133155052462602,-0.6394306525804219,0.04082983496140595,56,-0.35007783398576053,-0.34859177917235323,-0.34232275532003986,-0.3390349785313644,-0.34445920762418497,-0.34489731092674064,0.004041636474807182,0.6394306525804219
0.09590692520141601,0.0009666646921936691,0.0026108741760253905,6.036114319342298e-05,0.8,0.1,4,200,0.9,"{'colsample_bytree': 0.8, 'learning_rate': 0.1, 'max_depth': 4, 'n_estimators': 200, 'subsample': 0.9}",-0.7084105493468791,-0.5995216868079161,-0.6126541176270737,-0.6533097483897693,-0.6060699428300468,-0.635993209000337,0.04077847641771942,48,-0.3482254695932781,-0.3439617581748513,-0.3379494898851936,-0.3431384014668635,-0.3448767780534979,-0.3436303794347369,0.0033254390190275577,0.635993209000337
0.07868838310241699,0.0014639434975559184,0.002639579772949219,0.0002046943346113102,0.8,0.1,4,200,1.0,"{'colsample_bytree': 0.8, 'learning_rate': 0.1, 'max_depth': 4, 'n_estimators': 200, 'subsample': 1.0}",-0.7555288083509787,-0.6152812269930813,-0.6779226192404331,-0.6879942078636384,-0.6048872855665883,-0.668322829602944,0.054628713453225404,114,-0.3595562909136487,-0.3636168511356176,-0.36440659301898093,-0.3682349164997383,-0.3527948844374242,-0.36172190720108194,0.00524593690216543,0.668322829602944
0.14053802490234374,0.0030670364452486374,0.0030851840972900392,0.00011560045354210181,0.8,0.1,4,300,0.8,"{'colsample_bytree': 0.8, 'learning_rate': 0.1, 'max_depth': 4, 'n_estimators': 300, 'subsample': 0.8}",-0.6833031957744817,-0.5713541492501663,-0.6168442893141006,-0.6524841780195264,-0.6056737510552868,-0.6259319126827123,0.038647631726728415,30,-0.2799273573026984,-0.27879348528296355,-0.2733341765091011,-0.27243891992861763,-0.2794277702190139,-0.2767843418484789,0.0032152526982058365,0.6259319126827123
0.14321184158325195,0.0031507667007228493,0.002998685836791992,6.620495437608663e-05,0.8,0.1,4,300,0.9,"{'colsample_bytree': 0.8, 'learning_rate': 0.1, 'max_depth': 4, 'n_estimators': 300, 'subsample': 0.9}",-0.6898551581363934,-0.5902738556353828,-0.6012391598427494,-0.6486160869780895,-0.5954352003560202,-0.6250838921897269,0.03849268999941447,28,-0.2843767297904633,-0.2740174816659412,-0.2705107795912085,-0.278653981309898,-0.27689342932830063,-0.27689048033716235,0.004649915660035128,0.6250838921897269
0.12016682624816895,0.003478314961273694,0.0028849124908447267,9.843025496472544e-05,0.8,0.1,4,300,1.0,"{'colsample_bytree': 0.8, 'learning_rate': 0.1, 'max_depth': 4, 'n_estimators': 300, 'subsample': 1.0}",-0.7350664892656085,-0.6035961590773157,-0.661773192105452,-0.6760864490932017,-0.5945741482826781,-0.6542192875648511,0.05136486742475595,83,-0.2960133754450822,-0.293403444964672,-0.2961147527066363,-0.3002107436592798,-0.2849318569987979,-0.29413483475489366,0.005091078271626926,0.6542192875648511
0.06894497871398926,0.0016829127618909008,0.002350473403930664,0.0001631244934222849,0.8,0.1,5,100,0.8,"{'colsample_bytree': 0.8, 'learning_rate': 0.1, 'max_depth': 5, 'n_estimators': 100, 'subsample': 0.8}",-0.7721117906444278,-0.6146940377425848,-0.6601945430434986,-0.737330961169246,-0.6386055517392891,-0.6845873768678092,0.06006134552290246,140,-0.36745502039163164,-0.3820195069960946,-0.3731310301835549,-0.3751384481075965,-0.37995154915063956,-0.3755391109659035,0.005153194109202717,0.6845873768678092
0.07040586471557617,0.0010900645701417148,0.002289867401123047,5.51205192570169e-05,0.8,0.1,5,100,0.9,"{'colsample_bytree': 0.8, 'learning_rate': 0.1, 'max_depth': 5, 'n_estimators': 100, 'subsample': 0.9}",-0.7674831537808305,-0.6388842311232189,-0.6527010113017345,-0.7003451889891132,-0.6238359785975324,-0.676649912758486,0.052156019829331594,129,-0.3692861128007075,-0.3849778902037658,-0.3584736049306283,-0.36444952857858903,-0.36765962609374525,-0.3689693525214872,0.008816785412844844,0.676649912758486
0.0653066635131836,0.0010342857261738288,0.0024295330047607424,0.0003066305934002956,0.8,0.1,5,100,1.0,"{'colsample_bytree': 0.8, 'learning_rate': 0.1, 'max_depth': 5, 'n_estimators': 100, 'subsample': 1.0}",-0.8224811492282906,-0.6481622022742346,-0.687839400050857,-0.7160107207788764,-0.6704704667690445,-0.7089927878202607,0.06092725946447842,176,-0.38401054321288774,-0.38043155504281634,-0.36950249968286697,-0.37308976801714583,-0.37357746268298914,-0.3761223657277412,0.005296947487447955,0.7089927878202607
0.1385416030883789,0.0028469323575836597,0.002698326110839844,4.636407129910387e-05,0.8,0.1,5,200,0.8,"{'colsample_bytree': 0.8, 'learning_rate': 0.1, 'max_depth': 5, 'n_estimators': 200, 'subsample': 0.8}",-0.7484067610575946,-0.5884485150022252,-0.6305748110294009,-0.7108130957311369,-0.618499343076446,-0.6593485051793607,0.060172028630250625,96,-0.24527095710811708,-0.25104468683782954,-0.2503770488070465,-0.2490839805391357,-0.24988456158922948,-0.24913224697627165,0.0020339530079976154,0.6593485051793607
0.13544702529907227,0.0006701998929251372,0.002731609344482422,6.924742755660358e-05,0.8,0.1,5,200,0.9,"{'colsample_bytree': 0.8, 'learning_rate': 0.1, 'max_depth': 5, 'n_estimators': 200, 'subsample': 0.9}",-0.7382121518014139,-0.613844932147658,-0.6302677481865986,-0.6730555935224081,-0.6042583534206081,-0.6519277558157374,0.0491593568519963,78,-0.24439208695237488,-0.2529648941593167,-0.24829765913915,-0.24427208852331483,-0.24908438735421443,-0.24780222322567416,0.0032444861899915025,0.6519277558157374
0.12093162536621094,0.001612264217507389,0.002672147750854492,0.000120992803720104,0.8,0.1,5,200,1.0,"{'colsample_bytree': 0.8, 'learning_rate': 0.1, 'max_depth': 5, 'n_estimators': 200, 'subsample': 1.0}",-0.7884403375079175,-0.6212067294334054,-0.6666407607070982,-0.6921055932070981,-0.6492329136356244,-0.6835252668982287,0.05731569801365561,137,-0.26698441849186016,-0.2596150859683967,-0.26740877164800864,-0.26286445152518906,-0.26037674364909064,-0.26344989425650905,0.0032452526627465405,0.6835252668982287
0.19721875190734864,0.0025645021984959672,0.0031040191650390627,0.00016586534999473617,0.8,0.1,5,300,0.8,"{'colsample_bytree': 0.8, 'learning_rate': 0.1, 'max_depth': 5, 'n_estimators': 300, 'subsample': 0.8}",-0.7404286271050711,-0.590801752702853,-0.62464364870013,-0.7006011045725808,-0.6118604505060935,-0.6536671167173457,0.05704835129760512,81,-0.17386140115308274,-0.17684140187487946,-0.176678146068056,-0.17419447209187391,-0.17782829293413344,-0.17588074282440508,0.001566711137579381,0.6536671167173457
0.19761381149291993,0.0018842955253610284,0.003082132339477539,4.216373084308983e-05,0.8,0.1,5,300,0.9,"{'colsample_bytree': 0.8, 'learning_rate': 0.1, 'max_depth': 5, 'n_estimators': 300, 'subsample': 0.9}",-0.7269001660664904,-0.6098955021754084,-0.6208259701824698,-0.6651545664973205,-0.5984800699479313,-0.6442512549739241,0.04709958393452795,64,-0.1739916366239306,-0.1780270681418072,-0.1768756940116047,-0.1716107647717024,-0.17788594819187742,-0.17567822234818448,0.002498553617177811,0.6442512549739241
0.1754678726196289,0.003733037071906708,0.003016948699951172,4.6519613398716565e-05,0.8,0.1,5,300,1.0,"{'colsample_bytree': 0.8, 'learning_rate': 0.1, 'max_depth': 5, 'n_estimators': 300, 'subsample': 1.0}",-0.7819125222755594,-0.6149799489529966,-0.6626211269269283,-0.6797280183615606,-0.6421244330035666,-0.6762732099041223,0.057063091734028154,128,-0.19605793097166957,-0.19321116089115623,-0.196824349810144,-0.19390602367735665,-0.1915561803509189,-0.19431112914024906,0.0019147521087989703,0.6762732099041223
0.03984026908874512,0.0012084076694327897,0.002049875259399414,0.00014296428904489388,0.9,0.01,3,100,0.8,"{'colsample_bytree': 0.9, 'learning_rate': 0.01, 'max_depth': 3, 'n_estimators': 100, 'subsample': 0.8}",-1.9347528319642262,-1.8909633624979716,-1.7925557239879164,-1.9626553516305,-1.872909453954012,-1.8907673448069253,0.05842443625415304,321,-1.8295615012535649,-1.844986518050048,-1.8594271903914508,-1.8305037621195184,-1.853388099944638,-1.8435734143518439,0.011973442681275462,1.8907673448069253
0.0390049934387207,0.0005983454693078425,0.0021163463592529298,0.00016183473810752917,0.9,0.01,3,100,0.9,"{'colsample_bytree': 0.9, 'learning_rate': 0.01, 'max_depth': 3, 'n_estimators': 100, 'subsample': 0.9}",-1.9262944317105388,-1.8872291730032302,-1.7845158922950553,-1.9667060703855284,-1.866158613353229,-1.8861808361495165,0.06136963927283853,320,-1.8264376746333901,-1.8375146649800207,-1.8516756997787325,-1.82566274047377,-1.8473841044754262,-1.8377349768682678,0.010591183933106764,1.8861808361495165
0.032334518432617185,0.0005618750191332191,0.0019988059997558595,5.640433357987464e-05,0.9,0.01,3,100,1.0,"{'colsample_bytree': 0.9, 'learning_rate': 0.01, 'max_depth': 3, 'n_estimators': 100, 'subsample': 1.0}",-1.9273148511925862,-1.8800741140220543,-1.770414048428269,-1.953641103539861,-1.8672450410932104,-1.8797378316551963,0.06298116998631247,319,-1.8181535004157796,-1.8294967904999653,-1.843514668118325,-1.8181613848918179,-1.842587688532295,-1.8303828064916363,0.011145483684110623,1.8797378316551963
0.07463269233703614,0.0010594234273411719,0.002392292022705078,5.1018456336936966e-05,0.9,0.01,3,200,0.8,"{'colsample_bytree': 0.9, 'learning_rate': 0.01, 'max_depth': 3, 'n_estimators': 200, 'subsample': 0.8}",-1.3543828528966646,-1.3183449180579194,-1.2274600320042486,-1.3496176708999423,-1.25573646721671,-1.3011083882150971,0.05093350300612011,294,-1.2148157589616877,-1.2255269871488843,-1.2282380133702524,-1.2210530196085985,-1.2349328010421612,-1.2249133160263168,0.00676288151255463,1.3011083882150971
0.07472186088562012,0.001943019884679963,0.0024306774139404297,0.00010377416177763256,0.9,0.01,3,200,0.9,"{'colsample_bytree': 0.9, 'learning_rate': 0.01, 'max_depth': 3, 'n_estimators': 200, 'subsample': 0.9}",-1.3458314606766548,-1.312747895328614,-1.2171846495343355,-1.343671787813974,-1.2514830779829547,-1.2941837742673066,0.05140698057623009,292,-1.2092227703056146,-1.2194875929936784,-1.2196260359166249,-1.2121063638440654,-1.2290855369524571,-1.217905660002488,0.006920639613679855,1.2941837742673066
0.06048569679260254,0.0010338568968918818,0.0025139331817626955,0.00020827455601658162,0.9,0.01,3,200,1.0,"{'colsample_bytree': 0.9, 'learning_rate': 0.01, 'max_depth': 3, 'n_estimators': 200, 'subsample': 1.0}",-1.3506305975164306,-1.3103440903342312,-1.2198924926552204,-1.3441571445145941,-1.265840120336923,-1.2981728890714799,0.049371508912044615,293,-1.2022624050166781,-1.2185018203830669,-1.2202937041202953,-1.211701038578499,-1.2267161010268164,-1.2158950138250713,0.008326791654213735,1.2981728890714799
0.10276098251342773,0.0015350568645381398,0.0025907039642333986,9.685258779297163e-05,0.9,0.01,3,300,0.8,"{'colsample_bytree': 0.9, 'learning_rate': 0.01, 'max_depth': 3, 'n_estimators': 300, 'subsample': 0.8}",-1.0884027399060352,-1.0275224091437476,-0.9801122450590594,-1.0707937123332578,-0.9945066195270647,-1.0322675451938328,0.04196189889727369,267,-0.9320552195249607,-0.9381877192014062,-0.9341659991787284,-0.9364621345521803,-0.9462342548458238,-0.9374210654606199,0.004869648297148979,1.0322675451938328
0.10088930130004883,0.0010713662607635148,0.002536964416503906,3.046814073223211e-05,0.9,0.01,3,300,0.9,"{'colsample_bytree': 0.9, 'learning_rate': 0.01, 'max_depth': 3, 'n_estimators': 300, 'subsample': 0.9}",-1.082006176668458,-1.0198669329357364,-0.9772034930936089,-1.067121355871155,-0.9906040423259238,-1.0273604001789765,0.04120677543320065,264,-0.9274560085582173,-0.9331925043648862,-0.9291835455188202,-0.9274928466191453,-0.9368081053297246,-0.9308266020781588,0.003648296472963603,1.0273604001789765
0.08268098831176758,0.0017505867011205038,0.0026486396789550783,0.0001597670917211217,0.9,0.01,3,300,1.0,"{'colsample_bytree': 0.9, 'learning_rate': 0.01, 'max_depth': 3, 'n_estimators': 300, 'subsample': 1.0}",-1.0794685779931412,-1.0175108491148566,-0.9760022899509172,-1.0625690966377486,-0.9963120917180378,-1.0263725810829405,0.039111896321333946,262,-0.9154700092513394,-0.9269115820964625,-0.9223370592631193,-0.9218092990303473,-0.9291318438794357,-0.9231319587041409,0.00471955375551141,1.0263725810829405
0.0567746639251709,0.0002873778281388093,0.0021345138549804686,1.3990437976294805e-05,0.9,0.01,4,100,0.8,"{'colsample_bytree': 0.9, 'learning_rate': 0.01, 'max_depth': 4, 'n_estimators': 100, 'subsample': 0.8}",-1.8131291834898537,-1.7472707741627649,-1.657662580265837,-1.8312693300514227,-1.735273142093454,-1.7569210020126664,0.06180780625687871,312,-1.6819466016474747,-1.7034535646500648,-1.7099549739256994,-1.6853050308704254,-1.7009864219201971,-1.6963293186027724,0.010830507310855981,1.7569210020126664
0.057568693161010744,0.0009426060040169803,0.0021891117095947264,0.00010418039675497705,0.9,0.01,4,100,0.9,"{'colsample_bytree': 0.9, 'learning_rate': 0.01, 'max_depth': 4, 'n_estimators': 100, 'subsample': 0.9}",-1.8019116897997365,-1.7328805784244377,-1.65407985037952,-1.8287059625113513,-1.7323151843803815,-1.7499786530990853,0.061148920180242615,310,-1.6760011053721926,-1.690819362475962,-1.69823974876854,-1.6780556555364463,-1.6942223611804041,-1.687467646666709,0.008865274919761745,1.7499786530990853
0.05084881782531738,0.0003671253666401528,0.002205371856689453,0.00010908070801085588,0.9,0.01,4,100,1.0,"{'colsample_bytree': 0.9, 'learning_rate': 0.01, 'max_depth': 4, 'n_estimators': 100, 'subsample': 1.0}",-1.8013864754650262,-1.7320553894416688,-1.6397270983384185,-1.8160737134487577,-1.718863512804451,-1.7416212378996643,0.06341433579529122,308,-1.6640258206473568,-1.681742080878301,-1.686308454076769,-1.6713759827496149,-1.68430747757119,-1.6775519631846465,0.008496698887571182,1.7416212378996643
0.10719242095947265,0.0020358191790692415,0.0026152610778808595,0.00013866235988861664,0.9,0.01,4,200,0.8,"{'colsample_bytree': 0.9, 'learning_rate': 0.01, 'max_depth': 4, 'n_estimators': 200, 'subsample': 0.8}",-1.229723424877227,-1.1550918283998388,-1.0757068378098074,-1.2018314577436593,-1.115553209886323,-1.155581351743371,0.05589015845992716,285,-1.0414715931898773,-1.0549957619120172,-1.0546545670265803,-1.0502459031408813,-1.0588234732641715,-1.0520382597067055,0.0059413464743909095,1.155581351743371
0.10963215827941894,0.0028618855312523574,0.00263519287109375,4.937818575876829e-05,0.9,0.01,4,200,0.9,"{'colsample_bytree': 0.9, 'learning_rate': 0.01, 'max_depth': 4, 'n_estimators': 200, 'subsample': 0.9}",-1.2196501685918397,-1.1376842565177279,-1.0751221529081079,-1.1879037198817117,-1.1115353911721728,-1.146379137814312,0.05188483478979172,284,-1.0337962389145052,-1.0431282868584308,-1.043980119334194,-1.0397254103631481,-1.048708046826111,-1.0418676204592778,0.004951355941230586,1.146379137814312
0.09853639602661132,0.0025072360164347463,0.002567481994628906,8.9747593828767e-05,0.9,0.01,4,200,1.0,"{'colsample_bytree': 0.9, 'learning_rate': 0.01, 'max_depth': 4, 'n_estimators': 200, 'subsample': 1.0}",-1.2325305615097972,-1.1403964278958851,-1.0730647505025657,-1.1741082463475696,-1.1004879547631912,-1.1441175882038017,0.05600391257457013,283,-1.028057214212588,-1.0347270800194028,-1.035922017506762,-1.0326591907818377,-1.0386448161145807,-1.0340020637270344,0.003547155603266108,1.1441175882038017
0.15562515258789061,0.0020244531438629474,0.0029173374176025392,0.00010459153230785108,0.9,0.01,4,300,0.8,"{'colsample_bytree': 0.9, 'learning_rate': 0.01, 'max_depth': 4, 'n_estimators': 300, 'subsample': 0.8}",-1.0016565501891193,-0.8964422203093173,-0.8588558203548393,-0.9451670022492061,-0.8667830668543691,-0.9137809319913703,0.05335430220400386,244,-0.7751037573224869,-0.7846295366701624,-0.7768328153363031,-0.7822981862340821,-0.7848795231984814,-0.7807487637523033,0.0040428957854157675,0.9137809319913703
0.15812110900878906,0.0013087751140324053,0.002845287322998047,8.955517247228985e-05,0.9,0.01,4,300,0.9,"{'colsample_bytree': 0.9, 'learning_rate': 0.01, 'max_depth': 4, 'n_estimators': 300, 'subsample': 0.9}",-0.9948156681270088,-0.879159146082231,-0.8641871836008282,-0.9342992905347739,-0.863649481617397,-0.9072221539924478,0.05088008236874877,241,-0.7675933862923948,-0.771437025242473,-0.7705129569209463,-0.772249464228385,-0.7748944476892682,-0.7713374560746934,0.002374519725206705,0.9072221539924478
0.13368673324584962,0.0031380076925503933,0.002749729156494141,7.404536451152604e-05,0.9,0.01,4,300,1.0,"{'colsample_bytree': 0.9, 'learning_rate': 0.01, 'max_depth': 4, 'n_estimators': 300, 'subsample': 1.0}",-1.010967575963705,-0.8841681344628449,-0.8597258448183456,-0.9303333888749711,-0.8698240415376762,-0.9110037971315086,0.05551890425872306,242,-0.7623695391410599,-0.765216364779944,-0.758037200192854,-0.7625035408400881,-0.7734116493924862,-0.7643076588692865,0.005099768462109646,0.9110037971315086
0.08283271789550781,0.0006897712235073112,0.0022554874420166017,0.00020252579278027925,0.9,0.01,5,100,0.8,"{'colsample_bytree': 0.9, 'learning_rate': 0.01, 'max_depth': 5, 'n_estimators': 100, 'subsample': 0.8}",-1.7646418042057759,-1.6853794116814762,-1.6077250279663016,-1.7844267946321641,-1.6603581020521863,-1.700506228107581,0.06573443132462534,306,-1.608039166162361,-1.6222836195566077,-1.635534623365967,-1.6118017720241735,-1.6320334196977768,-1.6219385201613772,0.010796534786490715,1.700506228107581
0.08371109962463379,0.0008364863220202597,0.002211332321166992,5.5125551561242925e-05,0.9,0.01,5,100,0.9,"{'colsample_bytree': 0.9, 'learning_rate': 0.01, 'max_depth': 5, 'n_estimators': 100, 'subsample': 0.9}",-1.7525412709936796,-1.6775443916598132,-1.6060148785702906,-1.776012620061943,-1.65095500636425,-1.692613633529995,0.06325911841779396,305,-1.597935914830646,-1.6112161843501056,-1.6235487163155684,-1.6011048813498197,-1.620321836436353,-1.6108255066564987,0.010127636507760449,1.692613633529995
0.07866630554199219,0.0012970580111239423,0.0022600173950195314,7.798371051180769e-05,0.9,0.01,5,100,1.0,"{'colsample_bytree': 0.9, 'learning_rate': 0.01, 'max_depth': 5, 'n_estimators': 100, 'subsample': 1.0}",-1.7488165747041644,-1.6714230474988327,-1.6042032724250246,-1.7735671441078575,-1.644554082070887,-1.6885128241613532,0.06356620431899886,304,-1.5877033855787943,-1.6014728601833121,-1.611608820905693,-1.5962696679547943,-1.612786971448911,-1.601968341214301,0.009446596704496452,1.6885128241613532
0.1567537307739258,0.0026529689745745997,0.002594327926635742,3.5795387667662266e-05,0.9,0.01,5,200,0.8,"{'colsample_bytree': 0.9, 'learning_rate': 0.01, 'max_depth': 5, 'n_estimators': 200, 'subsample': 0.8}",-1.1836384623860636,-1.0910565049283225,-1.0268468064785268,-1.143155432187072,-1.0310777561000326,-1.0951549924160033,0.06151758245543604,279,-0.946844614399692,-0.9542202230304059,-0.9639494857206784,-0.9530238771462579,-0.9665435580136859,-0.9569163516621441,0.007293948666669495,1.0951549924160033
0.15957269668579102,0.0010192621139321213,0.0027025222778320314,7.161363902246062e-05,0.9,0.01,5,200,0.9,"{'colsample_bytree': 0.9, 'learning_rate': 0.01, 'max_depth': 5, 'n_estimators': 200, 'subsample': 0.9}",-1.1693730793030528,-1.0767950965185227,-1.0235960051693198,-1.1296726803857975,-1.0216755945892388,-1.0842224911931866,0.05823949454990227,276,-0.933820512874626,-0.9437391776862875,-0.9491471846781957,-0.9419997456841597,-0.9544022341405132,-0.9446217710127565,0.0069348106391885515,1.0842224911931866
0.14879426956176758,0.0015476894167403092,0.002646780014038086,0.0001458948411811076,0.9,0.01,5,200,1.0,"{'colsample_bytree': 0.9, 'learning_rate': 0.01, 'max_depth': 5, 'n_estimators': 200, 'subsample': 1.0}",-1.1732320153945186,-1.0797509699332564,-1.0314382855689703,-1.1261349920498183,-1.0241689736617998,-1.0869450473216726,0.056665480498961626,278,-0.9268318099596806,-0.9340147618322041,-0.939901645929587,-0.9361938317697094,-0.9475531401227644,-0.9368990379227891,0.006821891111359957,1.0869450473216726
0.22392616271972657,0.0017810291045241048,0.003004598617553711,6.710733825851846e-05,0.9,0.01,5,300,0.8,"{'colsample_bytree': 0.9, 'learning_rate': 0.01, 'max_depth': 5, 'n_estimators': 300, 'subsample': 0.8}",-0.9680387366461812,-0.8418178423062619,-0.8142298133492659,-0.8942589896315584,-0.7903025151087169,-0.8617295794083969,0.06342606720685433,227,-0.676097054457409,-0.6815271726747667,-0.6829967797914335,-0.6793618065959988,-0.6862602942454051,-0.6812486215530027,0.0034161154943057577,0.8617295794083969
0.22572402954101561,0.003409234891904813,0.003074836730957031,0.00010219526984949361,0.9,0.01,5,300,0.9,"{'colsample_bytree': 0.9, 'learning_rate': 0.01, 'max_depth': 5, 'n_estimators': 300, 'subsample': 0.9}",-0.9563690404248714,-0.8328712394661376,-0.8186345056664023,-0.8871423084649679,-0.7868096173079616,-0.8563653422660682,0.05960125680751605,224,-0.6647817529849085,-0.6731668029411203,-0.6724391090782601,-0.6705778632911089,-0.6751845172621673,-0.6712300091115131,0.003545603729323043,0.8563653422660682
0.20922141075134276,0.0020793699819069054,0.002979469299316406,6.431531085762494e-05,0.9,0.01,5,300,1.0,"{'colsample_bytree': 0.9, 'learning_rate': 0.01, 'max_depth': 5, 'n_estimators': 300, 'subsample': 1.0}",-0.9760970813059786,-0.8338996587086919,-0.8219745431206197,-0.887834723906655,-0.797301067010482,-0.8634214148104853,0.0636444705070788,229,-0.6630511983038413,-0.6661438422165347,-0.6657893026946438,-0.6659407159100095,-0.6694189076396048,-0.6660687933529268,0.002021350875303431,0.8634214148104853
0.03879942893981934,0.00040277400849707685,0.0019548892974853515,6.840255211387479e-05,0.9,0.03,3,100,0.8,"{'colsample_bytree': 0.9, 'learning_rate': 0.03, 'max_depth': 3, 'n_estimators': 100, 'subsample': 0.8}",-1.0766680041351433,-1.0160947227919546,-0.983915782827712,-1.0823093385380889,-0.9975338117404017,-1.0313043320066602,0.040686185087950986,266,-0.9292719951742684,-0.939502232291325,-0.9342994788067484,-0.9349750646354714,-0.9417046065674758,-0.9359506754950578,0.004335996225629715,1.0313043320066602
0.038577032089233396,0.00021225314399858883,0.002064371109008789,6.908917922319953e-05,0.9,0.03,3,100,0.9,"{'colsample_bytree': 0.9, 'learning_rate': 0.03, 'max_depth': 3, 'n_estimators': 100, 'subsample': 0.9}",-1.0819062239824218,-1.0095260824921675,-0.9823498000927237,-1.0597355620679234,-0.9945596766620971,-1.0256154690594665,0.03854368573289852,261,-0.922233978850162,-0.9268536842001321,-0.9270425375851528,-0.9206948719314502,-0.938655312014801,-0.9270960769163397,0.006297506802125073,1.0256154690594665
0.03148832321166992,0.0004070837491086166,0.0019214630126953125,4.565735087341483e-05,0.9,0.03,3,100,1.0,"{'colsample_bytree': 0.9, 'learning_rate': 0.03, 'max_depth': 3, 'n_estimators': 100, 'subsample': 1.0}",-1.0978781977583514,-1.014249581632134,-0.9720998434024108,-1.0521555749004063,-1.0002020532131934,-1.0273170501812994,0.043705261873002325,263,-0.9143623030989391,-0.9235895007630516,-0.9142640713637781,-0.9168532375932448,-0.9249966892599996,-0.9188131604158027,0.0045911892927319896,1.0273170501812994
0.0682457447052002,0.0001962968720728796,0.0022507190704345705,4.824413939800479e-05,0.9,0.03,3,200,0.8,"{'colsample_bytree': 0.9, 'learning_rate': 0.03, 'max_depth': 3, 'n_estimators': 200, 'subsample': 0.8}",-0.8283287805467708,-0.7436767080602397,-0.7691355481293136,-0.7897386436317272,-0.739613369838241,-0.7740986100412585,0.032633963716693255,201,-0.6453253255824143,-0.6577105005078903,-0.6317457492963104,-0.6559291508506178,-0.6522381889598958,-0.6485897830394257,0.009431254720299743,0.7740986100412585
0.06776409149169922,0.0003229492225318399,0.0023089885711669923,0.00014013939867485155,0.9,0.03,3,200,0.9,"{'colsample_bytree': 0.9, 'learning_rate': 0.03, 'max_depth': 3, 'n_estimators': 200, 'subsample': 0.9}",-0.8529669455524367,-0.7375719838831638,-0.7725853715150484,-0.782877755152813,-0.73636642056086,-0.7764736953328644,0.04249537625859218,203,-0.6387944796771791,-0.6504017813858131,-0.6325037389654367,-0.6486153265160642,-0.6436147664592242,-0.6427860186007435,0.006547139131864905,0.7764736953328644
0.055321264266967776,0.000752284653914871,0.0022516727447509767,5.4336928007686216e-05,0.9,0.03,3,200,1.0,"{'colsample_bytree': 0.9, 'learning_rate': 0.03, 'max_depth': 3, 'n_estimators': 200, 'subsample': 1.0}",-0.8696184684779362,-0.7385288726199976,-0.7809560869136538,-0.7662618001418263,-0.7527056911371978,-0.7816141838581223,0.04620157548111915,205,-0.6336243546345458,-0.64485883427783,-0.6297431731272897,-0.6414826750574867,-0.6391553766539452,-0.6377728827502194,0.005432698768819227,0.7816141838581223
0.09847583770751953,0.000889907872941958,0.002546358108520508,6.478713312351589e-05,0.9,0.03,3,300,0.8,"{'colsample_bytree': 0.9, 'learning_rate': 0.03, 'max_depth': 3, 'n_estimators': 300, 'subsample': 0.8}",-0.7540333076777166,-0.6622973526496632,-0.7076797137250763,-0.7004223050799148,-0.6701930078272581,-0.6989251373919257,0.03250515169800938,156,-0.5522458318900457,-0.5637393364699025,-0.5394329666962109,-0.563153907603928,-0.5558841119299446,-0.5548912309180063,0.008871332248827267,0.6989251373919257
0.09853191375732422,0.00045572535876101686,0.0026196956634521483,0.00010472926817537902,0.9,0.03,3,300,0.9,"{'colsample_bytree': 0.9, 'learning_rate': 0.03, 'max_depth': 3, 'n_estimators': 300, 'subsample': 0.9}",-0.7819986068629046,-0.6613449980207838,-0.7131470266862239,-0.6869257061226797,-0.6713254762264186,-0.7029483627838022,0.04322158320715784,164,-0.5493168726973544,-0.5623099596200625,-0.5407816629045301,-0.555470874049431,-0.5512570150067416,-0.5518272768556239,0.00709641252494979,0.7029483627838022
0.07914433479309083,0.0013569490125625342,0.002659130096435547,0.00014084048802059547,0.9,0.03,3,300,1.0,"{'colsample_bytree': 0.9, 'learning_rate': 0.03, 'max_depth': 3, 'n_estimators': 300, 'subsample': 1.0}",-0.7979953737533279,-0.666113311996448,-0.724553957500099,-0.687883073668443,-0.6922566047904425,-0.7137604643417521,0.046074561112209825,179,-0.5464993364258679,-0.56315906823089,-0.5428282481127743,-0.5563010379319203,-0.5532367510257552,-0.5524048883454415,0.007184872215264829,0.7137604643417521
0.05640888214111328,0.0008261599882132886,0.0022076129913330077,9.21294061197688e-05,0.9,0.03,4,100,0.8,"{'colsample_bytree': 0.9, 'learning_rate': 0.03, 'max_depth': 4, 'n_estimators': 100, 'subsample': 0.8}",-1.0001167410281775,-0.8985065675151702,-0.8691146071286329,-0.9424034864204995,-0.8681249266055207,-0.9156532657396002,0.050136717065346094,245,-0.7728578755245274,-0.7862652980324103,-0.7767518485563987,-0.7813077635102212,-0.7857416148846593,-0.7805848801016435,0.005172627039997249,0.9156532657396002
0.05611729621887207,0.0009371650682964123,0.0022046566009521484,6.973505016065931e-05,0.9,0.03,4,100,0.9,"{'colsample_bytree': 0.9, 'learning_rate': 0.03, 'max_depth': 4, 'n_estimators': 100, 'subsample': 0.9}",-0.9874008086669499,-0.8842037354842577,-0.8696078168605147,-0.9472764455938684,-0.8701649137173023,-0.9117307440645787,0.04743258589664891,243,-0.7634889385776233,-0.7751313588531619,-0.7691734298115788,-0.7690964677038237,-0.7764933666104531,-0.7706767123113282,0.004692514583647797,0.9117307440645787
0.04972195625305176,0.00087819573362341,0.0022087574005126955,0.00010517858248295757,0.9,0.03,4,100,1.0,"{'colsample_bytree': 0.9, 'learning_rate': 0.03, 'max_depth': 4, 'n_estimators': 100, 'subsample': 1.0}",-1.0220579342282925,-0.8982315957426451,-0.8656192580035021,-0.9495986523556492,-0.8614025379736038,-0.9193819956607385,0.06025742044484906,246,-0.7612276098327285,-0.7638873694227526,-0.7622973865445011,-0.7646210614189691,-0.7736053933259097,-0.7651277641089722,0.004401994190579859,0.9193819956607385
0.09820423126220704,0.001467102751785961,0.002492046356201172,6.441002241258882e-05,0.9,0.03,4,200,0.8,"{'colsample_bytree': 0.9, 'learning_rate': 0.03, 'max_depth': 4, 'n_estimators': 200, 'subsample': 0.8}",-0.7840197795541417,-0.6802181965002015,-0.7016784890882143,-0.707456785223855,-0.6592619084413711,-0.7065270317615567,0.042321733100813684,169,-0.5374799979897177,-0.5430859354501639,-0.5318211965114826,-0.5401715962227037,-0.537450632733862,-0.538001871781586,0.003723771504090436,0.7065270317615567
0.09982728958129883,0.0008043426795634425,0.002513408660888672,9.116772321582442e-05,0.9,0.03,4,200,0.9,"{'colsample_bytree': 0.9, 'learning_rate': 0.03, 'max_depth': 4, 'n_estimators': 200, 'subsample': 0.9}",-0.77056185720321,-0.6709421427665655,-0.7054701935711842,-0.7227930334293055,-0.6709106126147528,-0.7081355679170035,0.037116129327742706,173,-0.5321464611968868,-0.5346480679129972,-0.5228671597089771,-0.534480181578748,-0.5302345105034034,-0.5308752761802026,0.004321706186390379,0.7081355679170035
0.08821406364440917,0.001476093178983047,0.002472257614135742,0.00010433787602894715,0.9,0.03,4,200,1.0,"{'colsample_bytree': 0.9, 'learning_rate': 0.03, 'max_depth': 4, 'n_estimators': 200, 'subsample': 1.0}",-0.8036042954913081,-0.6860068211388891,-0.7024466990662331,-0.7271399089903698,-0.6554079983969084,-0.7149211446167417,0.05009483789537022,180,-0.5259671834525589,-0.5264257847765004,-0.5180913635569835,-0.5289748985391205,-0.5275915169203226,-0.5254101494490973,0.003804529643812143,0.7149211446167417
0.14019374847412108,0.0018153017349859222,0.002798175811767578,4.9723302153895604e-05,0.9,0.03,4,300,0.8,"{'colsample_bytree': 0.9, 'learning_rate': 0.03, 'max_depth': 4, 'n_estimators': 300, 'subsample': 0.8}",-0.730322460920566,-0.6261880644600382,-0.6602982232549574,-0.6531906004273639,-0.6123749787910758,-0.6564748655708001,0.04084351144542669,90,-0.4653204005900742,-0.4708445116004434,-0.46015581217618295,-0.4675383931064795,-0.4620601785062347,-0.465183859195883,0.003811668847550318,0.6564748655708001
0.14301848411560059,0.0036621388077794892,0.0028181076049804688,5.9798117397001163e-05,0.9,0.03,4,300,0.9,"{'colsample_bytree': 0.9, 'learning_rate': 0.03, 'max_depth': 4, 'n_estimators': 300, 'subsample': 0.9}",-0.7188330145563492,-0.622548130330792,-0.6674058804279264,-0.6646133341090051,-0.6269789605464144,-0.6600758639940973,0.034728824713451616,99,-0.46049603904394143,-0.46450513306463637,-0.4546191544424097,-0.46299883747446624,-0.46179230354370376,-0.46088229351383153,0.003400263123528061,0.6600758639940973
0.13187975883483888,0.003407930171496441,0.0029471874237060546,5.1733777180172364e-05,0.9,0.03,4,300,1.0,"{'colsample_bytree': 0.9, 'learning_rate': 0.03, 'max_depth': 4, 'n_estimators': 300, 'subsample': 1.0}",-0.7561656276623825,-0.6359459377193931,-0.6660654898712892,-0.680176639972781,-0.617184599305746,-0.6711076589063183,0.047930305504102926,118,-0.46247855447569064,-0.45806290287562734,-0.45488345825023224,-0.46720284496679104,-0.4602390767920579,-0.4605733674720799,0.004156175142442077,0.6711076589063183
0.08327479362487793,0.001103164567939732,0.002354860305786133,4.978965463449682e-05,0.9,0.03,5,100,0.8,"{'colsample_bytree': 0.9, 'learning_rate': 0.03, 'max_depth': 5, 'n_estimators': 100, 'subsample': 0.8}",-0.9482009104821678,-0.8353763186745169,-0.8181048762756593,-0.8903759249031803,-0.7968148215627278,-0.8577745703796504,0.05482924144410184,225,-0.673054671934136,-0.6861208277540298,-0.6772475996257593,-0.6776610587317081,-0.686346455591274,-0.6800861227273814,0.00527235964943163,0.8577745703796504
0.08321175575256348,0.002535315721164876,0.002336740493774414,0.00010217453173027296,0.9,0.03,5,100,0.9,"{'colsample_bytree': 0.9, 'learning_rate': 0.03, 'max_depth': 5, 'n_estimators': 100, 'subsample': 0.9}",-0.9479229830037622,-0.8236278935061736,-0.8159854852122047,-0.8965439170462598,-0.7959363447256923,-0.8560033246988186,0.05718461561636493,223,-0.6629284447619849,-0.672372987032565,-0.6688371413815234,-0.6707353363936752,-0.6754792288516199,-0.6700706276842736,0.004183967690576597,0.8560033246988186
0.07624468803405762,0.0013960074474791623,0.0022705078125,3.9350305743195594e-05,0.9,0.03,5,100,1.0,"{'colsample_bytree': 0.9, 'learning_rate': 0.03, 'max_depth': 5, 'n_estimators': 100, 'subsample': 1.0}",-0.9815272277332873,-0.8392332371561053,-0.8273346399012054,-0.9019731584217308,-0.8140299737615255,-0.8728196473947708,0.06216176286684157,234,-0.6646537109054493,-0.6667837074913382,-0.6626321416196077,-0.6633778384676566,-0.668631816538687,-0.6652158430045477,0.0022134516148264232,0.8728196473947708
0.14327988624572754,0.002234601520167665,0.002649831771850586,4.912357796848718e-05,0.9,0.03,5,200,0.8,"{'colsample_bytree': 0.9, 'learning_rate': 0.03, 'max_depth': 5, 'n_estimators': 200, 'subsample': 0.8}",-0.7457791730673473,-0.6459275513309662,-0.6642540452975436,-0.698974230393783,-0.6249281192451656,-0.6759726238669611,0.042538455857132354,127,-0.45016460128641267,-0.46498616253548114,-0.45017985875506406,-0.456079217533732,-0.4553102345775191,-0.4553440149376418,0.005422315171901046,0.6759726238669611
0.14407520294189452,0.0014909982008378686,0.0026463985443115233,7.4092331857712e-05,0.9,0.03,5,200,0.9,"{'colsample_bytree': 0.9, 'learning_rate': 0.03, 'max_depth': 5, 'n_estimators': 200, 'subsample': 0.9}",-0.7608567887103342,-0.637459636294557,-0.6643651558612622,-0.7037469133927944,-0.626701467986458,-0.6786259924490812,0.04896358055272338,130,-0.4486460813320848,-0.45480308136826125,-0.44246853674969017,-0.45389714206021475,-0.45034132809461863,-0.4500312339209739,0.004402839274759167,0.6786259924490812
0.13326187133789064,0.0015769733931760845,0.002663326263427734,4.412648073405219e-05,0.9,0.03,5,200,1.0,"{'colsample_bytree': 0.9, 'learning_rate': 0.03, 'max_depth': 5, 'n_estimators': 200, 'subsample': 1.0}",-0.779890193384426,-0.6608222520960153,-0.6715932799062125,-0.7080295793209288,-0.642804896818706,-0.6926280403052577,0.04855575290241391,149,-0.4481043180611106,-0.4509005637624235,-0.44009400427366924,-0.4463681584975247,-0.44389790295825093,-0.44587298951059584,0.0036823405475721067,0.6926280403052577
0.20025458335876464,0.0032591768088924182,0.003034639358520508,0.00011690967768248717,0.9,0.03,5,300,0.8,"{'colsample_bytree': 0.9, 'learning_rate': 0.03, 'max_depth': 5, 'n_estimators': 300, 'subsample': 0.8}",-0.6994920601444339,-0.6019626575563445,-0.6319272547316719,-0.6542726696088388,-0.5949345993527992,-0.6365178482788176,0.038013908998631794,49,-0.385869848293257,-0.39523606533701156,-0.3844110725936802,-0.38694386446805595,-0.3860096020482692,-0.38769409054805476,0.0038571437900917216,0.6365178482788176
0.20424413681030273,0.00196584189256816,0.003098583221435547,0.00015257877084181643,0.9,0.03,5,300,0.9,"{'colsample_bytree': 0.9, 'learning_rate': 0.03, 'max_depth': 5, 'n_estimators': 300, 'subsample': 0.9}",-0.7164279207085582,-0.5961506964781825,-0.6328912129621606,-0.6611231367529574,-0.5904339706135942,-0.6394053875030906,0.046294132871547065,55,-0.38476610012966916,-0.3850009454300164,-0.3745082674273218,-0.3867656641815728,-0.3794393223956866,-0.3820960599128534,0.004516758299760813,0.6394053875030906
0.19074559211730957,0.00143579051764336,0.003134489059448242,0.0001271406501493064,0.9,0.03,5,300,1.0,"{'colsample_bytree': 0.9, 'learning_rate': 0.03, 'max_depth': 5, 'n_estimators': 300, 'subsample': 1.0}",-0.7386532197161781,-0.6210602418315023,-0.6346568568502452,-0.6662810948649371,-0.6151092404811042,-0.6551521307487934,0.045347617146115064,86,-0.38984351766928,-0.38701553088172236,-0.37208165348659594,-0.3848748634389663,-0.3782494490353744,-0.3824130029023878,0.006426951569100676,0.6551521307487934
0.037902212142944335,0.00042632518339445064,0.0020267486572265623,7.028932316707469e-05,0.9,0.05,3,100,0.8,"{'colsample_bytree': 0.9, 'learning_rate': 0.05, 'max_depth': 3, 'n_estimators': 100, 'subsample': 0.8}",-0.8833434173109619,-0.7949384882888737,-0.8041804991674716,-0.8470877329596559,-0.7967005246512932,-0.8252501324756512,0.03472611658630184,219,-0.6902688136175247,-0.7066283415564362,-0.6943760459131307,-0.7095457723320379,-0.7048490522959987,-0.7011336051430256,0.0074628350411009925,0.8252501324756512
0.03975062370300293,0.0025737764739240986,0.002143669128417969,0.00012689150162281142,0.9,0.05,3,100,0.9,"{'colsample_bytree': 0.9, 'learning_rate': 0.05, 'max_depth': 3, 'n_estimators': 100, 'subsample': 0.9}",-0.8866578900636812,-0.7953109829923266,-0.7980165989113862,-0.8264651393746268,-0.7930439385775676,-0.8198989099839178,0.035509063548779786,215,-0.6904649612594949,-0.7028851548923388,-0.6859845651911982,-0.6967397099075503,-0.6988266669851904,-0.6949802116471545,0.006028073020945336,0.8198989099839178
0.035216474533081056,0.002348160804595581,0.0023739814758300783,0.00020495215464642086,0.9,0.05,3,100,1.0,"{'colsample_bytree': 0.9, 'learning_rate': 0.05, 'max_depth': 3, 'n_estimators': 100, 'subsample': 1.0}",-0.911968711106412,-0.7944650558873719,-0.8070243279864127,-0.8187260965726579,-0.7795857698049181,-0.8223539922715546,0.04666020079627705,218,-0.6874287413877351,-0.703717360058485,-0.6866554631098867,-0.6936466505489355,-0.699260905571903,-0.694141824135389,0.006621965889822944,0.8223539922715546
0.08400368690490723,0.0012378189788650566,0.0028977394104003906,0.0001798148434657905,0.9,0.05,3,200,0.8,"{'colsample_bytree': 0.9, 'learning_rate': 0.05, 'max_depth': 3, 'n_estimators': 200, 'subsample': 0.8}",-0.7568547877795624,-0.6462018636964927,-0.6869753027698854,-0.6712364085178404,-0.6706747324533985,-0.6863886190434358,0.03756944544449578,141,-0.5312123600696438,-0.5443726187323109,-0.5255408636809721,-0.5456077042050637,-0.5388628614002864,-0.5371192816176553,0.007702671898380915,0.6863886190434358
0.08507061004638672,0.0006294433453819414,0.003005218505859375,0.00022642442623882052,0.9,0.05,3,200,0.9,"{'colsample_bytree': 0.9, 'learning_rate': 0.05, 'max_depth': 3, 'n_estimators': 200, 'subsample': 0.9}",-0.7672405901465112,-0.6536654600883365,-0.6916547066923495,-0.6723388463758773,-0.6678909490918356,-0.6905581104789821,0.04021993200857562,143,-0.5311560556897233,-0.5461243729651373,-0.524178940205338,-0.5372043420768257,-0.5296063981973944,-0.5336540218268837,0.007490189516852613,0.6905581104789821
0.06732244491577148,0.0011781601124249005,0.0028234481811523437,9.131557324293191e-05,0.9,0.05,3,200,1.0,"{'colsample_bytree': 0.9, 'learning_rate': 0.05, 'max_depth': 3, 'n_estimators': 200, 'subsample': 1.0}",-0.7819683526020642,-0.660668702907865,-0.7047058654179105,-0.6812602783587057,-0.6601853019110391,-0.6977577002395169,0.04516448768359183,153,-0.5337008067869552,-0.5506022338059048,-0.5299634666975027,-0.5395335991681854,-0.5381270959535481,-0.5383854404824192,0.006978688768910063,0.6977577002395169
0.12443923950195312,0.001983158036345668,0.003428792953491211,0.0003356250644700966,0.9,0.05,3,300,0.8,"{'colsample_bytree': 0.9, 'learning_rate': 0.05, 'max_depth': 3, 'n_estimators': 300, 'subsample': 0.8}",-0.7252573234788656,-0.6097054598975409,-0.655368168624643,-0.6348481782863333,-0.6483394949653706,-0.6547037250505506,0.03856900767484377,85,-0.48042570504417054,-0.4897040599057445,-0.4722200943769087,-0.4902125823356451,-0.4857958385068863,-0.48367165603387097,0.006713571728194257,0.6547037250505506
0.12022290229797364,0.005194543371731098,0.0031052112579345705,0.00014213086382370925,0.9,0.05,3,300,0.9,"{'colsample_bytree': 0.9, 'learning_rate': 0.05, 'max_depth': 3, 'n_estimators': 300, 'subsample': 0.9}",-0.7315981415413908,-0.6178267978778466,-0.6636112886034256,-0.6356636658505338,-0.6408602911810498,-0.6579120370108493,0.03963509031422188,95,-0.4811544735275889,-0.49285664700919035,-0.4719058279180899,-0.48481158706519156,-0.4790032180532544,-0.48194635071466296,0.00688977999575212,0.6579120370108493
0.09023008346557618,0.003714440603334518,0.0029127120971679686,9.395100638023284e-05,0.9,0.05,3,300,1.0,"{'colsample_bytree': 0.9, 'learning_rate': 0.05, 'max_depth': 3, 'n_estimators': 300, 'subsample': 1.0}",-0.7548312858328293,-0.6308702856749976,-0.6887542262972697,-0.644089545486958,-0.6323858491749147,-0.6701862384933939,0.04725506359047519,117,-0.48736814691501384,-0.5022838782446445,-0.4870815445124105,-0.493046828911519,-0.48732823193216884,-0.4914217261031514,0.005876268940164051,0.6701862384933939
0.05699410438537598,0.002220028346488745,0.002289867401123047,7.965872646455728e-05,0.9,0.05,4,100,0.8,"{'colsample_bytree': 0.9, 'learning_rate': 0.05, 'max_depth': 4, 'n_estimators': 100, 'subsample': 0.8}",-0.8218104663025467,-0.7143449536938722,-0.7173420104879492,-0.7606388237568295,-0.7138157262780278,-0.745590396103845,0.0419996020927844,191,-0.5765115730898142,-0.5878323898478637,-0.5776720598347297,-0.5886354677824036,-0.5813377744242018,-0.5823978529958025,0.005030848988655644,0.745590396103845
0.059330415725708005,0.004150085650574535,0.0026769638061523438,0.0005222299353192171,0.9,0.05,4,100,0.9,"{'colsample_bytree': 0.9, 'learning_rate': 0.05, 'max_depth': 4, 'n_estimators': 100, 'subsample': 0.9}",-0.8352807428488871,-0.7061351507128324,-0.7205992395457803,-0.753243653284553,-0.7159564658564136,-0.7462430504496933,0.04724456576819925,193,-0.574996846509162,-0.5792294316669967,-0.5696017330126166,-0.5798252572902473,-0.5779740038177289,-0.5763254544593504,0.003751614256377229,0.7462430504496933
0.05843658447265625,0.001824461878484332,0.0028147220611572264,0.00025079836799102897,0.9,0.05,4,100,1.0,"{'colsample_bytree': 0.9, 'learning_rate': 0.05, 'max_depth': 4, 'n_estimators': 100, 'subsample': 1.0}",-0.8515511466193795,-0.7244118394031539,-0.7291576225706818,-0.7921609156970602,-0.7357796006555744,-0.76661222498917,0.04899331896049172,198,-0.5792848910090446,-0.5787692785775153,-0.570953353692641,-0.5825951101915051,-0.5778758603512929,-0.5778956987643997,0.0038203144687755843,0.76661222498917
0.11660428047180176,0.00046112215337234717,0.0030534744262695314,0.00011623011123961895,0.9,0.05,4,200,0.8,"{'colsample_bytree': 0.9, 'learning_rate': 0.05, 'max_depth': 4, 'n_estimators': 200, 'subsample': 0.8}",-0.7259538210734252,-0.6155122997568712,-0.641962261881064,-0.6504998072312723,-0.6251691074810112,-0.6518194594847289,0.03904679373330813,77,-0.4464404815264572,-0.4535728618200481,-0.4459603744794543,-0.45840594192340434,-0.4489919187806264,-0.45067431570599814,0.004715011488906805,0.6518194594847289
0.11746096611022949,0.0014586194348869459,0.0030707836151123045,0.00025821304050779127,0.9,0.05,4,200,0.9,"{'colsample_bytree': 0.9, 'learning_rate': 0.05, 'max_depth': 4, 'n_estimators': 200, 'subsample': 0.9}",-0.7427547336329424,-0.6093126166708355,-0.6516335056807507,-0.6455460885823604,-0.6306438853863992,-0.6559781659906576,0.04577636130382858,89,-0.4485386536326573,-0.4508965316470837,-0.4415248343024815,-0.4480229227134861,-0.4471515392545151,-0.4472268963100448,0.0031093336469141634,0.6559781659906576
0.1056593418121338,0.003866824133470481,0.004206180572509766,0.0014254425204028953,0.9,0.05,4,200,1.0,"{'colsample_bytree': 0.9, 'learning_rate': 0.05, 'max_depth': 4, 'n_estimators': 200, 'subsample': 1.0}",-0.7587225496607354,-0.6276447341129746,-0.6594369021371121,-0.6957810296364814,-0.6522547308986981,-0.6787679892892003,0.04554647359969882,133,-0.4599873238511691,-0.4522773801412608,-0.4471052445291079,-0.4600425243318684,-0.4512790466296329,-0.4541383038966078,0.005102414463481902,0.6787679892892003
0.17461485862731935,0.00386780219264902,0.0045528411865234375,0.0014588386909425723,0.9,0.05,4,300,0.8,"{'colsample_bytree': 0.9, 'learning_rate': 0.05, 'max_depth': 4, 'n_estimators': 300, 'subsample': 0.8}",-0.7021614676255984,-0.5941645830124695,-0.6187764652696828,-0.6266802633722416,-0.6049171775201939,-0.6293399913600373,0.03809307766563402,39,-0.3881411843937326,-0.38684655699226567,-0.38810607132826225,-0.39264271798923617,-0.3878903287200135,-0.388725371884702,0.002014827595277288,0.6293399913600373
0.16813135147094727,0.0021953508451934244,0.003556060791015625,0.0005156520953211306,0.9,0.05,4,300,0.9,"{'colsample_bytree': 0.9, 'learning_rate': 0.05, 'max_depth': 4, 'n_estimators': 300, 'subsample': 0.9}",-0.7144494331233107,-0.585203036031906,-0.6284078806857263,-0.6224000958234872,-0.6097097716652949,-0.6320340434659449,0.043794462720252635,44,-0.38721386837778576,-0.3870342155796856,-0.38424363521590715,-0.39156825711653354,-0.38922985834226426,-0.38785796692643526,0.002441522569501994,0.6320340434659449
0.13658223152160645,0.0015066106857544212,0.0032038211822509764,9.58574817336991e-05,0.9,0.05,4,300,1.0,"{'colsample_bytree': 0.9, 'learning_rate': 0.05, 'max_depth': 4, 'n_estimators': 300, 'subsample': 1.0}",-0.7351038602743659,-0.6041067478603376,-0.6445341076557248,-0.6669569363791216,-0.6316972445993265,-0.6564797793537753,0.04425228683113909,91,-0.40800890549926166,-0.3976188590489306,-0.40119050789364363,-0.41166169983925976,-0.40153254138402766,-0.4040025027330246,0.005088683408607587,0.6564797793537753
0.08385076522827148,0.0012663773217554627,0.002492666244506836,1.6853343744304437e-05,0.9,0.05,5,100,0.8,"{'colsample_bytree': 0.9, 'learning_rate': 0.05, 'max_depth': 5, 'n_estimators': 100, 'subsample': 0.8}",-0.7810859816100705,-0.6738067137963051,-0.6920539331849563,-0.750377367741475,-0.6680599626340721,-0.7130767917933758,0.04478213345321251,178,-0.49247674476739817,-0.4999203077597924,-0.49384646278517774,-0.49522562170227064,-0.4958112249622111,-0.49545607239536993,0.0025130011726484714,0.7130767917933758
0.08487110137939453,0.0014728550001982229,0.0025983333587646486,0.0001930391711590306,0.9,0.05,5,100,0.9,"{'colsample_bytree': 0.9, 'learning_rate': 0.05, 'max_depth': 5, 'n_estimators': 100, 'subsample': 0.9}",-0.8017586377738174,-0.66130238897041,-0.6827535947279942,-0.7261361715529123,-0.663992352792847,-0.7071886291635961,0.05267073595530296,171,-0.48652997224507144,-0.4934792764061241,-0.48721576746030987,-0.4843419890100689,-0.4872390974976714,-0.4877612205238491,0.0030487181253972782,0.7071886291635961
0.07944936752319336,0.0010487635243539544,0.002475070953369141,5.211230240872445e-05,0.9,0.05,5,100,1.0,"{'colsample_bytree': 0.9, 'learning_rate': 0.05, 'max_depth': 5, 'n_estimators': 100, 'subsample': 1.0}",-0.8391014608705686,-0.7000380377873889,-0.7131921756747923,-0.7545467107545468,-0.689019904828627,-0.7391796579831847,0.054669789661110135,190,-0.48655664280668404,-0.48989428518182265,-0.4822560573908392,-0.48544259272928414,-0.48696355631359745,-0.48622262688444556,0.0024691595549424157,0.7391796579831847
0.1540742874145508,0.0021007582109590643,0.002993488311767578,0.0001338118917416252,0.9,0.05,5,200,0.8,"{'colsample_bytree': 0.9, 'learning_rate': 0.05, 'max_depth': 5, 'n_estimators': 200, 'subsample': 0.8}",-0.6944451270896305,-0.5949775756602724,-0.6266146123213511,-0.6676921779863231,-0.607593612474382,-0.6382646211063918,0.03734282296534383,53,-0.37256722809527903,-0.3726129625362822,-0.364997269900216,-0.37339432225305297,-0.37189751386660336,-0.3710938593302867,0.0030849597410577308,0.6382646211063918
0.15301041603088378,0.001328260485253066,0.0029351234436035155,4.017261792739485e-05,0.9,0.05,5,200,0.9,"{'colsample_bytree': 0.9, 'learning_rate': 0.05, 'max_depth': 5, 'n_estimators': 200, 'subsample': 0.9}",-0.7199642364006384,-0.5768782483548035,-0.6212297540963307,-0.6463302801917388,-0.6035571076307177,-0.6335919253348459,0.04877252610261915,46,-0.3659649002481093,-0.36672426290932186,-0.36171168543984217,-0.36143506802058417,-0.3654649281070958,-0.3642601689449907,0.0022318277679363448,0.6335919253348459
0.13843998908996583,0.0032369153833924982,0.002956390380859375,7.021449417700712e-05,0.9,0.05,5,200,1.0,"{'colsample_bytree': 0.9, 'learning_rate': 0.05, 'max_depth': 5, 'n_estimators': 200, 'subsample': 1.0}",-0.760835519870161,-0.6261686873888552,-0.6535922865153743,-0.6772214395913502,-0.6288081236514481,-0.6693252114034378,0.04937232395933481,115,-0.38103537735664084,-0.3790606689821133,-0.3647137897731928,-0.3710227455716677,-0.36577621189585313,-0.37232175871589357,0.006689586999925374,0.6693252114034378
0.23772783279418946,0.01408297635225732,0.0036385059356689453,0.00019579667655020638,0.9,0.05,5,300,0.8,"{'colsample_bytree': 0.9, 'learning_rate': 0.05, 'max_depth': 5, 'n_estimators': 300, 'subsample': 0.8}",-0.6755753873823589,-0.5782236513115163,-0.6031766018953599,-0.6492943048473766,-0.5947030845245503,-0.6201946059922324,0.03637255720410719,21,-0.2986225842949594,-0.2947712656499121,-0.29533379167773477,-0.2962869043608077,-0.2992456087856245,-0.2968520309538077,0.001778655491445742,0.6201946059922324
0.2645583152770996,0.012345630333017266,0.004101324081420899,0.00011277107052903711,0.9,0.05,5,300,0.9,"{'colsample_bytree': 0.9, 'learning_rate': 0.05, 'max_depth': 5, 'n_estimators': 300, 'subsample': 0.9}",-0.702407772489866,-0.56187289283463,-0.6067397975904,-0.6280238870781294,-0.5872250691222173,-0.6172538838230486,0.04784664587972476,18,-0.3003424658648553,-0.29530099971875745,-0.29685043587708654,-0.29341787613122333,-0.2976907644394515,-0.29672050840627484,0.0023237572423772308,0.6172538838230486
0.24261035919189453,0.004821130933317671,0.0037957191467285155,0.00016584836450564972,0.9,0.05,5,300,1.0,"{'colsample_bytree': 0.9, 'learning_rate': 0.05, 'max_depth': 5, 'n_estimators': 300, 'subsample': 1.0}",-0.743964370566481,-0.6142167462602988,-0.6364012223795853,-0.6610300884949595,-0.6114631999185037,-0.6534151255239656,0.0486684771447185,80,-0.3209322915398381,-0.3097460096926327,-0.30146815864763754,-0.32182872214997843,-0.3072834493135703,-0.31225172626873143,0.007928666793818371,0.6534151255239656
0.047555160522460935,0.0006599987218422948,0.0024981975555419924,7.465317837596364e-05,0.9,0.1,3,100,0.8,"{'colsample_bytree': 0.9, 'learning_rate': 0.1, 'max_depth': 3, 'n_estimators': 100, 'subsample': 0.8}",-0.7688017901056734,-0.6711707319624013,-0.6822489516821885,-0.7024013936409046,-0.6805760790235958,-0.7010397892829527,0.03537672207105,162,-0.5371883339808764,-0.5559548891598319,-0.5376238898495069,-0.5477713099842094,-0.5412095995896918,-0.5439496045128234,0.007098864195804534,0.7010397892829527
0.04518771171569824,0.002367647954661448,0.0024744510650634766,8.22183419360629e-05,0.9,0.1,3,100,0.9,"{'colsample_bytree': 0.9, 'learning_rate': 0.1, 'max_depth': 3, 'n_estimators': 100, 'subsample': 0.9}",-0.7889997461183136,-0.6465255858257902,-0.6996844524818918,-0.6812596728553205,-0.6757206960972042,-0.6984380306757041,0.04839225778836756,154,-0.5450316121348494,-0.5476635770318188,-0.5301230274517031,-0.5440928302629708,-0.5394414007463082,-0.54127048952553,0.006174053689972266,0.6984380306757041
0.035112190246582034,0.0010986251487232835,0.002325916290283203,7.97072355995378e-05,0.9,0.1,3,100,1.0,"{'colsample_bytree': 0.9, 'learning_rate': 0.1, 'max_depth': 3, 'n_estimators': 100, 'subsample': 1.0}",-0.8358109065407449,-0.6749983523664208,-0.715047042282352,-0.7039179871320079,-0.7073162344117321,-0.7274181045466515,0.05586808360009837,188,-0.5504603621107083,-0.5597708401502358,-0.5349304464430685,-0.555366907736228,-0.5613824333008589,-0.55238219794822,0.009515900862186743,0.7274181045466515
0.08689875602722168,0.01472226000184676,0.0037093162536621094,0.0009372608249651822,0.9,0.1,3,200,0.8,"{'colsample_bytree': 0.9, 'learning_rate': 0.1, 'max_depth': 3, 'n_estimators': 200, 'subsample': 0.8}",-0.7065563765600862,-0.6217808170326113,-0.6361734475433923,-0.6352325985255999,-0.6466425695752761,-0.6492771618473931,0.029708098492421904,73,-0.4470476068710618,-0.45870042709858855,-0.44709669131724716,-0.457020879552912,-0.4483977060071353,-0.451652662169389,0.005119509599530487,0.6492771618473931
0.09524459838867187,0.012710408614388161,0.0036099433898925783,0.0007175822155584611,0.9,0.1,3,200,0.9,"{'colsample_bytree': 0.9, 'learning_rate': 0.1, 'max_depth': 3, 'n_estimators': 200, 'subsample': 0.9}",-0.7322542708713713,-0.5949855593380361,-0.6530245475053071,-0.6284303545519412,-0.637683953593754,-0.6492757371720821,0.04564167715182644,72,-0.4529301257183163,-0.4567102422614273,-0.44106089803742793,-0.4512808619567265,-0.4441242788233097,-0.4492212813594415,0.005773269869356082,0.6492757371720821
0.07324118614196777,0.013376387679139722,0.003204154968261719,0.0006887094849207749,0.9,0.1,3,200,1.0,"{'colsample_bytree': 0.9, 'learning_rate': 0.1, 'max_depth': 3, 'n_estimators': 200, 'subsample': 1.0}",-0.7862996074237439,-0.6223473519711141,-0.6844676555493241,-0.6406777321328343,-0.6597636391103145,-0.6787111972374662,0.05760354207644393,131,-0.46401050753167467,-0.46254399676150804,-0.45398207318699935,-0.465255465611789,-0.46218053280370036,-0.4615945151791343,0.003960651010454635,0.6787111972374662
0.1257641315460205,0.006906016785094551,0.003358793258666992,0.00043289404499757887,0.9,0.1,3,300,0.8,"{'colsample_bytree': 0.9, 'learning_rate': 0.1, 'max_depth': 3, 'n_estimators': 300, 'subsample': 0.8}",-0.689849120099067,-0.6036844699366746,-0.6060787790659292,-0.6139568910889557,-0.6324877104335809,-0.6292113941248415,0.03195969230366355,37,-0.39102595867681783,-0.396741512395667,-0.38710764396922304,-0.3978895324383509,-0.3893610266967536,-0.39242513483536245,0.004197926110017934,0.6292113941248415
0.12182059288024902,0.007942024178573868,0.0030893802642822264,0.00024059756194291993,0.9,0.1,3,300,0.9,"{'colsample_bytree': 0.9, 'learning_rate': 0.1, 'max_depth': 3, 'n_estimators': 300, 'subsample': 0.9}",-0.7058450967110105,-0.5762818743617759,-0.6323487818726103,-0.6129326537511538,-0.6231946139347982,-0.6301206041262698,0.04238199465379076,40,-0.3948748739762816,-0.39810269238918805,-0.38699270398027813,-0.3970623318998765,-0.3889439379132122,-0.3931953080317673,0.0044362975890814525,0.6301206041262698
0.10659699440002442,0.008809587553977323,0.0041869163513183595,0.0008004515749259574,0.9,0.1,3,300,1.0,"{'colsample_bytree': 0.9, 'learning_rate': 0.1, 'max_depth': 3, 'n_estimators': 300, 'subsample': 1.0}",-0.7564758014153389,-0.5997281251504412,-0.6658456000074099,-0.6144444585485702,-0.6410078522767791,-0.6555003674797077,0.05533394214050657,87,-0.40123448735404,-0.40463490536639574,-0.39813146510381064,-0.40458579185855775,-0.4024127583933465,-0.4021998816152301,0.0024145899805369463,0.6555003674797077
0.06581883430480957,0.008094371170975844,0.002646017074584961,0.0007014815013406258,0.9,0.1,4,100,0.8,"{'colsample_bytree': 0.9, 'learning_rate': 0.1, 'max_depth': 4, 'n_estimators': 100, 'subsample': 0.8}",-0.756595840683196,-0.6320877817780405,-0.661226313614866,-0.6602086930526564,-0.6613554701324401,-0.6742948198522398,0.042641584603473386,124,-0.4546528280905786,-0.4604288789905158,-0.4497083467842171,-0.46276068029907697,-0.45547338439009855,-0.4566048237108974,0.004586279645953533,0.6742948198522398
0.05441713333129883,0.002417194890295391,0.0022671699523925783,9.184673410053247e-05,0.9,0.1,4,100,0.9,"{'colsample_bytree': 0.9, 'learning_rate': 0.1, 'max_depth': 4, 'n_estimators': 100, 'subsample': 0.9}",-0.7317085584042968,-0.6363147276731632,-0.6518735297305704,-0.6595267031652162,-0.6252808526862179,-0.6609408743318929,0.037337289591524006,100,-0.45143674403913886,-0.462047221870531,-0.4503753510581109,-0.45013888255060736,-0.4514191029155179,-0.45308346048678116,0.004512985159040877,0.6609408743318929
0.047476339340209964,0.0009893138464024272,0.00233612060546875,0.0001175765374549653,0.9,0.1,4,100,1.0,"{'colsample_bytree': 0.9, 'learning_rate': 0.1, 'max_depth': 4, 'n_estimators': 100, 'subsample': 1.0}",-0.8090385315109683,-0.6412366412261408,-0.6827308727981878,-0.7127940824783603,-0.639354631034702,-0.6970309518096718,0.0623509896158575,152,-0.4708123703119052,-0.46234120477198676,-0.46622473981068624,-0.47189784341535784,-0.452249902246155,-0.4647052121112182,0.007100191058410175,0.6970309518096718
0.10793218612670899,0.0038682942588878816,0.002753734588623047,8.603363415649551e-05,0.9,0.1,4,200,0.8,"{'colsample_bytree': 0.9, 'learning_rate': 0.1, 'max_depth': 4, 'n_estimators': 200, 'subsample': 0.8}",-0.7132202135715326,-0.5999296570017566,-0.6322911830168275,-0.6275680877673985,-0.6257672521897717,-0.6397552787094574,0.038426766796534464,58,-0.34966562470568163,-0.344878202214323,-0.34342470135820174,-0.3510193990752137,-0.3402890026803475,-0.34585538600675353,0.003975743685788149,0.6397552787094574
0.10571660995483398,0.003332706323396565,0.0027408599853515625,0.00018823994628918166,0.9,0.1,4,200,0.9,"{'colsample_bytree': 0.9, 'learning_rate': 0.1, 'max_depth': 4, 'n_estimators': 200, 'subsample': 0.9}",-0.6868244503205905,-0.5964369820678689,-0.6152704162430368,-0.6319352043589215,-0.5921364014836306,-0.6245206908948095,0.034233720019219926,26,-0.3425143370921783,-0.3504342890943716,-0.34478700823808867,-0.34358518041637254,-0.3407291561034517,-0.34440999418889257,0.0032941363450945736,0.6245206908948095
0.0886538028717041,0.0018670310644876827,0.0026273250579833983,4.5406165848137014e-05,0.9,0.1,4,200,1.0,"{'colsample_bytree': 0.9, 'learning_rate': 0.1, 'max_depth': 4, 'n_estimators': 200, 'subsample': 1.0}",-0.7573106372825095,-0.5981565827530964,-0.6455671189284108,-0.6632873008371296,-0.6042837705358043,-0.6537210820673901,0.057306643526920734,82,-0.3654084008077422,-0.3601210902750957,-0.36239809435110093,-0.37077842951879203,-0.353296026404795,-0.3624004082715052,0.0057848824391842565,0.6537210820673901
0.1584688186645508,0.005370013748763528,0.0030887603759765627,9.138947075857855e-05,0.9,0.1,4,300,0.8,"{'colsample_bytree': 0.9, 'learning_rate': 0.1, 'max_depth': 4, 'n_estimators': 300, 'subsample': 0.8}",-0.7001254500038753,-0.5922217129687655,-0.6159916664889272,-0.6199751361504531,-0.615147464065872,-0.6286922859355786,0.037023117792867974,36,-0.27936925737456153,-0.2731406880904517,-0.2719131585313553,-0.2796026272444306,-0.27012895553282124,-0.2748309373547241,0.003920315851993613,0.6286922859355786
0.16314520835876464,0.0065785959904818975,0.003532218933105469,0.0008546371076299826,0.9,0.1,4,300,0.9,"{'colsample_bytree': 0.9, 'learning_rate': 0.1, 'max_depth': 4, 'n_estimators': 300, 'subsample': 0.9}",-0.67498713451995,-0.5838225689429555,-0.6008988643468139,-0.623074991708486,-0.5805506844327154,-0.6126668487901842,0.034623903313312436,13,-0.2763043467584592,-0.27835046890636833,-0.2749731982665804,-0.27590455756993415,-0.27031635245748503,-0.2751697847917654,0.002666020443058001,0.6126668487901842
0.14395790100097655,0.0036059638072112343,0.003334188461303711,0.0003832790738195849,0.9,0.1,4,300,1.0,"{'colsample_bytree': 0.9, 'learning_rate': 0.1, 'max_depth': 4, 'n_estimators': 300, 'subsample': 1.0}",-0.7442275791229115,-0.5840740450183395,-0.6365469206777478,-0.6485917789530603,-0.5933980896278034,-0.6413676826799726,0.05698987345764205,61,-0.2980051326729541,-0.2980042145520612,-0.2966245736498069,-0.2980829302319835,-0.2895694671594876,-0.2960572636532587,0.003289421851486111,0.6413676826799726
0.08591890335083008,0.005617994671166154,0.0028736114501953123,0.000640227597714866,0.9,0.1,5,100,0.8,"{'colsample_bytree': 0.9, 'learning_rate': 0.1, 'max_depth': 5, 'n_estimators': 100, 'subsample': 0.8}",-0.7359195157305055,-0.6106612580160212,-0.6687503085256917,-0.6825873462699669,-0.6164984997912843,-0.6628833856666939,0.04612082262064433,104,-0.3811101797062304,-0.3755609819191716,-0.3791383881578187,-0.3839766820450441,-0.37751985930933474,-0.37946121822751994,0.002904941459297247,0.6628833856666939
0.08055968284606933,0.0010954357047644901,0.0024691104888916017,0.00018208358895737767,0.9,0.1,5,100,0.9,"{'colsample_bytree': 0.9, 'learning_rate': 0.1, 'max_depth': 5, 'n_estimators': 100, 'subsample': 0.9}",-0.7231932826571776,-0.6270458485918413,-0.6506664718038677,-0.6710165501743232,-0.6256917857421924,-0.6595227877938805,0.035954863655601466,97,-0.37792323275495565,-0.36773567355836734,-0.3713905252729867,-0.3757368904956047,-0.3723307247159966,-0.3730234093595822,0.0035348980619125223,0.6595227877938805
0.07278103828430176,0.001316405417853344,0.002438211441040039,5.884653532214918e-05,0.9,0.1,5,100,1.0,"{'colsample_bytree': 0.9, 'learning_rate': 0.1, 'max_depth': 5, 'n_estimators': 100, 'subsample': 1.0}",-0.7918024003002887,-0.6366571510042839,-0.7006541463426141,-0.7133674914010373,-0.6581425327434687,-0.7001247443583385,0.0536117239285211,158,-0.3879048418571289,-0.3776909632444658,-0.37073878562531587,-0.38013900562416264,-0.3651445079958886,-0.3763236208693924,0.007832169749263755,0.7001247443583385
0.15725488662719728,0.00632905920098093,0.003942728042602539,0.0008547316901015214,0.9,0.1,5,200,0.8,"{'colsample_bytree': 0.9, 'learning_rate': 0.1, 'max_depth': 5, 'n_estimators': 200, 'subsample': 0.8}",-0.7019172357241517,-0.5895472523012716,-0.6445626521610655,-0.6558145301495196,-0.5983363213128658,-0.6380355983297747,0.04090650007223666,52,-0.25992845910889156,-0.24591051279352416,-0.2573405031120767,-0.2502991917382006,-0.24664353377715817,-0.25202444010597025,0.0056576458764268835,0.6380355983297747
0.15680627822875975,0.0069102794109840195,0.0032942771911621095,0.0007739773399006624,0.9,0.1,5,200,0.9,"{'colsample_bytree': 0.9, 'learning_rate': 0.1, 'max_depth': 5, 'n_estimators': 200, 'subsample': 0.9}",-0.6840843251952814,-0.6063524176807268,-0.6214067797293487,-0.6439946851511507,-0.605720954348571,-0.6323118324210157,0.029382873380612046,45,-0.25206168452434585,-0.24666706366057914,-0.24778310820701938,-0.25088550611118643,-0.2516854867954358,-0.24981656985971332,0.0021785486302147634,0.6323118324210157
0.13894996643066407,0.00307041086330824,0.002866363525390625,6.16907509052553e-05,0.9,0.1,5,200,1.0,"{'colsample_bytree': 0.9, 'learning_rate': 0.1, 'max_depth': 5, 'n_estimators': 200, 'subsample': 1.0}",-0.756839502455232,-0.6075460239767502,-0.6815153043717511,-0.684407058135704,-0.633261078277161,-0.6727137934433196,0.05117555834922839,120,-0.27350667977272397,-0.257916975994728,-0.2624689889526844,-0.26694873147138887,-0.2542359093304425,-0.26301545710439356,0.006766239672138288,0.6727137934433196
0.22973341941833497,0.005298297749798437,0.0032378673553466798,4.219176323446479e-05,0.9,0.1,5,300,0.8,"{'colsample_bytree': 0.9, 'learning_rate': 0.1, 'max_depth': 5, 'n_estimators': 300, 'subsample': 0.8}",-0.6912939523614683,-0.5864064437473254,-0.6392273700321118,-0.64752201534551,-0.5917410154101417,-0.6312381593793115,0.038744281722409006,42,-0.18091645909149798,-0.16769494275981656,-0.17818337855422345,-0.1730210911939863,-0.1695546220518156,-0.17387409873026796,0.005014622641802393,0.6312381593793115
0.22661924362182617,0.00033922106287219493,0.0034366607666015624,6.886403590895498e-05,0.9,0.1,5,300,0.9,"{'colsample_bytree': 0.9, 'learning_rate': 0.1, 'max_depth': 5, 'n_estimators': 300, 'subsample': 0.9}",-0.6769556679661283,-0.5976903632199453,-0.6152138826492637,-0.6366844812202604,-0.6032231443480263,-0.6259535078807248,0.028799959877569153,31,-0.1793641227774496,-0.17347986493301107,-0.17618771259566138,-0.17515339533994928,-0.17780586409044183,-0.17639819194730263,0.0020439539752781116,0.6259535078807248
0.21025605201721193,0.00330101451747961,0.003734254837036133,0.0005916665439265642,0.9,0.1,5,300,1.0,"{'colsample_bytree': 0.9, 'learning_rate': 0.1, 'max_depth': 5, 'n_estimators': 300, 'subsample': 1.0}",-0.7484042305661687,-0.5982216585110838,-0.6762294087935724,-0.6781501711395441,-0.6275472254087923,-0.6657105388838322,0.05121489078041663,112,-0.19783927661557,-0.19072080650118955,-0.19073906897753723,-0.19694655093279387,-0.18428015444117407,-0.19210517149365294,0.004926104156661993,0.6657105388838322
0.04777264595031738,0.003297164148141473,0.0022527217864990235,4.605234915560475e-05,1.0,0.01,3,100,0.8,"{'colsample_bytree': 1.0, 'learning_rate': 0.01, 'max_depth': 3, 'n_estimators': 100, 'subsample': 0.8}",-1.8785430868361226,-1.8300079714672932,-1.7291722790634658,-1.9015727135814022,-1.7921677641165379,-1.8262927630129642,0.06165691205912987,318,-1.7724651090427048,-1.783525290949877,-1.797604583881771,-1.7731533504427668,-1.793478871838494,-1.7840454412311229,0.01025526454164583,1.8262927630129642
0.045601415634155276,0.000400221428588365,0.002267265319824219,7.974987071974462e-05,1.0,0.01,3,100,0.9,"{'colsample_bytree': 1.0, 'learning_rate': 0.01, 'max_depth': 3, 'n_estimators': 100, 'subsample': 0.9}",-1.874785128657933,-1.8246758722514433,-1.722751021089969,-1.9016221719319002,-1.789850146782858,-1.8227368681428207,0.06326828331188017,317,-1.7687062270010667,-1.7759561722505344,-1.7900570453288793,-1.7641853389565911,-1.788921925471746,-1.7775653418017636,0.010441383696579893,1.8227368681428207
0.03824973106384277,0.0005476475696123547,0.002296733856201172,8.030458736960831e-05,1.0,0.01,3,100,1.0,"{'colsample_bytree': 1.0, 'learning_rate': 0.01, 'max_depth': 3, 'n_estimators': 100, 'subsample': 1.0}",-1.874095813906198,-1.8175114466214994,-1.712110247846237,-1.9026046283590536,-1.777582262787162,-1.8167808799040301,0.06803487926868895,316,-1.7659603267772976,-1.767024944552203,-1.7853023588128498,-1.7599868241181502,-1.7809856534766864,-1.7718520215474374,0.009624244951067219,1.8167808799040301
0.08612346649169922,0.0013036390940644423,0.0026430606842041014,8.983520944704258e-05,1.0,0.01,3,200,0.8,"{'colsample_bytree': 1.0, 'learning_rate': 0.01, 'max_depth': 3, 'n_estimators': 200, 'subsample': 0.8}",-1.2977174480455511,-1.2534964856439927,-1.1783550914965935,-1.278339850145372,-1.186579040751326,-1.238897583216567,0.0482311518842726,291,-1.1622906049771475,-1.1702169304348913,-1.179008485153956,-1.16801808886278,-1.1828511229705103,-1.172477046479857,0.007470410594380519,1.238897583216567
0.08659229278564454,0.0034099795037762265,0.00283665657043457,0.0006457703086158815,1.0,0.01,3,200,0.9,"{'colsample_bytree': 1.0, 'learning_rate': 0.01, 'max_depth': 3, 'n_estimators': 200, 'subsample': 0.9}",-1.2919431043934237,-1.245480601212077,-1.1630909005609376,-1.2796375844212464,-1.1780922680289554,-1.231648891723328,0.05234144245147658,290,-1.1554355476572047,-1.1595698066649625,-1.1678270704276537,-1.158746348870301,-1.1739086633546727,-1.1630974873949589,0.006772484619895063,1.231648891723328
0.07148661613464355,0.003982013296166388,0.0025103092193603516,4.33111482158371e-05,1.0,0.01,3,200,1.0,"{'colsample_bytree': 1.0, 'learning_rate': 0.01, 'max_depth': 3, 'n_estimators': 200, 'subsample': 1.0}",-1.2931194698396626,-1.2434953984639778,-1.1423072194795023,-1.2820348324747255,-1.1698059943589942,-1.2261525829233726,0.06018828128952072,289,-1.1513599835933814,-1.151760810210833,-1.1587144949624304,-1.1517335169579352,-1.1646961955287212,-1.1556530002506602,0.005293271489638412,1.2261525829233726
0.12281031608581543,0.0029338873675772777,0.0028562545776367188,6.000555630065834e-05,1.0,0.01,3,300,0.8,"{'colsample_bytree': 1.0, 'learning_rate': 0.01, 'max_depth': 3, 'n_estimators': 300, 'subsample': 0.8}",-1.0408149665295154,-0.9856449374475765,-0.9450888292362883,-1.0218253114712472,-0.9433468682220774,-0.9873441825813408,0.0394264859624147,257,-0.8947670367020634,-0.9022074004794525,-0.9029892991462544,-0.9038002983640037,-0.9115755755948504,-0.9030679220573248,0.005339811240081031,0.9873441825813408
0.12126574516296387,0.002542279749229895,0.002802610397338867,8.284117626114602e-05,1.0,0.01,3,300,0.9,"{'colsample_bytree': 1.0, 'learning_rate': 0.01, 'max_depth': 3, 'n_estimators': 300, 'subsample': 0.9}",-1.0425806281339616,-0.9750900500009664,-0.9434666051082627,-1.0254941293960553,-0.9397441708290009,-0.9852751166936493,0.04201486613102892,255,-0.8904407034911244,-0.8929417792297379,-0.898830580857625,-0.8998479093964675,-0.9049221975604427,-0.8973966341070796,0.005156156743748502,0.9852751166936493
0.10020565986633301,0.0008892906638319886,0.0027931690216064452,5.593984794469459e-05,1.0,0.01,3,300,1.0,"{'colsample_bytree': 1.0, 'learning_rate': 0.01, 'max_depth': 3, 'n_estimators': 300, 'subsample': 1.0}",-1.042570871524221,-0.9712790191430895,-0.9318021477938294,-1.0312981445249376,-0.931565962087476,-0.9817032290147107,0.04749116368868102,253,-0.8819444243353103,-0.8876829087743402,-0.8875952630125405,-0.8956438068613832,-0.8999472864910628,-0.8905627378949272,0.006407209466661238,0.9817032290147107
0.1136704444885254,0.04590615468861203,0.006663465499877929,0.006508730864248443,1.0,0.01,4,100,0.8,"{'colsample_bytree': 1.0, 'learning_rate': 0.01, 'max_depth': 4, 'n_estimators': 100, 'subsample': 0.8}",-1.7381210075646134,-1.6797132584848409,-1.5898427424763393,-1.753641914130629,-1.6529631883826301,-1.6828564222078106,0.059362934201940776,303,-1.617220893016789,-1.636556221920106,-1.6484214510866428,-1.6249697597032386,-1.6428750575478428,-1.6340086766549238,0.011457420852673353,1.6828564222078106
0.12644124031066895,0.02627747471986537,0.004442071914672852,0.0013191340612387097,1.0,0.01,4,100,0.9,"{'colsample_bytree': 1.0, 'learning_rate': 0.01, 'max_depth': 4, 'n_estimators': 100, 'subsample': 0.9}",-1.7342126428298081,-1.6739475584970063,-1.5772178692411454,-1.7567039687205208,-1.6547723926382503,-1.679370886385346,0.0633368157788917,302,-1.6105439120353564,-1.6276406625276532,-1.6352807791964017,-1.6196333790274131,-1.6364012363663154,-1.6258999938306282,0.009760992424746482,1.679370886385346
0.0724630355834961,0.012626621805982233,0.002605152130126953,0.0006231222781196384,1.0,0.01,4,100,1.0,"{'colsample_bytree': 1.0, 'learning_rate': 0.01, 'max_depth': 4, 'n_estimators': 100, 'subsample': 1.0}",-1.735980820443487,-1.6699680386244604,-1.5739047701084419,-1.744277742054926,-1.649437309576516,-1.6747137361615665,0.06231640804003788,301,-1.6087872824258573,-1.6161154334656265,-1.62453954933959,-1.6118093062945602,-1.6287830643914745,-1.6180069271834217,0.00756029613155775,1.6747137361615665
0.12917799949645997,0.004078551974532828,0.0026367664337158202,3.4649561663834664e-05,1.0,0.01,4,200,0.8,"{'colsample_bytree': 1.0, 'learning_rate': 0.01, 'max_depth': 4, 'n_estimators': 200, 'subsample': 0.8}",-1.1652697001849388,-1.089351726508647,-1.0154089079202748,-1.1140397315631658,-1.040426128135484,-1.084899238862502,0.0531698555319754,277,-0.9891878283397142,-1.0012070545064116,-1.0078949712486576,-0.9974316563531392,-1.007694008018949,-1.0006831036933743,0.00698786952961456,1.084899238862502
0.12758469581604004,0.003401978238588776,0.0026245594024658205,0.00013288694489493896,1.0,0.01,4,200,0.9,"{'colsample_bytree': 1.0, 'learning_rate': 0.01, 'max_depth': 4, 'n_estimators': 200, 'subsample': 0.9}",-1.1518248864106804,-1.077697474792772,-1.0033361607642217,-1.1139058026808502,-1.0341827215619386,-1.0761894092420925,0.05332482278618216,275,-0.9793815137170987,-0.9877729629531878,-0.9944087492069941,-0.9865492756004862,-0.9940048491492726,-0.988423470125408,0.0055257234436882465,1.0761894092420925
0.1103891372680664,0.0007200887884684746,0.0026059627532958986,4.8213731092302956e-05,1.0,0.01,4,200,1.0,"{'colsample_bytree': 1.0, 'learning_rate': 0.01, 'max_depth': 4, 'n_estimators': 200, 'subsample': 1.0}",-1.1486608004792183,-1.0740805149435058,-1.0023609072358752,-1.100286112842439,-1.0314919434030039,-1.0713760557808085,0.05132225718070545,274,-0.9734704778443314,-0.9760763268017183,-0.9805903313029279,-0.9793383272441487,-0.9820947732115555,-0.9783140472809363,0.003130241677078432,1.0713760557808085
0.1766456127166748,0.0015639399193774386,0.003321266174316406,0.0007720386566989288,1.0,0.01,4,300,0.8,"{'colsample_bytree': 1.0, 'learning_rate': 0.01, 'max_depth': 4, 'n_estimators': 300, 'subsample': 0.8}",-0.9474516963684022,-0.8591608336507683,-0.8266213076204967,-0.8822961411224965,-0.8237944950233368,-0.8678648947571002,0.04530190758611952,232,-0.7458945695770333,-0.754277910467795,-0.7537388280616637,-0.7544547119854403,-0.7576763378829823,-0.7532084715949828,0.003909810340434646,0.8678648947571002
0.17881455421447753,0.0020125492813138847,0.0030128955841064453,4.0602341021591474e-05,1.0,0.01,4,300,0.9,"{'colsample_bytree': 1.0, 'learning_rate': 0.01, 'max_depth': 4, 'n_estimators': 300, 'subsample': 0.9}",-0.9415211167537622,-0.8550406165950443,-0.8245846862790464,-0.8812759497755972,-0.8246208781923824,-0.8654086495191665,0.04354908324435204,231,-0.7406806232781468,-0.7442455865169635,-0.7462512136422502,-0.7455231608441482,-0.7513446984463341,-0.7456090565455685,0.0034486471786047586,0.8654086495191665
0.17394304275512695,0.0031972467565913234,0.0032286643981933594,0.00010747765689892423,1.0,0.01,4,300,1.0,"{'colsample_bytree': 1.0, 'learning_rate': 0.01, 'max_depth': 4, 'n_estimators': 300, 'subsample': 1.0}",-0.9398996023950608,-0.849624192433005,-0.8274320733035121,-0.8687798762934484,-0.8269064074292917,-0.8625284303708636,0.041695517723435674,228,-0.7372337889618339,-0.732648699044363,-0.7362116675504802,-0.7407453526788879,-0.7399161407039199,-0.737351129787897,0.0028818406614778825,0.8625284303708636
0.10953655242919921,0.004292171313392528,0.002680206298828125,8.214737659332233e-05,1.0,0.01,5,100,0.8,"{'colsample_bytree': 1.0, 'learning_rate': 0.01, 'max_depth': 5, 'n_estimators': 100, 'subsample': 0.8}",-1.6965202033658178,-1.6307871262037934,-1.5410743735973875,-1.7167189856212337,-1.5773908457185295,-1.6324983069013523,0.06721610216177079,300,-1.5525644634757196,-1.57577569419314,-1.588090376574,-1.5632080684905627,-1.5805532155090747,-1.5720383636484994,0.01265973428855089,1.6324983069013523
0.11934361457824708,0.002793892607658255,0.003553628921508789,0.000824542823766848,1.0,0.01,5,100,0.9,"{'colsample_bytree': 1.0, 'learning_rate': 0.01, 'max_depth': 5, 'n_estimators': 100, 'subsample': 0.9}",-1.6898901269191446,-1.6235245188737661,-1.5437432975388032,-1.7140041411502651,-1.5659537739095535,-1.6274231716783063,0.06662490895079969,299,-1.5428786923330808,-1.5647459264907486,-1.5750783837699178,-1.5533567957561938,-1.5723268214909445,-1.5616773239681774,0.012041895729636959,1.6274231716783063
0.10403909683227539,0.0040702731690807435,0.0024777889251708985,7.218101908578068e-05,1.0,0.01,5,100,1.0,"{'colsample_bytree': 1.0, 'learning_rate': 0.01, 'max_depth': 5, 'n_estimators': 100, 'subsample': 1.0}",-1.67862916357934,-1.6198234749048088,-1.5528023281385093,-1.7037211351506585,-1.565170828382055,-1.6240293860310744,0.0598117444303619,298,-1.5373441948194027,-1.5557207329770038,-1.5688845745413202,-1.547447952871889,-1.5667216881148631,-1.5552238286648958,0.011825474320499922,1.6240293860310744
0.19514913558959962,0.0028359015544704787,0.0029204845428466796,5.963736589648395e-05,1.0,0.01,5,200,0.8,"{'colsample_bytree': 1.0, 'learning_rate': 0.01, 'max_depth': 5, 'n_estimators': 200, 'subsample': 0.8}",-1.1164388879864,-1.0350331078959436,-0.9589291805809675,-1.0635916588164536,-0.9638196678430156,-1.0275625006245561,0.06004432328660835,265,-0.9016800473328231,-0.9172352922694885,-0.9255045606963439,-0.9172944079040999,-0.9249114484975719,-0.9173251513400655,0.008593403763217636,1.0275625006245561
0.19978837966918944,0.0026359106339794132,0.002898120880126953,4.395254103827576e-05,1.0,0.01,5,200,0.9,"{'colsample_bytree': 1.0, 'learning_rate': 0.01, 'max_depth': 5, 'n_estimators': 200, 'subsample': 0.9}",-1.1125981995128806,-1.024746710592163,-0.9634976785135672,-1.063319499108086,-0.9570902926139229,-1.024250476068124,0.05921713890450645,259,-0.89344909353647,-0.9069045137891916,-0.9112353685189678,-0.9053373945896143,-0.9155795466412683,-0.9065011834151024,0.007439130560552835,1.024250476068124
0.19073166847229003,0.003222947744310533,0.0034086227416992186,0.0007328260568160237,1.0,0.01,5,200,1.0,"{'colsample_bytree': 1.0, 'learning_rate': 0.01, 'max_depth': 5, 'n_estimators': 200, 'subsample': 1.0}",-1.1020346949670916,-1.0272231692887153,-0.9831734239301523,-1.0550577917997663,-0.9595138884632963,-1.0254005936898043,0.05075401156882091,260,-0.8870330346638624,-0.8949737511932512,-0.9046586628502091,-0.8989135686944255,-0.9053574165978013,-0.8981872867999099,0.006761081370654871,1.0254005936898043
0.2745838642120361,0.005763336537999083,0.003429889678955078,9.487250169953483e-05,1.0,0.01,5,300,0.8,"{'colsample_bytree': 1.0, 'learning_rate': 0.01, 'max_depth': 5, 'n_estimators': 300, 'subsample': 0.8}",-0.9052282482657609,-0.8099556474357437,-0.7710976323175874,-0.8318342471444972,-0.7526781910808056,-0.814158793248879,0.0534001156663803,211,-0.6508985336818135,-0.6653922547677071,-0.663910761569299,-0.6632719691050247,-0.6651032606228799,-0.6617153559493449,0.005463405116177251,0.814158793248879
0.2815093517303467,0.0026834352547037534,0.0033596515655517577,9.7165864855487e-05,1.0,0.01,5,300,0.9,"{'colsample_bytree': 1.0, 'learning_rate': 0.01, 'max_depth': 5, 'n_estimators': 300, 'subsample': 0.9}",-0.9027710460177393,-0.8149475945303244,-0.7828269862092566,-0.8343559337035004,-0.7511013984276163,-0.8172005917776873,0.051327054295646345,213,-0.6468345986175235,-0.6586153912710506,-0.6531412613712465,-0.6567020168258791,-0.661134432807679,-0.6552855401786758,0.004966290451616234,0.8172005917776873
0.26963238716125487,0.009387960531560546,0.003317117691040039,6.772850371320397e-05,1.0,0.01,5,300,1.0,"{'colsample_bytree': 1.0, 'learning_rate': 0.01, 'max_depth': 5, 'n_estimators': 300, 'subsample': 1.0}",-0.897641691084483,-0.8101474350318892,-0.8113652423465025,-0.8302855393076313,-0.7558799509328027,-0.8210639717406618,0.04563195613284127,216,-0.6455279316916553,-0.6502661930211712,-0.6518626328864787,-0.6527271563823264,-0.6531521327448395,-0.6507072093452942,0.0027717233784491724,0.8210639717406618
0.04645695686340332,0.0016560505392703082,0.0022696495056152345,9.659390955802406e-05,1.0,0.03,3,100,0.8,"{'colsample_bytree': 1.0, 'learning_rate': 0.03, 'max_depth': 3, 'n_estimators': 100, 'subsample': 0.8}",-1.053198104836149,-0.9948976520260708,-0.9414343323534137,-1.0189599914457952,-0.9341165340977601,-0.9885213229518378,0.04544738047661617,258,-0.890473284845838,-0.8996736423451056,-0.9017129152500024,-0.8976427442073235,-0.9090646893550621,-0.8997134552006664,0.006018531348541718,0.9885213229518378
0.046033191680908206,0.0010450622809843706,0.0022852420806884766,6.253715239540592e-05,1.0,0.03,3,100,0.9,"{'colsample_bytree': 1.0, 'learning_rate': 0.03, 'max_depth': 3, 'n_estimators': 100, 'subsample': 0.9}",-1.0511544048559267,-0.9944674172665988,-0.9324791717252823,-1.0243073714675421,-0.9290139570090473,-0.9862844644648794,0.04877649411523669,256,-0.8842269950796892,-0.895103549974988,-0.8896099169426297,-0.8921237594069088,-0.9006425187823481,-0.8923413480373128,0.0054752165224894135,0.9862844644648794
0.03772234916687012,0.0010162471493653355,0.0022376537322998046,0.00018675968764738128,1.0,0.03,3,100,1.0,"{'colsample_bytree': 1.0, 'learning_rate': 0.03, 'max_depth': 3, 'n_estimators': 100, 'subsample': 1.0}",-1.0585444866707219,-0.9673912725089183,-0.9339877998194135,-1.0256767096944919,-0.9314531895869956,-0.9834106916561082,0.05065635099905199,254,-0.8805769471066607,-0.8854723406361885,-0.8862679644788514,-0.892845956602817,-0.8943978004903531,-0.887912201862974,0.005076757372766981,0.9834106916561082
0.0783689022064209,0.0009501918509485893,0.0024451255798339845,0.00012702342254071981,1.0,0.03,3,200,0.8,"{'colsample_bytree': 1.0, 'learning_rate': 0.03, 'max_depth': 3, 'n_estimators': 200, 'subsample': 0.8}",-0.8422675776198076,-0.7293036329829832,-0.7539510564652369,-0.7669919337111246,-0.7347283578931424,-0.7654485117344588,0.0407085313529152,197,-0.6306040143791642,-0.6429100045930362,-0.6307674304530295,-0.6430195510464325,-0.6424610021691224,-0.6379524005281569,0.0059363947842283465,0.7654485117344588
0.07679538726806641,0.0010662056401694847,0.0024138927459716798,9.243689707780071e-05,1.0,0.03,3,200,0.9,"{'colsample_bytree': 1.0, 'learning_rate': 0.03, 'max_depth': 3, 'n_estimators': 200, 'subsample': 0.9}",-0.8434174314416845,-0.7262313207496288,-0.7613049466681747,-0.765703563583959,-0.724432644725871,-0.7642179814338635,0.04314882388737761,195,-0.6292013887153914,-0.6419936865934588,-0.6222951010824161,-0.6415340288748301,-0.6380941256110719,-0.6346236661754336,0.007687769668768439,0.7642179814338635
0.06336216926574707,0.0006067674688799015,0.0024350643157958984,8.955791446701144e-05,1.0,0.03,3,200,1.0,"{'colsample_bytree': 1.0, 'learning_rate': 0.03, 'max_depth': 3, 'n_estimators': 200, 'subsample': 1.0}",-0.8647391069022902,-0.7126827982666601,-0.7774001813232684,-0.7728746211810722,-0.727607457126279,-0.771060832959914,0.05313245144013579,199,-0.6342072378944779,-0.637357955760075,-0.6270947243327826,-0.6477369530731643,-0.6397929402652994,-0.6372379622651598,0.006765230003044143,0.771060832959914
0.11103239059448242,0.001985834454708614,0.0026790142059326173,4.3915796218786936e-05,1.0,0.03,3,300,0.8,"{'colsample_bytree': 1.0, 'learning_rate': 0.03, 'max_depth': 3, 'n_estimators': 300, 'subsample': 0.8}",-0.7783742861168009,-0.6569774451318888,-0.6963775446210533,-0.6853992028632887,-0.6767009621652886,-0.6987658881796641,0.04184496245856965,155,-0.5460757139091363,-0.5590623396930502,-0.542768990926898,-0.5595960617890808,-0.5530678248844315,-0.5521141862405193,0.006766986749415866,0.6987658881796641
0.1109276294708252,0.0011709780239695406,0.002727031707763672,0.00010046994001474869,1.0,0.03,3,300,0.9,"{'colsample_bytree': 1.0, 'learning_rate': 0.03, 'max_depth': 3, 'n_estimators': 300, 'subsample': 0.9}",-0.7801741693854309,-0.658633420939011,-0.7101521483348393,-0.6864335656201846,-0.6660390457737082,-0.7002864700106348,0.04377017624838301,159,-0.5472837711024289,-0.559385613190466,-0.5374058770014045,-0.5577786536957835,-0.5503092943202404,-0.5504326418620648,0.007921449234580834,0.7002864700106348
0.09521894454956055,0.0027645093927184654,0.002822256088256836,0.00013260451286748457,1.0,0.03,3,300,1.0,"{'colsample_bytree': 1.0, 'learning_rate': 0.03, 'max_depth': 3, 'n_estimators': 300, 'subsample': 1.0}",-0.8027382014566561,-0.6460111231815998,-0.727328919996008,-0.6904118319694684,-0.6656374565474972,-0.706425506630246,0.05528668629650221,168,-0.5512047838415561,-0.56099247696588,-0.5438293199021197,-0.5637332261026896,-0.5545710820956318,-0.5548661777815754,0.007091702285400324,0.706425506630246
0.06589560508728028,0.0013451615904486194,0.0022680282592773436,4.193955619031718e-05,1.0,0.03,4,100,0.8,"{'colsample_bytree': 1.0, 'learning_rate': 0.03, 'max_depth': 4, 'n_estimators': 100, 'subsample': 0.8}",-0.9517313934943298,-0.8634887486747138,-0.8320508231231971,-0.8827239050829528,-0.827294709961966,-0.8714579160674318,0.04502792258913819,233,-0.7466642056596964,-0.7538705992383953,-0.7533866202294179,-0.7529881021065025,-0.7549617595545444,-0.7523742573577114,0.0029305487880646685,0.8714579160674318
0.06606287956237793,0.0017123367446522627,0.0022892475128173826,3.315935335098378e-05,1.0,0.03,4,100,0.9,"{'colsample_bytree': 1.0, 'learning_rate': 0.03, 'max_depth': 4, 'n_estimators': 100, 'subsample': 0.9}",-0.943778107142331,-0.8461888197765781,-0.8286756308724733,-0.8786995323135267,-0.8296718088771812,-0.8654027797964181,0.04316076360454533,230,-0.7397727601519478,-0.7433611944882484,-0.7484673791237902,-0.7406842577722527,-0.7493046568977367,-0.7443180496867952,0.0039207871341785825,0.8654027797964181
0.05887846946716309,0.0009608184184608712,0.002278900146484375,1.6012501330220557e-05,1.0,0.03,4,100,1.0,"{'colsample_bytree': 1.0, 'learning_rate': 0.03, 'max_depth': 4, 'n_estimators': 100, 'subsample': 1.0}",-0.9372534034391008,-0.8486043006531502,-0.8261291382979422,-0.8636360206680849,-0.8229480820069768,-0.8597141890130509,0.04154718380980194,226,-0.7344966150465999,-0.7315249472920426,-0.7322653694814204,-0.739588092935155,-0.7354050424992103,-0.7346560134508857,0.0028436108835586654,0.8597141890130509
0.11413111686706542,0.0014895693851732959,0.0025914669036865234,4.789463127008201e-05,1.0,0.03,4,200,0.8,"{'colsample_bytree': 1.0, 'learning_rate': 0.03, 'max_depth': 4, 'n_estimators': 200, 'subsample': 0.8}",-0.7542665348495893,-0.6660922518811189,-0.6991633250604445,-0.6802723115245295,-0.6623021537074394,-0.6924193154046243,0.033520941588921875,148,-0.5309658026716432,-0.5393176378775507,-0.5290030845475048,-0.5354072174468981,-0.5320996211335386,-0.533358672735427,0.0036328497778212628,0.6924193154046243
0.11812891960144042,0.004292913614224985,0.0027876377105712892,0.00018886564572973151,1.0,0.03,4,200,0.9,"{'colsample_bytree': 1.0, 'learning_rate': 0.03, 'max_depth': 4, 'n_estimators': 200, 'subsample': 0.9}",-0.7490495495541729,-0.6516307626935062,-0.6982465911854222,-0.6848767107690342,-0.6648285845171086,-0.6897264397438488,0.033723961849403135,142,-0.5221029019711703,-0.5326722214950035,-0.5256643447072084,-0.5246018587581576,-0.5261518187142312,-0.5262386291291541,0.0035074693369436974,0.6897264397438488
0.10402350425720215,0.0019972772395152306,0.0027002811431884764,0.00011156831991034274,1.0,0.03,4,200,1.0,"{'colsample_bytree': 1.0, 'learning_rate': 0.03, 'max_depth': 4, 'n_estimators': 200, 'subsample': 1.0}",-0.7688078032328416,-0.6641103268469813,-0.7104984936270724,-0.6633025993244853,-0.6663715428755469,-0.6946181531813855,0.04114742218465921,150,-0.5239394632315146,-0.5327162889514058,-0.5166260543926354,-0.5292151803922716,-0.5223767624398666,-0.5249747498815388,0.005575567265272119,0.6946181531813855
0.1811349868774414,0.0056853133028360245,0.0031255245208740234,8.531729485410585e-05,1.0,0.03,4,300,0.8,"{'colsample_bytree': 1.0, 'learning_rate': 0.03, 'max_depth': 4, 'n_estimators': 300, 'subsample': 0.8}",-0.7076352906401813,-0.61856688100161,-0.6574349870773946,-0.6307854485013656,-0.6192288707033969,-0.6467302955847897,0.03354922736115944,67,-0.4615409311231305,-0.4671905207383387,-0.4566288617119341,-0.46604601291414466,-0.459118574277478,-0.4621049801530052,0.004015447840816109,0.6467302955847897
0.17176828384399415,0.008836443087102587,0.0029080390930175783,0.00011359131873357227,1.0,0.03,4,300,0.9,"{'colsample_bytree': 1.0, 'learning_rate': 0.03, 'max_depth': 4, 'n_estimators': 300, 'subsample': 0.9}",-0.7063759697888373,-0.610265178768309,-0.65952035407139,-0.6386425877039671,-0.6248005609420737,-0.6479209302549155,0.03343690481328247,70,-0.4569400383377147,-0.4643386161002749,-0.4568084469527193,-0.4556349927030404,-0.45579625554584924,-0.45790366992791975,0.0032595927100360187,0.6479209302549155
0.14020519256591796,0.0032677927987381176,0.002908611297607422,0.00011375096077706884,1.0,0.03,4,300,1.0,"{'colsample_bytree': 1.0, 'learning_rate': 0.03, 'max_depth': 4, 'n_estimators': 300, 'subsample': 1.0}",-0.7307785795200404,-0.6243804814088375,-0.6799467240985609,-0.6210664170644061,-0.6302914034039192,-0.6572927210991528,0.04251589590372415,93,-0.4647228530799873,-0.4682553487984611,-0.4589290489849821,-0.4638851632645484,-0.4622411602170746,-0.4636067148690107,0.0030554342753541996,0.6572927210991528
0.09528179168701172,0.0015021100965024459,0.0024250030517578127,7.617903042121949e-05,1.0,0.03,5,100,0.8,"{'colsample_bytree': 1.0, 'learning_rate': 0.03, 'max_depth': 5, 'n_estimators': 100, 'subsample': 0.8}",-0.903452449907513,-0.8210943498499012,-0.773409124527068,-0.8404561873305151,-0.758573712513445,-0.8193971648256884,0.05162566419473808,214,-0.64963547095254,-0.6631336841225183,-0.6621897042725594,-0.6588213301139414,-0.6644421250419229,-0.6596444629006963,0.0053390626106106535,0.8193971648256884
0.0988119125366211,0.004726476762166454,0.0025030136108398437,8.383315290602855e-05,1.0,0.03,5,100,0.9,"{'colsample_bytree': 1.0, 'learning_rate': 0.03, 'max_depth': 5, 'n_estimators': 100, 'subsample': 0.9}",-0.902685091994262,-0.8116633361221239,-0.7817328894211014,-0.8265121282195963,-0.7613653109959571,-0.8167917513506081,0.048579144550594075,212,-0.6427547665296885,-0.658035207077147,-0.6529988751469407,-0.6531980409657604,-0.6594066311626569,-0.6532787041764387,0.005848314003622912,0.8167917513506081
0.09538750648498535,0.0034516545752157138,0.0024985313415527345,0.00010129760962744006,1.0,0.03,5,100,1.0,"{'colsample_bytree': 1.0, 'learning_rate': 0.03, 'max_depth': 5, 'n_estimators': 100, 'subsample': 1.0}",-0.9039479955923645,-0.8185441439307849,-0.8115343544587541,-0.8242347906935913,-0.7503808100124921,-0.8217284189375974,0.048930318907433976,217,-0.6414222151217692,-0.6489306330449401,-0.6497446344786624,-0.6479713653107645,-0.6486563837926089,-0.6473450463497491,0.0030154243297252714,0.8217284189375974
0.17427196502685546,0.009107627192764691,0.002851057052612305,0.00015878014364519876,1.0,0.03,5,200,0.8,"{'colsample_bytree': 1.0, 'learning_rate': 0.03, 'max_depth': 5, 'n_estimators': 200, 'subsample': 0.8}",-0.7082563102448975,-0.6413497158424483,-0.6567121447891118,-0.6716170542997721,-0.6200815549917554,-0.659603356033597,0.029715201967332055,98,-0.4526628453800733,-0.4588691160087477,-0.4533405445186125,-0.4557045895277481,-0.45262528675840313,-0.45464047643871697,0.0023948096512307203,0.659603356033597
0.16134943962097167,0.006767107407556777,0.002628469467163086,9.641755817531307e-05,1.0,0.03,5,200,0.9,"{'colsample_bytree': 1.0, 'learning_rate': 0.03, 'max_depth': 5, 'n_estimators': 200, 'subsample': 0.9}",-0.7238954267868994,-0.6456789412920395,-0.6620601354580531,-0.6545067849675066,-0.6213172103614428,-0.6614916997731883,0.03408040560043214,102,-0.4465529792998057,-0.45741320359573623,-0.4500537122948588,-0.44826464014976686,-0.4526231089807208,-0.4509815288641777,0.003792508516760199,0.6614916997731883
0.14707717895507813,0.0023900930541436555,0.0025617599487304686,4.682516614614036e-05,1.0,0.03,5,200,1.0,"{'colsample_bytree': 1.0, 'learning_rate': 0.03, 'max_depth': 5, 'n_estimators': 200, 'subsample': 1.0}",-0.7168866432384852,-0.6636660139332679,-0.6712294946660398,-0.6527351802926504,-0.6264110491920101,-0.6661856762644907,0.029547634947902905,113,-0.45067706277720193,-0.45554838336560427,-0.4495644731537394,-0.44767165400996267,-0.44679138426033105,-0.45005059151336796,0.0030703833023858853,0.6661856762644907
0.2220247745513916,0.0022292005905744216,0.0030067920684814452,4.7998722991857555e-05,1.0,0.03,5,300,0.8,"{'colsample_bytree': 1.0, 'learning_rate': 0.03, 'max_depth': 5, 'n_estimators': 300, 'subsample': 0.8}",-0.6658896850234484,-0.6028675293565302,-0.623208121123236,-0.630385055000043,-0.589219040942188,-0.6223138862890891,0.02622297939640136,23,-0.38386528576788276,-0.38860196304929007,-0.3835902200646669,-0.3882099298542173,-0.38235495666685276,-0.385324471080582,0.002569929577075616,0.6223138862890891
0.22727384567260742,0.0019663711819380785,0.0030800342559814454,0.00011512685880451674,1.0,0.03,5,300,0.9,"{'colsample_bytree': 1.0, 'learning_rate': 0.03, 'max_depth': 5, 'n_estimators': 300, 'subsample': 0.9}",-0.6908172322387804,-0.610715265032436,-0.6213948745233928,-0.6160910866739653,-0.589331291745953,-0.6256699500429056,0.03434629517788596,29,-0.3812371590716188,-0.3877409854806031,-0.3749330815737561,-0.3745210348681988,-0.38182940315311603,-0.3800523328294586,0.00490875060080536,0.6256699500429056
0.2080988883972168,0.0021555796484883016,0.0030049800872802733,0.00010448582635578461,1.0,0.03,5,300,1.0,"{'colsample_bytree': 1.0, 'learning_rate': 0.03, 'max_depth': 5, 'n_estimators': 300, 'subsample': 1.0}",-0.689707514663294,-0.632506029335939,-0.6362223344406469,-0.6188518232102985,-0.5967061742884121,-0.6347987751877181,0.030749323231343013,47,-0.39371470835271677,-0.39576700194886977,-0.3873527529340042,-0.3873761992623319,-0.3859441331726741,-0.39003095913411934,0.00393433298907192,0.6347987751877181
0.04069194793701172,0.001033463734522554,0.0020113468170166017,6.809401576883067e-05,1.0,0.05,3,100,0.8,"{'colsample_bytree': 1.0, 'learning_rate': 0.05, 'max_depth': 3, 'n_estimators': 100, 'subsample': 0.8}",-0.8658179631878729,-0.779211456540509,-0.7955502408664631,-0.8198797385089612,-0.7583361984999586,-0.803759119520753,0.0369983503266749,208,-0.6815743175385538,-0.6985512226518201,-0.6910167827324295,-0.6985219459965676,-0.6974982376543876,-0.6934325013147518,0.006558752717069292,0.803759119520753
0.03995013236999512,0.0006005764291512671,0.0020069122314453126,4.617364667839802e-05,1.0,0.05,3,100,0.9,"{'colsample_bytree': 1.0, 'learning_rate': 0.05, 'max_depth': 3, 'n_estimators': 100, 'subsample': 0.9}",-0.8908608345038085,-0.7724720434661294,-0.7855453764623237,-0.8115505487987872,-0.7740850875366613,-0.8069027781535419,0.044247422328596,209,-0.6846890516878791,-0.6927078943514434,-0.6785075682972697,-0.6897394181556288,-0.6873171747191924,-0.6865922214422826,0.004833539720066172,0.8069027781535419
0.03361678123474121,0.00044087928891127054,0.0019917011260986326,5.331636507994805e-05,1.0,0.05,3,100,1.0,"{'colsample_bytree': 1.0, 'learning_rate': 0.05, 'max_depth': 3, 'n_estimators': 100, 'subsample': 1.0}",-0.900372690428044,-0.7616981828307977,-0.799643965769898,-0.8191107508404267,-0.769077810352774,-0.809980680044388,0.04972960020374507,210,-0.6831453393605177,-0.6934167780017565,-0.6734232924045077,-0.696912305866757,-0.6900396327276318,-0.6873874696722341,0.008331901927932516,0.809980680044388
0.07241811752319335,0.0003009180467123198,0.002364492416381836,0.0001154529605192704,1.0,0.05,3,200,0.8,"{'colsample_bytree': 1.0, 'learning_rate': 0.05, 'max_depth': 3, 'n_estimators': 200, 'subsample': 0.8}",-0.7592801905002949,-0.6487869019369247,-0.6786550757939397,-0.6673572407073759,-0.6517526304488762,-0.6811664078774823,0.040527436706468335,134,-0.5310417748560737,-0.5511971778574847,-0.5275520696432106,-0.5441017871099418,-0.5369228329715232,-0.5381631284876468,0.00860233328255601,0.6811664078774823
0.07150797843933106,0.0011078500594880472,0.0022867679595947265,4.0086267991831514e-05,1.0,0.05,3,200,0.9,"{'colsample_bytree': 1.0, 'learning_rate': 0.05, 'max_depth': 3, 'n_estimators': 200, 'subsample': 0.9}",-0.7641718296701779,-0.6427935765994115,-0.6853576984645525,-0.6677410215587569,-0.6626466767997384,-0.6845421606185276,0.042062296770907476,139,-0.5326560519511645,-0.5433594977047561,-0.5257029305738998,-0.5447527558296938,-0.5318867289777377,-0.5356715930074504,0.007271372788388629,0.6845421606185276
0.059633636474609376,0.0010948405820089828,0.0024308681488037108,0.00016825970582977774,1.0,0.05,3,200,1.0,"{'colsample_bytree': 1.0, 'learning_rate': 0.05, 'max_depth': 3, 'n_estimators': 200, 'subsample': 1.0}",-0.7894547544443722,-0.6383829028078098,-0.7122638249529029,-0.678665617504713,-0.658152039767681,-0.6953838278954958,0.053007704325199974,151,-0.5365359677774977,-0.5472590031524043,-0.5258379194069716,-0.5506036085669636,-0.5394708565025736,-0.5399414710812822,0.008694326334330944,0.6953838278954958
0.10485248565673828,0.001363615844276655,0.002613401412963867,0.00011731062446025339,1.0,0.05,3,300,0.8,"{'colsample_bytree': 1.0, 'learning_rate': 0.05, 'max_depth': 3, 'n_estimators': 300, 'subsample': 0.8}",-0.7282426642107758,-0.6222308681377825,-0.6514089137824289,-0.6316329797784447,-0.6232021825227511,-0.6513435216864366,0.039853404938552224,76,-0.48136849523851427,-0.4899323680484723,-0.47259762016187684,-0.4878934342384405,-0.4800242913227634,-0.4823632418020135,0.006159582398296638,0.6513435216864366
0.10255708694458007,0.0010028501429119934,0.0026507854461669924,0.00017221318406134668,1.0,0.05,3,300,0.9,"{'colsample_bytree': 1.0, 'learning_rate': 0.05, 'max_depth': 3, 'n_estimators': 300, 'subsample': 0.9}",-0.7345694800021048,-0.6120146425584351,-0.653772299496284,-0.6331923906842896,-0.6380030614512375,-0.6543103748384702,0.042290992375424975,84,-0.4826818592050037,-0.4869261929748425,-0.4738539627331875,-0.4902178370371491,-0.4787054551767248,-0.4824770614253815,0.005802398909018724,0.6543103748384702
0.08321561813354492,0.0011500060154084183,0.0025346755981445314,3.4525249471808566e-05,1.0,0.05,3,300,1.0,"{'colsample_bytree': 1.0, 'learning_rate': 0.05, 'max_depth': 3, 'n_estimators': 300, 'subsample': 1.0}",-0.7629222640002218,-0.6095259088738018,-0.6861157792527709,-0.6393228898705334,-0.6294905971843433,-0.6654754878363341,0.05482904692983718,111,-0.4852124263285803,-0.49673343828530975,-0.4762635718393948,-0.49795796056212177,-0.4830924348655063,-0.48785196637618256,0.008305695173350896,0.6654754878363341
0.058123016357421876,0.000718223875980736,0.002115821838378906,5.628993479470502e-05,1.0,0.05,4,100,0.8,"{'colsample_bytree': 1.0, 'learning_rate': 0.05, 'max_depth': 4, 'n_estimators': 100, 'subsample': 0.8}",-0.787918370590369,-0.7019003289514466,-0.7233472276275247,-0.711477585543856,-0.6974883836101956,-0.7244263792646783,0.03296406328769901,182,-0.5680827172260308,-0.5823657726310133,-0.5741482290578083,-0.5755369203724309,-0.5765150584182517,-0.575329739541107,0.0045797154024458265,0.7244263792646783
0.060135602951049805,0.001700368638615396,0.0023960590362548826,0.0002275594318433506,1.0,0.05,4,100,0.9,"{'colsample_bytree': 1.0, 'learning_rate': 0.05, 'max_depth': 4, 'n_estimators': 100, 'subsample': 0.9}",-0.793135556972945,-0.7005692284611844,-0.7303039323890984,-0.716875343878516,-0.6923295244453458,-0.7266427172294179,0.035741644705759856,186,-0.5689038334702259,-0.5772821156952723,-0.5635965485886164,-0.5740318051260173,-0.5741290746549911,-0.5715886755070245,0.0048149816362235195,0.7266427172294179
0.05566091537475586,0.0016025958070604225,0.0022235870361328124,5.192636238012093e-05,1.0,0.05,4,100,1.0,"{'colsample_bytree': 1.0, 'learning_rate': 0.05, 'max_depth': 4, 'n_estimators': 100, 'subsample': 1.0}",-0.7783555629191516,-0.700825409888379,-0.7360292058221278,-0.6976491471510019,-0.6942577432280022,-0.7214234138017325,0.03219337180658807,181,-0.5604917360083286,-0.5724196270665582,-0.5548133933870102,-0.5677659143163714,-0.5654573125941268,-0.5641895966744791,0.006061648511376923,0.7214234138017325
0.10748639106750488,0.0010351242996073926,0.002539968490600586,0.0001037780617613127,1.0,0.05,4,200,0.8,"{'colsample_bytree': 1.0, 'learning_rate': 0.05, 'max_depth': 4, 'n_estimators': 200, 'subsample': 0.8}",-0.6989922487184027,-0.6156019633932159,-0.6403965991648818,-0.6202147140860523,-0.6232658206050844,-0.6396942691935273,0.030810809246448523,57,-0.4449145399323737,-0.45377938822234926,-0.44176399689445073,-0.4476647922012141,-0.4434252645793679,-0.44630959636595113,0.004208619084523829,0.6396942691935273
0.10590581893920899,0.001191160317899186,0.0024239063262939454,3.7109329120080595e-05,1.0,0.05,4,200,0.9,"{'colsample_bytree': 1.0, 'learning_rate': 0.05, 'max_depth': 4, 'n_estimators': 200, 'subsample': 0.9}",-0.7083043263381137,-0.6165282816261184,-0.6607704203785363,-0.6223538492759971,-0.610827897935679,-0.6437569551108889,0.036714132260824775,63,-0.4473043682803787,-0.4506386980888945,-0.44013669980560005,-0.44534431108210826,-0.44349402494345613,-0.4453836204400875,0.00353291397778374,0.6437569551108889
0.09365949630737305,0.0017325768438264618,0.002454662322998047,5.7342240757645124e-05,1.0,0.05,4,200,1.0,"{'colsample_bytree': 1.0, 'learning_rate': 0.05, 'max_depth': 4, 'n_estimators': 200, 'subsample': 1.0}",-0.7054038712757588,-0.6277840516364058,-0.6776079781123974,-0.6134302011918343,-0.6242673721093738,-0.649698694865154,0.03556515758040464,74,-0.44930296805489,-0.45608848005679387,-0.44362219789918644,-0.4504439325077334,-0.4450093536029444,-0.4488933864243096,0.004409364173528367,0.649698694865154
0.15191545486450195,0.0023614075441374363,0.0027513504028320312,6.461644945005578e-05,1.0,0.05,4,300,0.8,"{'colsample_bytree': 1.0, 'learning_rate': 0.05, 'max_depth': 4, 'n_estimators': 300, 'subsample': 0.8}",-0.6718287164515048,-0.5952236606605148,-0.6170533755779959,-0.5964764056574278,-0.6019992469392776,-0.6165162810573441,0.028724451426441762,17,-0.38747906580290725,-0.38770039820926744,-0.3814094996411592,-0.38487686419949385,-0.380697308967389,-0.3844326273640434,0.0029410326274256137,0.6165162810573441
0.1521841049194336,0.0013707229540701115,0.002722311019897461,6.12935912987283e-05,1.0,0.05,4,300,0.9,"{'colsample_bytree': 1.0, 'learning_rate': 0.05, 'max_depth': 4, 'n_estimators': 300, 'subsample': 0.9}",-0.6833340019930313,-0.5901410358686702,-0.6383902274139505,-0.5990870057063846,-0.5895200527631208,-0.6200944647490314,0.03635186352232807,20,-0.3884716192923325,-0.38618098293268555,-0.3836106328697748,-0.3854866435975945,-0.38397979775279606,-0.3855459352890367,0.0017415286467894618,0.6200944647490314
0.13245754241943358,0.0018826450138979198,0.0027884483337402345,5.08462710695706e-05,1.0,0.05,4,300,1.0,"{'colsample_bytree': 1.0, 'learning_rate': 0.05, 'max_depth': 4, 'n_estimators': 300, 'subsample': 1.0}",-0.6905179548920134,-0.6046591475941208,-0.663792810091478,-0.5902156877752281,-0.6047048828629304,-0.630778096643154,0.039156462958476676,41,-0.4026124328775652,-0.399052585144081,-0.40139534193915105,-0.3990301152422246,-0.3978165936215569,-0.3999814137649158,0.001753601562058581,0.630778096643154
0.08353357315063477,0.0013483775200566987,0.0023413658142089843,0.00017193246999134559,1.0,0.05,5,100,0.8,"{'colsample_bytree': 1.0, 'learning_rate': 0.05, 'max_depth': 5, 'n_estimators': 100, 'subsample': 0.8}",-0.7478919655097208,-0.6659665609504388,-0.6684804336469086,-0.6795370046871446,-0.6485907383706513,-0.6820933406329729,0.034362195817573916,136,-0.4889668399360071,-0.4983312536712509,-0.49032145353224627,-0.48968495687700275,-0.4981591231627765,-0.4930927254358567,0.004229097531925313,0.6820933406329729
0.08465943336486817,0.0018463563667785456,0.002198028564453125,2.337348551103304e-05,1.0,0.05,5,100,0.9,"{'colsample_bytree': 1.0, 'learning_rate': 0.05, 'max_depth': 5, 'n_estimators': 100, 'subsample': 0.9}",-0.7520609635056001,-0.6720504122987602,-0.6777297398143532,-0.6734500736216131,-0.644557282481059,-0.6839696943442771,0.03600396612052754,138,-0.482138477708693,-0.4932688393778794,-0.49145438653373646,-0.48629657200699494,-0.48934545334478735,-0.4885007457944182,0.003937234515825958,0.6839696943442771
0.07995281219482422,0.002258276459000715,0.0022978782653808594,0.0001328303490495178,1.0,0.05,5,100,1.0,"{'colsample_bytree': 1.0, 'learning_rate': 0.05, 'max_depth': 5, 'n_estimators': 100, 'subsample': 1.0}",-0.7551367500805815,-0.6835344793933499,-0.6913612279716803,-0.6702414155034032,-0.6575451327164791,-0.6915638011330987,0.03381699221145114,146,-0.4861207954941175,-0.4894950483307231,-0.4858591419189348,-0.48417883327753747,-0.4917142206629664,-0.48747360793685585,0.002733538353224437,0.6915638011330987
0.15325140953063965,0.003790358630804685,0.0025693416595458985,3.990976041356189e-05,1.0,0.05,5,200,0.8,"{'colsample_bytree': 1.0, 'learning_rate': 0.05, 'max_depth': 5, 'n_estimators': 200, 'subsample': 0.8}",-0.6756214229973099,-0.59666294257068,-0.6085139169028317,-0.6070839537973817,-0.5940032164410128,-0.6163770905418432,0.030157323126667242,16,-0.3660221034538874,-0.3716784981147862,-0.36820506438391226,-0.36830342284018486,-0.368915489456333,-0.36862491564982075,0.001814555760885147,0.6163770905418432
0.15129642486572265,0.0031694043489005224,0.002705955505371094,0.00023626093156126025,1.0,0.05,5,200,0.9,"{'colsample_bytree': 1.0, 'learning_rate': 0.05, 'max_depth': 5, 'n_estimators': 200, 'subsample': 0.9}",-0.6812576265194211,-0.6060061979768909,-0.6137985407760536,-0.6090447855075892,-0.589000102056461,-0.6198214505672832,0.03183593063174397,19,-0.3654021238628578,-0.37639032446295106,-0.3686681954299538,-0.3675839606450828,-0.3710785033397773,-0.36982462154812457,0.0037575801452157127,0.6198214505672832
0.1384498119354248,0.0007195124892668912,0.0026267051696777345,6.31389658541036e-05,1.0,0.05,5,200,1.0,"{'colsample_bytree': 1.0, 'learning_rate': 0.05, 'max_depth': 5, 'n_estimators': 200, 'subsample': 1.0}",-0.6937507160203792,-0.6233704074070251,-0.6259397950843736,-0.6051460713046082,-0.5984357791875474,-0.6293285538007867,0.03387138663272418,38,-0.37814467144056607,-0.3834846392053183,-0.3695411679689286,-0.3697707652306543,-0.3775527256192314,-0.37569879389293975,0.005349703690728156,0.6293285538007867
0.2291642665863037,0.0026207908628492686,0.00309295654296875,0.00011731070198898581,1.0,0.05,5,300,0.8,"{'colsample_bytree': 1.0, 'learning_rate': 0.05, 'max_depth': 5, 'n_estimators': 300, 'subsample': 0.8}",-0.6567917383270984,-0.5831303450136898,-0.5922422423031415,-0.5926963151812593,-0.58013692725547,-0.6009995136161317,0.028330054498697153,4,-0.29458968126088997,-0.2953292296729699,-0.2968465378040052,-0.2912723144621145,-0.29174488013369243,-0.2939565286667344,0.0021323103997075384,0.6009995136161317
0.22755489349365235,0.0020962320123765654,0.003000211715698242,3.79316091905451e-05,1.0,0.05,5,300,0.9,"{'colsample_bytree': 1.0, 'learning_rate': 0.05, 'max_depth': 5, 'n_estimators': 300, 'subsample': 0.9}",-0.6631918350954115,-0.5915660499245776,-0.5961056706123739,-0.5974365983763674,-0.575536697730309,-0.6047673703478078,0.030235378031823062,10,-0.29578020480312894,-0.29992023508760607,-0.29730939309454074,-0.2950372160322354,-0.30064938208893716,-0.29773928622128965,0.0022158153048650064,0.6047673703478078
0.2038745403289795,0.0031319543376631177,0.0030535221099853515,5.1441779608908305e-05,1.0,0.05,5,300,1.0,"{'colsample_bytree': 1.0, 'learning_rate': 0.05, 'max_depth': 5, 'n_estimators': 300, 'subsample': 1.0}",-0.6793735672331099,-0.6127746761127238,-0.6075646583412575,-0.5950345565699706,-0.5827469349584996,-0.6154988786431124,0.033591151414405045,15,-0.3256203878679474,-0.31694046338754744,-0.3162726742656602,-0.31527706820279033,-0.3149453982659146,-0.317811198397972,0.003968458198975794,0.6154988786431124
0.040221881866455075,0.00013247917946366934,0.002065277099609375,8.887387610936416e-05,1.0,0.1,3,100,0.8,"{'colsample_bytree': 1.0, 'learning_rate': 0.1, 'max_depth': 3, 'n_estimators': 100, 'subsample': 0.8}",-0.7691704135065902,-0.6573908013111743,-0.7032944713985764,-0.65377785994356,-0.6738814203766913,-0.6915029933073183,0.042587825205406854,145,-0.5314678328551427,-0.5583477969952366,-0.5328201442088695,-0.5524320145833201,-0.5489259535878428,-0.5447987484460823,0.010771049723735824,0.6915029933073183
0.04019484519958496,0.00024884964063483505,0.002070760726928711,0.00012257484761279034,1.0,0.1,3,100,0.9,"{'colsample_bytree': 1.0, 'learning_rate': 0.1, 'max_depth': 3, 'n_estimators': 100, 'subsample': 0.9}",-0.77276290703649,-0.6397872267707737,-0.7144410383119635,-0.672496412159874,-0.6604854124003386,-0.691994599335888,0.047171983350647276,147,-0.5381229538930266,-0.5436675135160425,-0.5368189910001807,-0.5430100111111514,-0.5394651412429068,-0.5402169221526616,0.002690863817167544,0.691994599335888
0.032793426513671876,0.0003096261447133413,0.001976203918457031,4.765304532730432e-05,1.0,0.1,3,100,1.0,"{'colsample_bytree': 1.0, 'learning_rate': 0.1, 'max_depth': 3, 'n_estimators': 100, 'subsample': 1.0}",-0.7811271465192631,-0.6365683673813498,-0.7178452020078963,-0.666905835468751,-0.6537628095217363,-0.6912418721797993,0.05248469233690479,144,-0.5368671559416863,-0.544209062869453,-0.523675215377274,-0.5503197888730327,-0.5360858806392695,-0.5382314207401431,0.008946602985191024,0.6912418721797993
0.1287773609161377,0.11515035926517943,0.002284669876098633,0.0001848687638537743,1.0,0.1,3,200,0.8,"{'colsample_bytree': 1.0, 'learning_rate': 0.1, 'max_depth': 3, 'n_estimators': 200, 'subsample': 0.8}",-0.7227662561611017,-0.602635867649037,-0.6475461664280591,-0.6036736651710156,-0.6283790555709584,-0.6410002021960344,0.04416542335898287,59,-0.4453877303065141,-0.45827597771546186,-0.43625369094986827,-0.45618175836857744,-0.44467298539246247,-0.4481544285465768,0.008102918024785225,0.6410002021960344
0.06865911483764649,0.0020245420493779655,0.0021770954132080077,5.493085416919604e-05,1.0,0.1,3,200,0.9,"{'colsample_bytree': 1.0, 'learning_rate': 0.1, 'max_depth': 3, 'n_estimators': 200, 'subsample': 0.9}",-0.7196920730847352,-0.6002185909984028,-0.663380773282365,-0.61612960483229,-0.623843758130083,-0.6446529600655752,0.04290132236642407,65,-0.4494068685113822,-0.4473404096760653,-0.4463923922812492,-0.4498145213368441,-0.44392619317703313,-0.4473760769965148,0.002141995850717633,0.6446529600655752
0.05401453971862793,0.000858415790112485,0.0022061824798583984,6.971525589488852e-05,1.0,0.1,3,200,1.0,"{'colsample_bytree': 1.0, 'learning_rate': 0.1, 'max_depth': 3, 'n_estimators': 200, 'subsample': 1.0}",-0.7342100584252754,-0.5972984727510048,-0.6781901609251263,-0.6161440541755208,-0.6127829815932643,-0.6477251455740383,0.05132041855014472,69,-0.4470847738203828,-0.4559984328507916,-0.4436177085384856,-0.466224600103934,-0.44600899894423796,-0.45178690285156636,0.008347622578896222,0.6477251455740383
0.1003148078918457,0.0016367785866105802,0.0025071144104003907,0.0001078133559859782,1.0,0.1,3,300,0.8,"{'colsample_bytree': 1.0, 'learning_rate': 0.1, 'max_depth': 3, 'n_estimators': 300, 'subsample': 0.8}",-0.6955271928004254,-0.5927190547685818,-0.6290638179211303,-0.5844912674143973,-0.6161917258496938,-0.6235986117508456,0.03934814513928906,24,-0.3854798545241468,-0.39624123429857677,-0.37860953658167257,-0.3934264293352453,-0.3877489891430338,-0.38830120877653507,0.006188786429339184,0.6235986117508456
0.10318593978881836,0.0006382909391687356,0.002487659454345703,2.4782690977923653e-05,1.0,0.1,3,300,0.9,"{'colsample_bytree': 1.0, 'learning_rate': 0.1, 'max_depth': 3, 'n_estimators': 300, 'subsample': 0.9}",-0.6964101761875985,-0.582393800458334,-0.6383975658773565,-0.6022713297948914,-0.6129977596555892,-0.6264941263947539,0.039353984367853576,34,-0.39061248391458137,-0.3897323968482441,-0.38424414382292454,-0.38937376946221713,-0.3850023210990288,-0.3877930230293992,0.0026302794780585998,0.6264941263947539
0.08439502716064454,0.0017388074177446717,0.0025165557861328127,6.991600339835244e-05,1.0,0.1,3,300,1.0,"{'colsample_bytree': 1.0, 'learning_rate': 0.1, 'max_depth': 3, 'n_estimators': 300, 'subsample': 1.0}",-0.7215233964113791,-0.5799656936444404,-0.652272944773782,-0.6058624420557769,-0.5976010031726839,-0.6314450960116125,0.050986121952087404,43,-0.39689346416088805,-0.3948278334707972,-0.39243026421329236,-0.4052942590057934,-0.3915181435808612,-0.3961927928863264,0.004923407521408996,0.6314450960116125
0.054989862442016604,0.0004439555838610696,0.0021726608276367186,0.00017056908387100422,1.0,0.1,4,100,0.8,"{'colsample_bytree': 1.0, 'learning_rate': 0.1, 'max_depth': 4, 'n_estimators': 100, 'subsample': 0.8}",-0.6988181506239662,-0.6100833603572964,-0.6617702910561962,-0.6397793059337554,-0.6415589151139948,-0.6504020046170418,0.02929162393908943,75,-0.45723667943048124,-0.45716002008734624,-0.4477091858639208,-0.45465334475069563,-0.4501960728257563,-0.45339106059164,0.0038230576369646476,0.6504020046170418
0.05503149032592773,0.0007429901554795986,0.002093982696533203,6.19760646879869e-05,1.0,0.1,4,100,0.9,"{'colsample_bytree': 1.0, 'learning_rate': 0.1, 'max_depth': 4, 'n_estimators': 100, 'subsample': 0.9}",-0.6905013475725406,-0.62491726608289,-0.6436502567489069,-0.6115866570231134,-0.6164906981894485,-0.63742924512338,0.028698992215592828,50,-0.4491485790399869,-0.45509862254439815,-0.4432992706719407,-0.4514804871602096,-0.4498006784671539,-0.4497655275767379,0.0038360742367154026,0.63742924512338
0.0492149829864502,0.0003244129497052105,0.002093648910522461,5.295203108364996e-05,1.0,0.1,4,100,1.0,"{'colsample_bytree': 1.0, 'learning_rate': 0.1, 'max_depth': 4, 'n_estimators': 100, 'subsample': 1.0}",-0.7208845181774018,-0.6100596985977403,-0.6629323088852568,-0.6343792520179794,-0.6141407676292103,-0.6484793090615177,0.040756390948016065,71,-0.4579028265892954,-0.44934795678181444,-0.4391307394694891,-0.4499727175586426,-0.45154163746967213,-0.4495791755737827,0.006041731165319684,0.6484793090615177
0.10463891029357911,0.0009658957425885883,0.002419137954711914,2.1641053618780943e-05,1.0,0.1,4,200,0.8,"{'colsample_bytree': 1.0, 'learning_rate': 0.1, 'max_depth': 4, 'n_estimators': 200, 'subsample': 0.8}",-0.6630687559577966,-0.5817696064207729,-0.622168455647857,-0.6175983911658783,-0.6196781274663955,-0.6208566673317402,0.02578132993158125,22,-0.3454809723594576,-0.34347272729624323,-0.3383666135627541,-0.33891114087844576,-0.3368754409588733,-0.3406213790111548,0.0032798404882905556,0.6208566673317402
0.10376644134521484,0.0011967501170763555,0.002414512634277344,7.336700255008942e-05,1.0,0.1,4,200,0.9,"{'colsample_bytree': 1.0, 'learning_rate': 0.1, 'max_depth': 4, 'n_estimators': 200, 'subsample': 0.9}",-0.6495725510179297,-0.5916595528761748,-0.6092930029387581,-0.5809305616301244,-0.5872381121672956,-0.6037387561260565,0.024778936822296146,7,-0.3428924491655413,-0.34410268675568945,-0.34176612463234934,-0.3422063372250722,-0.338661489447125,-0.34192581744515543,0.0018129074603030846,0.6037387561260565
0.08977866172790527,0.0012630484752929477,0.0024436473846435546,3.848007915327023e-05,1.0,0.1,4,200,1.0,"{'colsample_bytree': 1.0, 'learning_rate': 0.1, 'max_depth': 4, 'n_estimators': 200, 'subsample': 1.0}",-0.6793045814118692,-0.5742978149569724,-0.6312818602168201,-0.6041682261904582,-0.5863501231019562,-0.6150805211756152,0.037403091802117566,14,-0.3679212469717225,-0.3439225605472357,-0.35670915041682716,-0.356259846205427,-0.34913873577936055,-0.35479030798411454,0.008103224793859474,0.6150805211756152
0.1578197479248047,0.0024283561993328857,0.002753448486328125,3.907836884168014e-05,1.0,0.1,4,300,0.8,"{'colsample_bytree': 1.0, 'learning_rate': 0.1, 'max_depth': 4, 'n_estimators': 300, 'subsample': 0.8}",-0.644876977355207,-0.5717103057048037,-0.6135729069246114,-0.6091737096734635,-0.6084035454280403,-0.6095474890172252,0.023227042405366816,12,-0.2714044812243597,-0.26959754866064545,-0.2664820613390423,-0.2660289977615732,-0.26535105453073915,-0.26777282870327196,0.0023276821020617603,0.6095474890172252
0.15625715255737305,0.0013995704851886934,0.002817201614379883,0.00014443950856573472,1.0,0.1,4,300,0.9,"{'colsample_bytree': 1.0, 'learning_rate': 0.1, 'max_depth': 4, 'n_estimators': 300, 'subsample': 0.9}",-0.6382935729980865,-0.5820556535543941,-0.5989536165279806,-0.578173059851197,-0.5771643774822806,-0.5949280560827879,0.023059705623553375,1,-0.27127490848554453,-0.2727365710888148,-0.2733325607604054,-0.2723442511669668,-0.2656659846123075,-0.27107085522280777,0.0027844468953798058,0.5949280560827879
0.1342160224914551,0.001841612674603497,0.002777862548828125,0.00011765993353991027,1.0,0.1,4,300,1.0,"{'colsample_bytree': 1.0, 'learning_rate': 0.1, 'max_depth': 4, 'n_estimators': 300, 'subsample': 1.0}",-0.6640826520336925,-0.5651279257057448,-0.6156745475902333,-0.5939873341130908,-0.5790006211436634,-0.603574616117285,0.034587789639997694,6,-0.30210381062125685,-0.27686119587891056,-0.28968691731165913,-0.2915301562354816,-0.28170394424060813,-0.2883772048575833,0.008685931440599922,0.603574616117285
0.07847270965576172,0.0010755750868316541,0.0022467613220214845,7.361485497821987e-05,1.0,0.1,5,100,0.8,"{'colsample_bytree': 1.0, 'learning_rate': 0.1, 'max_depth': 5, 'n_estimators': 100, 'subsample': 0.8}",-0.6601848415200795,-0.5904622145681753,-0.6368583907033425,-0.647298788079256,-0.5969061135408082,-0.6263420696823323,0.027745088849831945,33,-0.3817486577147789,-0.37409675764096667,-0.36747782262380757,-0.37187910214495123,-0.3775878160488629,-0.3745580312346734,0.004866281816049639,0.6263420696823323
0.07981581687927246,0.0008975975801219659,0.002304363250732422,0.0002062349319259558,1.0,0.1,5,100,0.9,"{'colsample_bytree': 1.0, 'learning_rate': 0.1, 'max_depth': 5, 'n_estimators': 100, 'subsample': 0.9}",-0.6938742837247178,-0.5995569295729014,-0.6272747249685257,-0.6227377299896089,-0.5872565653338654,-0.6261400467179239,0.03693068469020066,32,-0.37633491799221414,-0.37183836043967544,-0.3661522957709503,-0.3668608376408757,-0.37351826030258617,-0.37094093442926035,0.0039018275405596292,0.6261400467179239
0.07390522956848145,0.0014860671384690533,0.0022190093994140627,5.5489874257983414e-05,1.0,0.1,5,100,1.0,"{'colsample_bytree': 1.0, 'learning_rate': 0.1, 'max_depth': 5, 'n_estimators': 100, 'subsample': 1.0}",-0.6609651344254386,-0.6274493280269293,-0.6305059678353913,-0.6082799063292597,-0.597522350727095,-0.6249445374688227,0.021745680698883697,27,-0.3794721768567716,-0.3780674376673077,-0.3727555466770408,-0.3693987427547571,-0.37941204855839566,-0.3758211905028546,0.0040476066112985565,0.6249445374688227
0.16016011238098143,0.0015175769040272232,0.0026142120361328123,2.576306641169402e-05,1.0,0.1,5,200,0.8,"{'colsample_bytree': 1.0, 'learning_rate': 0.1, 'max_depth': 5, 'n_estimators': 200, 'subsample': 0.8}",-0.6293963852499684,-0.5742226146848037,-0.6116925980541823,-0.629868378661959,-0.5785856183672305,-0.6047531190036288,0.024095945683886743,9,-0.24556034765801749,-0.2426891349710034,-0.2440128028222572,-0.23999480610086818,-0.2452302839419783,-0.24349747509882494,0.0020221640000955376,0.6047531190036288
0.15870656967163085,0.002765595939422019,0.00267643928527832,0.0001381888070308868,1.0,0.1,5,200,0.9,"{'colsample_bytree': 1.0, 'learning_rate': 0.1, 'max_depth': 5, 'n_estimators': 200, 'subsample': 0.9}",-0.6709132607686685,-0.5796075442292715,-0.599633042574627,-0.6008252505638317,-0.567761651710845,-0.6037481499694488,0.035817388126151546,8,-0.250312503945988,-0.2441914784105224,-0.2504449467221854,-0.24181531466782044,-0.2444453546585107,-0.24624191968100542,0.0035003394062210523,0.6037481499694488
0.1399301052093506,0.0020188221860655184,0.0027595996856689454,0.00016485113657580883,1.0,0.1,5,200,1.0,"{'colsample_bytree': 1.0, 'learning_rate': 0.1, 'max_depth': 5, 'n_estimators': 200, 'subsample': 1.0}",-0.6356521379206989,-0.6102231907092575,-0.6097933314183809,-0.5980351806549348,-0.5780148019853717,-0.6063437285377289,0.018748295361785915,11,-0.271982572603058,-0.25673526883853853,-0.27103757482765045,-0.26700028130453396,-0.26497441614183354,-0.26634602274312286,0.0054489871505396924,0.6063437285377289
0.24344730377197266,0.001735471781518581,0.003034543991088867,6.732957558975444e-05,1.0,0.1,5,300,0.8,"{'colsample_bytree': 1.0, 'learning_rate': 0.1, 'max_depth': 5, 'n_estimators': 300, 'subsample': 0.8}",-0.6193141298668803,-0.5683137514134252,-0.6090039054010433,-0.6233921325129554,-0.5762057914197624,-0.5992459421228133,0.022665557498233534,3,-0.16909329068992676,-0.16557801427467694,-0.16767975979940597,-0.1661857184849968,-0.16474627673146774,-0.16665661199609488,0.0015504018221812576,0.5992459421228133
0.24114055633544923,0.002050339933009898,0.0030709266662597655,0.00010257936576826814,1.0,0.1,5,300,0.9,"{'colsample_bytree': 1.0, 'learning_rate': 0.1, 'max_depth': 5, 'n_estimators': 300, 'subsample': 0.9}",-0.6623675242070242,-0.5715851676831328,-0.5918530083969915,-0.5962970723114787,-0.5634206895906988,-0.5971046924378653,0.03485205255814518,2,-0.1696929488205227,-0.1691876525583657,-0.17531270162116488,-0.16587440107439141,-0.16909159471512503,-0.16983185975791396,0.0030555980841663025,0.5971046924378653
0.20606398582458496,0.0073943254710335735,0.002837848663330078,3.952327140571193e-05,1.0,0.1,5,300,1.0,"{'colsample_bytree': 1.0, 'learning_rate': 0.1, 'max_depth': 5, 'n_estimators': 300, 'subsample': 1.0}",-0.6270372858722464,-0.6076667453350699,-0.6034976233147117,-0.5954038242223907,-0.5727722111306892,-0.6012755379750215,0.017642956175674424,5,-0.19724354298800942,-0.19398944570267676,-0.20014262874809616,-0.19337778956705512,-0.1932570910361926,-0.195602099608406,0.002696590967139503,0.6012755379750215
