model,MAE,RMSE,R2
线性回归 + XGBoost残差,0.6113880425858449,0.8014412316326502,0.9291152055941831
HGBR,0.6346103249906996,0.8268281145097753,0.9245533099444943
随机森林,0.6361228060366764,0.8328231575998108,0.9234552681453895
线性回归,0.6263124132972575,0.8341713684181433,0.9232072395796195
XGBoost,0.6517542180880697,0.8414319676338776,0.9218646186859819
LightGBM,0.6561288905425571,0.8492842513057416,0.9203994878126097
规划距离比例 Baseline,1.4957769669808894,1.7993596047382945,0.642689603043386
