worst_rank,target_task_id,target_sn,neighbor_rank,neighbor_task_id,neighbor_sn,feature,target_value,neighbor_value,absolute_raw_difference,absolute_z_difference,target_actual_duration_min,neighbor_actual_duration_min,absolute_label_diff_min,feature_rms_z_distance
1,8101229803258113,TLE00900AR1450052,1,8098279219396865,TLE00860VR1450018,straight_line_distance_m,2844.679929217311,2713.2214865521023,131.45844266520862,0.3492650535946275,30.88328333333335,20.883833333333357,9.999449999999992,0.4237553589294934
1,8101229803258113,TLE00900AR1450052,1,8098279219396865,TLE00860VR1450018,planned_total_distance_m,4274.707549237683,4652.275236169459,377.5676869317758,0.7608149612288424,30.88328333333335,20.883833333333357,9.999449999999992,0.4237553589294934
1,8101229803258113,TLE00900AR1450052,1,8098279219396865,TLE00860VR1450018,endpoint_altitude_change_m,189.35169999999994,186.3823,2.9693999999999505,0.12743331241838374,30.88328333333335,20.883833333333357,9.999449999999992,0.4237553589294934
1,8101229803258113,TLE00900AR1450052,1,8098279219396865,TLE00860VR1450018,planned_slope_mean,0.045546437686236424,0.04107799451963542,0.004468443166601006,0.9381323372512747,30.88328333333335,20.883833333333357,9.999449999999992,0.4237553589294934
1,8101229803258113,TLE00900AR1450052,1,8098279219396865,TLE00860VR1450018,planned_slope_std,0.032431652941017595,0.03393658790467925,0.0015049349636616569,0.2745910444277277,30.88328333333335,20.883833333333357,9.999449999999992,0.4237553589294934
1,8101229803258113,TLE00900AR1450052,1,8098279219396865,TLE00860VR1450018,planned_cumulative_ascent_m,176.8589999999997,179.97500000000002,3.1160000000003265,0.16703335011051057,30.88328333333335,20.883833333333357,9.999449999999992,0.4237553589294934
1,8101229803258113,TLE00900AR1450052,1,8098279219396865,TLE00860VR1450018,planned_cumulative_descent_m,0.37799999999992906,0.8440000000001646,0.46600000000023556,0.12328548437401815,30.88328333333335,20.883833333333357,9.999449999999992,0.4237553589294934
1,8101229803258113,TLE00900AR1450052,1,8098279219396865,TLE00860VR1450018,vehicle_prev1_duration_sec,949.0239999999984,976.6259999999999,27.602000000001453,0.16663081501142296,30.88328333333335,20.883833333333357,9.999449999999992,0.4237553589294934
1,8101229803258113,TLE00900AR1450052,1,8098279219396865,TLE00860VR1450018,similar_task_actual_distance_km,4.375,4.75,0.375,0.5650610932105109,30.88328333333335,20.883833333333357,9.999449999999992,0.4237553589294934
1,8101229803258113,TLE00900AR1450052,1,8098279219396865,TLE00860VR1450018,similar_task_duration_min,21.59970000000003,21.13338333333333,0.4663166666666996,0.16945948089355078,30.88328333333335,20.883833333333357,9.999449999999992,0.4237553589294934
1,8101229803258113,TLE00900AR1450052,1,8098279219396865,TLE00860VR1450018,similar_task_energy_soc_delta_pct,18.4,18.799999999999997,0.3999999999999986,0.164749179630161,30.88328333333335,20.883833333333357,9.999449999999992,0.4237553589294934
1,8101229803258113,TLE00900AR1450052,1,8098279219396865,TLE00860VR1450018,similar_top3_duration_mean_sec,1292.6743333333322,1276.449,16.225333333332173,0.10024089879675735,30.88328333333335,20.883833333333357,9.999449999999992,0.4237553589294934
1,8101229803258113,TLE00900AR1450052,1,8098279219396865,TLE00860VR1450018,similar_top3_od_distance_mean_m,52.64816036546268,40.65175355476574,11.99640681069694,0.19255898025428492,30.88328333333335,20.883833333333357,9.999449999999992,0.4237553589294934
1,8101229803258113,TLE00900AR1450052,1,8098279219396865,TLE00860VR1450018,fleet_prev60m_speed_mean,3.0210305440710457,3.1843119427460804,0.16328139867503477,0.726516677468386,30.88328333333335,20.883833333333357,9.999449999999992,0.4237553589294934
1,8101229803258113,TLE00900AR1450052,1,8098279219396865,TLE00860VR1450018,fleet_prev60m_speed_min,0.0,0.0,0.0,0.0,30.88328333333335,20.883833333333357,9.999449999999992,0.4237553589294934
1,8101229803258113,TLE00900AR1450052,2,8091322018169089,TLE00900AR1450052,straight_line_distance_m,2844.679929217311,2317.3080217770707,527.3719074402402,1.4011468094560369,30.88328333333335,21.900600000000015,8.982683333333334,0.5364318196027483
1,8101229803258113,TLE00900AR1450052,2,8091322018169089,TLE00900AR1450052,planned_total_distance_m,4274.707549237683,4304.747491903709,30.039942666025127,0.06053176319322662,30.88328333333335,21.900600000000015,8.982683333333334,0.5364318196027483
1,8101229803258113,TLE00900AR1450052,2,8091322018169089,TLE00900AR1450052,endpoint_altitude_change_m,189.35169999999994,180.3757999999999,8.975900000000024,0.38520531721431706,30.88328333333335,21.900600000000015,8.982683333333334,0.5364318196027483
1,8101229803258113,TLE00900AR1450052,2,8091322018169089,TLE00900AR1450052,planned_slope_mean,0.045546437686236424,0.040707673267326716,0.004838764418909708,1.0158798499776018,30.88328333333335,21.900600000000015,8.982683333333334,0.5364318196027483
1,8101229803258113,TLE00900AR1450052,2,8091322018169089,TLE00900AR1450052,planned_slope_std,0.032431652941017595,0.03382879292444431,0.0013971399834267137,0.2549227285725623,30.88328333333335,21.900600000000015,8.982683333333334,0.5364318196027483
1,8101229803258113,TLE00900AR1450052,2,8091322018169089,TLE00900AR1450052,planned_cumulative_ascent_m,176.8589999999997,164.94999999999993,11.908999999999764,0.6383825951430759,30.88328333333335,21.900600000000015,8.982683333333334,0.5364318196027483
1,8101229803258113,TLE00900AR1450052,2,8091322018169089,TLE00900AR1450052,planned_cumulative_descent_m,0.37799999999992906,0.7230000000001837,0.34500000000025466,0.09127358821683729,30.88328333333335,21.900600000000015,8.982683333333334,0.5364318196027483
1,8101229803258113,TLE00900AR1450052,2,8091322018169089,TLE00900AR1450052,vehicle_prev1_duration_sec,949.0239999999984,889.1540000000003,59.86999999999807,0.36142985634131763,30.88328333333335,21.900600000000015,8.982683333333334,0.5364318196027483
1,8101229803258113,TLE00900AR1450052,2,8091322018169089,TLE00900AR1450052,similar_task_actual_distance_km,4.375,4.625,0.25,0.37670739547367393,30.88328333333335,21.900600000000015,8.982683333333334,0.5364318196027483
1,8101229803258113,TLE00900AR1450052,2,8091322018169089,TLE00900AR1450052,similar_task_duration_min,21.59970000000003,22.18343333333331,0.5837333333332779,0.2121286986244948,30.88328333333335,21.900600000000015,8.982683333333334,0.5364318196027483
1,8101229803258113,TLE00900AR1450052,2,8091322018169089,TLE00900AR1450052,similar_task_energy_soc_delta_pct,18.4,18.39999999999999,7.105427357601002e-15,2.886579864025407e-15,30.88328333333335,21.900600000000015,8.982683333333334,0.5364318196027483
1,8101229803258113,TLE00900AR1450052,2,8091322018169089,TLE00900AR1450052,similar_top3_duration_mean_sec,1292.6743333333322,1339.0139999999994,46.3396666666672,0.2862887153798088,30.88328333333335,21.900600000000015,8.982683333333334,0.5364318196027483
1,8101229803258113,TLE00900AR1450052,2,8091322018169089,TLE00900AR1450052,similar_top3_od_distance_mean_m,52.64816036546268,39.04164206741657,13.606518298046112,0.21840350445158113,30.88328333333335,21.900600000000015,8.982683333333334,0.5364318196027483
1,8101229803258113,TLE00900AR1450052,2,8091322018169089,TLE00900AR1450052,fleet_prev60m_speed_mean,3.0210305440710457,3.131377242210073,0.11034669813902731,0.4909849937109254,30.88328333333335,21.900600000000015,8.982683333333334,0.5364318196027483
1,8101229803258113,TLE00900AR1450052,2,8091322018169089,TLE00900AR1450052,fleet_prev60m_speed_min,0.0,0.0,0.0,0.0,30.88328333333335,21.900600000000015,8.982683333333334,0.5364318196027483
1,8101229803258113,TLE00900AR1450052,3,8097319905050881,TLE00900CR1450050,straight_line_distance_m,2844.679929217311,2790.1785756757004,54.50135354161057,0.1448017927168721,30.88328333333335,23.533266666666705,7.350016666666644,0.5589871356981182
1,8101229803258113,TLE00900AR1450052,3,8097319905050881,TLE00900CR1450050,planned_total_distance_m,4274.707549237683,4267.15727562225,7.5502736154330705,0.015214122730345836,30.88328333333335,23.533266666666705,7.350016666666644,0.5589871356981182
1,8101229803258113,TLE00900AR1450052,3,8097319905050881,TLE00900CR1450050,endpoint_altitude_change_m,189.35169999999994,183.69259999999997,5.659099999999967,0.24286315697005567,30.88328333333335,23.533266666666705,7.350016666666644,0.5589871356981182
1,8101229803258113,TLE00900AR1450052,3,8097319905050881,TLE00900CR1450050,planned_slope_mean,0.045546437686236424,0.04471681941823939,0.0008296182679970315,0.17417514238508924,30.88328333333335,23.533266666666705,7.350016666666644,0.5589871356981182
1,8101229803258113,TLE00900AR1450052,3,8097319905050881,TLE00900CR1450050,planned_slope_std,0.032431652941017595,0.032442786419969415,1.1133478951819153e-05,0.0020314190894042405,30.88328333333335,23.533266666666705,7.350016666666644,0.5589871356981182
1,8101229803258113,TLE00900AR1450052,3,8097319905050881,TLE00900CR1450050,planned_cumulative_ascent_m,176.8589999999997,176.7890000000001,0.06999999999959527,0.00375235382145922,30.88328333333335,23.533266666666705,7.350016666666644,0.5589871356981182
1,8101229803258113,TLE00900AR1450052,3,8097319905050881,TLE00900CR1450050,planned_cumulative_descent_m,0.37799999999992906,0.8429999999998472,0.46499999999991815,0.1230209232486682,30.88328333333335,23.533266666666705,7.350016666666644,0.5589871356981182
1,8101229803258113,TLE00900AR1450052,3,8097319905050881,TLE00900CR1450050,vehicle_prev1_duration_sec,949.0239999999984,1258.9859999999994,309.962000000001,1.8712129803118664,30.88328333333335,23.533266666666705,7.350016666666644,0.5589871356981182
1,8101229803258113,TLE00900AR1450052,3,8097319905050881,TLE00900CR1450050,similar_task_actual_distance_km,4.375,4.375,0.0,0.0,30.88328333333335,23.533266666666705,7.350016666666644,0.5589871356981182
1,8101229803258113,TLE00900AR1450052,3,8097319905050881,TLE00900CR1450050,similar_task_duration_min,21.59970000000003,21.184049999999992,0.4156500000000385,0.1510472137676242,30.88328333333335,23.533266666666705,7.350016666666644,0.5589871356981182
1,8101229803258113,TLE00900AR1450052,3,8097319905050881,TLE00900CR1450050,similar_task_energy_soc_delta_pct,18.4,18.400000000000006,7.105427357601002e-15,2.886579864025407e-15,30.88328333333335,23.533266666666705,7.350016666666644,0.5589871356981182
1,8101229803258113,TLE00900AR1450052,3,8097319905050881,TLE00900CR1450050,similar_top3_duration_mean_sec,1292.6743333333322,1260.0166666666664,32.65766666666582,0.201760653665362,30.88328333333335,23.533266666666705,7.350016666666644,0.5589871356981182
1,8101229803258113,TLE00900AR1450052,3,8097319905050881,TLE00900CR1450050,similar_top3_od_distance_mean_m,52.64816036546268,105.05588663487913,52.40772626941645,0.8412167482421559,30.88328333333335,23.533266666666705,7.350016666666644,0.5589871356981182
1,8101229803258113,TLE00900AR1450052,3,8097319905050881,TLE00900CR1450050,fleet_prev60m_speed_mean,3.0210305440710457,2.9002683030908556,0.12076224098019006,0.5373287024272577,30.88328333333335,23.533266666666705,7.350016666666644,0.5589871356981182
1,8101229803258113,TLE00900AR1450052,3,8097319905050881,TLE00900CR1450050,fleet_prev60m_speed_min,0.0,0.0,0.0,0.0,30.88328333333335,23.533266666666705,7.350016666666644,0.5589871356981182
1,8101229803258113,TLE00900AR1450052,4,8097132071682305,TLE00900JR1450046,straight_line_distance_m,2844.679929217311,2793.600543373842,51.079385843469026,0.13571014590241615,30.88328333333335,20.600049999999975,10.283233333333374,0.5735428798762491
1,8101229803258113,TLE00900AR1450052,4,8097132071682305,TLE00900JR1450046,planned_total_distance_m,4274.707549237683,4192.111499233494,82.59605000418924,0.1664345566545995,30.88328333333335,20.600049999999975,10.283233333333374,0.5735428798762491
1,8101229803258113,TLE00900AR1450052,4,8097132071682305,TLE00900JR1450046,endpoint_altitude_change_m,189.35169999999994,183.1648,6.186899999999923,0.26551396261914917,30.88328333333335,20.600049999999975,10.283233333333374,0.5735428798762491
1,8101229803258113,TLE00900AR1450052,4,8097132071682305,TLE00900JR1450046,planned_slope_mean,0.045546437686236424,0.045731567993285024,0.00018513030704860045,0.03886739098433245,30.88328333333335,20.600049999999975,10.283233333333374,0.5735428798762491
1,8101229803258113,TLE00900AR1450052,4,8097132071682305,TLE00900JR1450046,planned_slope_std,0.032431652941017595,0.03217403779926766,0.00025761514174993394,0.047004563347639194,30.88328333333335,20.600049999999975,10.283233333333374,0.5735428798762491
1,8101229803258113,TLE00900AR1450052,4,8097132071682305,TLE00900JR1450046,planned_cumulative_ascent_m,176.8589999999997,177.0279999999999,0.1690000000002101,0.009059254226158053,30.88328333333335,20.600049999999975,10.283233333333374,0.5735428798762491
1,8101229803258113,TLE00900AR1450052,4,8097132071682305,TLE00900JR1450046,planned_cumulative_descent_m,0.37799999999992906,0.5069999999999482,0.1290000000000191,0.034128385159318986,30.88328333333335,20.600049999999975,10.283233333333374,0.5735428798762491
1,8101229803258113,TLE00900AR1450052,4,8097132071682305,TLE00900JR1450046,vehicle_prev1_duration_sec,949.0239999999984,982.9899999999991,33.96600000000069,0.2050497160596264,30.88328333333335,20.600049999999975,10.283233333333374,0.5735428798762491
1,8101229803258113,TLE00900AR1450052,4,8097132071682305,TLE00900JR1450046,similar_task_actual_distance_km,4.375,4.625,0.25,0.37670739547367393,30.88328333333335,20.600049999999975,10.283233333333374,0.5735428798762491
1,8101229803258113,TLE00900AR1450052,4,8097132071682305,TLE00900JR1450046,similar_task_duration_min,21.59970000000003,21.2838833333333,0.3158166666667306,0.11476777952937267,30.88328333333335,20.600049999999975,10.283233333333374,0.5735428798762491
1,8101229803258113,TLE00900AR1450052,4,8097132071682305,TLE00900JR1450046,similar_task_energy_soc_delta_pct,18.4,19.599999999999994,1.1999999999999957,0.494247538890483,30.88328333333335,20.600049999999975,10.283233333333374,0.5735428798762491
1,8101229803258113,TLE00900AR1450052,4,8097132071682305,TLE00900JR1450046,similar_top3_duration_mean_sec,1292.6743333333322,1261.999999999999,30.674333333333152,0.18950752383052438,30.88328333333335,20.600049999999975,10.283233333333374,0.5735428798762491
1,8101229803258113,TLE00900AR1450052,4,8097132071682305,TLE00900JR1450046,similar_top3_od_distance_mean_m,52.64816036546268,69.15585904561878,16.507698680156103,0.26497147640587515,30.88328333333335,20.600049999999975,10.283233333333374,0.5735428798762491
1,8101229803258113,TLE00900AR1450052,4,8097132071682305,TLE00900JR1450046,fleet_prev60m_speed_mean,3.0210305440710457,3.189534370950715,0.16850382687966947,0.7497537468365851,30.88328333333335,20.600049999999975,10.283233333333374,0.5735428798762491
1,8101229803258113,TLE00900AR1450052,4,8097132071682305,TLE00900JR1450046,fleet_prev60m_speed_min,0.0,0.001,0.001,1.9243257130140168,30.88328333333335,20.600049999999975,10.283233333333374,0.5735428798762491
1,8101229803258113,TLE00900AR1450052,5,8069143529931009,TLE00900VR1450048,straight_line_distance_m,2844.679929217311,2304.322563205683,540.3573660116281,1.435647194459357,30.88328333333335,20.816449999999943,10.066833333333406,0.5760513814759619
1,8101229803258113,TLE00900AR1450052,5,8069143529931009,TLE00900VR1450048,planned_total_distance_m,4274.707549237683,3978.826785365346,295.8807638723374,0.5962123340670535,30.88328333333335,20.816449999999943,10.066833333333406,0.5760513814759619
1,8101229803258113,TLE00900AR1450052,5,8069143529931009,TLE00900VR1450048,endpoint_altitude_change_m,189.35169999999994,174.08770000000004,15.263999999999896,0.6550623293440523,30.88328333333335,20.816449999999943,10.066833333333406,0.5760513814759619
1,8101229803258113,TLE00900AR1450052,5,8069143529931009,TLE00900VR1450048,planned_slope_mean,0.045546437686236424,0.04212208121827411,0.003424356467962311,0.7189303784554213,30.88328333333335,20.816449999999943,10.066833333333406,0.5760513814759619
1,8101229803258113,TLE00900AR1450052,5,8069143529931009,TLE00900VR1450048,planned_slope_std,0.032431652941017595,0.03314596517441688,0.0007143122333992877,0.13033370009516954,30.88328333333335,20.816449999999943,10.066833333333406,0.5760513814759619
1,8101229803258113,TLE00900AR1450052,5,8069143529931009,TLE00900VR1450048,planned_cumulative_ascent_m,176.8589999999997,166.32199999999978,10.53699999999992,0.5648364602420586,30.88328333333335,20.816449999999943,10.066833333333406,0.5760513814759619
1,8101229803258113,TLE00900AR1450052,5,8069143529931009,TLE00900VR1450048,planned_cumulative_descent_m,0.37799999999992906,0.6649999999999636,0.28700000000003456,0.07592904295135106,30.88328333333335,20.816449999999943,10.066833333333406,0.5760513814759619
1,8101229803258113,TLE00900AR1450052,5,8069143529931009,TLE00900VR1450048,vehicle_prev1_duration_sec,949.0239999999984,827.0299999999999,121.99399999999855,0.7364669098797993,30.88328333333335,20.816449999999943,10.066833333333406,0.5760513814759619
1,8101229803258113,TLE00900AR1450052,5,8069143529931009,TLE00900VR1450048,similar_task_actual_distance_km,4.375,4.375,0.0,0.0,30.88328333333335,20.816449999999943,10.066833333333406,0.5760513814759619
1,8101229803258113,TLE00900AR1450052,5,8069143529931009,TLE00900VR1450048,similar_task_duration_min,21.59970000000003,20.132416666666668,1.4672833333333628,0.5332107766333597,30.88328333333335,20.816449999999943,10.066833333333406,0.5760513814759619
1,8101229803258113,TLE00900AR1450052,5,8069143529931009,TLE00900VR1450048,similar_task_energy_soc_delta_pct,18.4,17.599999999999994,0.8000000000000043,0.3294983592603249,30.88328333333335,20.816449999999943,10.066833333333406,0.5760513814759619
1,8101229803258113,TLE00900AR1450052,5,8069143529931009,TLE00900VR1450048,similar_top3_duration_mean_sec,1292.6743333333322,1239.9903333333334,52.68399999999883,0.3254843154044268,30.88328333333335,20.816449999999943,10.066833333333406,0.5760513814759619
1,8101229803258113,TLE00900AR1450052,5,8069143529931009,TLE00900VR1450048,similar_top3_od_distance_mean_m,52.64816036546268,39.607080388028514,13.041079977434165,0.20932743458067232,30.88328333333335,20.816449999999943,10.066833333333406,0.5760513814759619
1,8101229803258113,TLE00900AR1450052,5,8069143529931009,TLE00900VR1450048,fleet_prev60m_speed_mean,3.0210305440710457,3.1185275436211226,0.09749699955007696,0.43381056722347155,30.88328333333335,20.816449999999943,10.066833333333406,0.5760513814759619
1,8101229803258113,TLE00900AR1450052,5,8069143529931009,TLE00900VR1450048,fleet_prev60m_speed_min,0.0,0.0,0.0,0.0,30.88328333333335,20.816449999999943,10.066833333333406,0.5760513814759619
2,8101232387588353,TLE00860VR1450018,1,8093299765756161,TLE00900AR1450052,straight_line_distance_m,2795.1541376551895,2763.020865893662,32.13327176152734,0.08537320735300952,23.78346666666666,17.79891666666667,5.984549999999988,0.380882836266855
2,8101232387588353,TLE00860VR1450018,1,8093299765756161,TLE00900AR1450052,planned_total_distance_m,3499.8998208308667,3546.382210478076,46.4823896472094,0.09366399377194512,23.78346666666666,17.79891666666667,5.984549999999988,0.380882836266855
2,8101232387588353,TLE00860VR1450018,1,8093299765756161,TLE00900AR1450052,endpoint_altitude_change_m,131.9828,128.11119999999994,3.8716000000000577,0.16615168463630026,23.78346666666666,17.79891666666667,5.984549999999988,0.380882836266855
2,8101232387588353,TLE00860VR1450018,1,8093299765756161,TLE00900AR1450052,planned_slope_mean,0.04002835365853659,0.03837923976608185,0.0016491138924547358,0.34622507496250093,23.78346666666666,17.79891666666667,5.984549999999988,0.380882836266855
2,8101232387588353,TLE00860VR1450018,1,8093299765756161,TLE00900AR1450052,planned_slope_std,0.033490758249750285,0.03340761099691891,8.314725283137259e-05,0.015171081506879014,23.78346666666666,17.79891666666667,5.984549999999988,0.380882836266855
2,8101232387588353,TLE00860VR1450018,1,8093299765756161,TLE00900AR1450052,planned_cumulative_ascent_m,132.02200000000005,132.35000000000025,0.3280000000002019,0.017582457906378468,23.78346666666666,17.79891666666667,5.984549999999988,0.380882836266855
2,8101232387588353,TLE00860VR1450018,1,8093299765756161,TLE00900AR1450052,planned_cumulative_descent_m,0.80600000000004,1.113999999999919,0.30799999999987904,0.08148482658189593,23.78346666666666,17.79891666666667,5.984549999999988,0.380882836266855
2,8101232387588353,TLE00860VR1450018,1,8093299765756161,TLE00900AR1450052,vehicle_prev1_duration_sec,1038.992000000001,957.0850000000003,81.90700000000083,0.4944652621237607,23.78346666666666,17.79891666666667,5.984549999999988,0.380882836266855
2,8101232387588353,TLE00860VR1450018,1,8093299765756161,TLE00900AR1450052,similar_task_actual_distance_km,3.375,3.375,0.0,0.0,23.78346666666666,17.79891666666667,5.984549999999988,0.380882836266855
2,8101232387588353,TLE00860VR1450018,1,8093299765756161,TLE00900AR1450052,similar_task_duration_min,15.49373333333334,17.498750000000015,2.005016666666675,0.7286230748409055,23.78346666666666,17.79891666666667,5.984549999999988,0.380882836266855
2,8101232387588353,TLE00860VR1450018,1,8093299765756161,TLE00900AR1450052,similar_task_energy_soc_delta_pct,14.0,14.400000000000006,0.4000000000000057,0.16474917963016394,23.78346666666666,17.79891666666667,5.984549999999988,0.380882836266855
2,8101232387588353,TLE00860VR1450018,1,8093299765756161,TLE00900AR1450052,similar_top3_duration_mean_sec,931.0729999999998,947.0303333333331,15.957333333333395,0.09858518175689734,23.78346666666666,17.79891666666667,5.984549999999988,0.380882836266855
2,8101232387588353,TLE00860VR1450018,1,8093299765756161,TLE00900AR1450052,similar_top3_od_distance_mean_m,43.38341148091976,80.24350789024267,36.86009640932291,0.5916557089682006,23.78346666666666,17.79891666666667,5.984549999999988,0.380882836266855
2,8101232387588353,TLE00860VR1450018,1,8093299765756161,TLE00900AR1450052,fleet_prev60m_speed_mean,2.959483138337175,3.165839703363016,0.20635656502584077,0.9181785997236516,23.78346666666666,17.79891666666667,5.984549999999988,0.380882836266855
2,8101232387588353,TLE00860VR1450018,1,8093299765756161,TLE00900AR1450052,fleet_prev60m_speed_min,0.001,0.001,0.0,0.0,23.78346666666666,17.79891666666667,5.984549999999988,0.380882836266855
2,8101232387588353,TLE00860VR1450018,2,8095620961288449,TLE00900CR1450050,straight_line_distance_m,2795.1541376551895,2844.784861486362,49.63072383117242,0.13186127164902306,23.78346666666666,15.24919999999998,8.534266666666678,0.4008255084368199
2,8101232387588353,TLE00860VR1450018,2,8095620961288449,TLE00900CR1450050,planned_total_distance_m,3499.8998208308667,3364.008157591527,135.89166323933978,0.2738274859772173,23.78346666666666,15.24919999999998,8.534266666666678,0.4008255084368199
2,8101232387588353,TLE00860VR1450018,2,8095620961288449,TLE00900CR1450050,endpoint_altitude_change_m,131.9828,116.66989999999998,15.312900000000013,0.657160897734055,23.78346666666666,15.24919999999998,8.534266666666678,0.4008255084368199
2,8101232387588353,TLE00860VR1450018,2,8095620961288449,TLE00900CR1450050,planned_slope_mean,0.04002835365853659,0.03735314465408806,0.0026752090044485297,0.5616497698208387,23.78346666666666,15.24919999999998,8.534266666666678,0.4008255084368199
2,8101232387588353,TLE00860VR1450018,2,8095620961288449,TLE00900CR1450050,planned_slope_std,0.033490758249750285,0.033772777864758866,0.0002820196150085802,0.05145741344588889,23.78346666666666,15.24919999999998,8.534266666666678,0.4008255084368199
2,8101232387588353,TLE00860VR1450018,2,8095620961288449,TLE00900CR1450050,planned_cumulative_ascent_m,132.02200000000005,119.98700000000031,12.03499999999974,0.6451368320217403,23.78346666666666,15.24919999999998,8.534266666666678,0.4008255084368199
2,8101232387588353,TLE00860VR1450018,2,8095620961288449,TLE00900CR1450050,planned_cumulative_descent_m,0.80600000000004,1.3269999999999982,0.5209999999999582,0.1378363462635748,23.78346666666666,15.24919999999998,8.534266666666678,0.4008255084368199
2,8101232387588353,TLE00860VR1450018,2,8095620961288449,TLE00900CR1450050,vehicle_prev1_duration_sec,1038.992000000001,1007.8060000000004,31.186000000000718,0.18826710372241445,23.78346666666666,15.24919999999998,8.534266666666678,0.4008255084368199
2,8101232387588353,TLE00860VR1450018,2,8095620961288449,TLE00900CR1450050,similar_task_actual_distance_km,3.375,3.125,0.25,0.37670739547367393,23.78346666666666,15.24919999999998,8.534266666666678,0.4008255084368199
2,8101232387588353,TLE00860VR1450018,2,8095620961288449,TLE00900CR1450050,similar_task_duration_min,15.49373333333334,15.482349999999977,0.011383333333363055,0.004136703436526945,23.78346666666666,15.24919999999998,8.534266666666678,0.4008255084368199
2,8101232387588353,TLE00860VR1450018,2,8095620961288449,TLE00900CR1450050,similar_task_energy_soc_delta_pct,14.0,12.0,2.0,0.823745898150808,23.78346666666666,15.24919999999998,8.534266666666678,0.4008255084368199
2,8101232387588353,TLE00860VR1450018,2,8095620961288449,TLE00900CR1450050,similar_top3_duration_mean_sec,931.0729999999998,932.9539999999998,1.8810000000000855,0.011620909522355394,23.78346666666666,15.24919999999998,8.534266666666678,0.4008255084368199
2,8101232387588353,TLE00860VR1450018,2,8095620961288449,TLE00900CR1450050,similar_top3_od_distance_mean_m,43.38341148091976,62.92657153248007,19.543160051560307,0.31369484461957026,23.78346666666666,15.24919999999998,8.534266666666678,0.4008255084368199
2,8101232387588353,TLE00860VR1450018,2,8095620961288449,TLE00900CR1450050,fleet_prev60m_speed_mean,2.959483138337175,3.054282454280606,0.09479931594343105,0.42180728854834215,23.78346666666666,15.24919999999998,8.534266666666678,0.4008255084368199
2,8101232387588353,TLE00860VR1450018,2,8095620961288449,TLE00900CR1450050,fleet_prev60m_speed_min,0.001,0.001,0.0,0.0,23.78346666666666,15.24919999999998,8.534266666666678,0.4008255084368199
2,8101232387588353,TLE00860VR1450018,3,8095522099249409,TLE00860CR1450020,straight_line_distance_m,2795.1541376551895,2824.7270901077795,29.572952452590016,0.07857082903081447,23.78346666666666,16.500183333333318,7.28328333333334,0.4120217436762461
2,8101232387588353,TLE00860VR1450018,3,8095522099249409,TLE00860CR1450020,planned_total_distance_m,3499.8998208308667,3392.0927139085716,107.80710692229513,0.21723590951282967,23.78346666666666,16.500183333333318,7.28328333333334,0.4120217436762461
2,8101232387588353,TLE00860VR1450018,3,8095522099249409,TLE00860CR1450020,endpoint_altitude_change_m,131.9828,115.93420000000003,16.048599999999965,0.6887338377038131,23.78346666666666,16.500183333333318,7.28328333333334,0.4120217436762461
2,8101232387588353,TLE00860VR1450018,3,8095522099249409,TLE00860CR1450020,planned_slope_mean,0.04002835365853659,0.03720907243324857,0.0028192812252880173,0.5918971746170691,23.78346666666666,16.500183333333318,7.28328333333334,0.4120217436762461
2,8101232387588353,TLE00860VR1450018,3,8095522099249409,TLE00860CR1450020,planned_slope_std,0.033490758249750285,0.03339532105395571,9.543719579457877e-05,0.01741350948929027,23.78346666666666,16.500183333333318,7.28328333333334,0.4120217436762461
2,8101232387588353,TLE00860VR1450018,3,8095522099249409,TLE00860CR1450020,planned_cumulative_ascent_m,132.02200000000005,119.85599999999977,12.166000000000281,0.6521590941733979,23.78346666666666,16.500183333333318,7.28328333333334,0.4120217436762461
2,8101232387588353,TLE00860VR1450018,3,8095522099249409,TLE00860CR1450020,planned_cumulative_descent_m,0.80600000000004,1.06799999999987,0.2619999999998299,0.06931501481964691,23.78346666666666,16.500183333333318,7.28328333333334,0.4120217436762461
2,8101232387588353,TLE00860VR1450018,3,8095522099249409,TLE00860CR1450020,vehicle_prev1_duration_sec,1038.992000000001,1016.5039999999997,22.48800000000142,0.1357580526040475,23.78346666666666,16.500183333333318,7.28328333333334,0.4120217436762461
2,8101232387588353,TLE00860VR1450018,3,8095522099249409,TLE00860CR1450020,similar_task_actual_distance_km,3.375,3.25,0.125,0.18835369773683697,23.78346666666666,16.500183333333318,7.28328333333334,0.4120217436762461
2,8101232387588353,TLE00860VR1450018,3,8095522099249409,TLE00860CR1450020,similar_task_duration_min,15.49373333333334,15.466016666666679,0.027716666666661283,0.010072236917899047,23.78346666666666,16.500183333333318,7.28328333333334,0.4120217436762461
2,8101232387588353,TLE00860VR1450018,3,8095522099249409,TLE00860CR1450020,similar_task_energy_soc_delta_pct,14.0,12.799999999999997,1.2000000000000028,0.494247538890486,23.78346666666666,16.500183333333318,7.28328333333334,0.4120217436762461
2,8101232387588353,TLE00860VR1450018,3,8095522099249409,TLE00860CR1450020,similar_top3_duration_mean_sec,931.0729999999998,964.559666666667,33.48666666666725,0.20688225600137944,23.78346666666666,16.500183333333318,7.28328333333334,0.4120217436762461
2,8101232387588353,TLE00860VR1450018,3,8095522099249409,TLE00860CR1450020,similar_top3_od_distance_mean_m,43.38341148091976,97.97412974271657,54.59071826179681,0.8762567996999981,23.78346666666666,16.500183333333318,7.28328333333334,0.4120217436762461
2,8101232387588353,TLE00860VR1450018,3,8095522099249409,TLE00860CR1450020,fleet_prev60m_speed_mean,2.959483138337175,3.0402141724011003,0.08073103406392512,0.359210804859903,23.78346666666666,16.500183333333318,7.28328333333334,0.4120217436762461
2,8101232387588353,TLE00860VR1450018,3,8095522099249409,TLE00860CR1450020,fleet_prev60m_speed_min,0.001,0.001,0.0,0.0,23.78346666666666,16.500183333333318,7.28328333333334,0.4120217436762461
2,8101232387588353,TLE00860VR1450018,4,8093539650388225,TLE00860HR1450010,straight_line_distance_m,2795.1541376551895,2753.1553818065267,41.99875584866277,0.1115842955005053,23.78346666666666,16.28349999999998,7.49996666666668,0.4232994234262313
2,8101232387588353,TLE00860VR1450018,4,8093539650388225,TLE00860HR1450010,planned_total_distance_m,3499.8998208308667,3615.3900527835267,115.49023195266,0.23271773349939773,23.78346666666666,16.28349999999998,7.49996666666668,0.4232994234262313
2,8101232387588353,TLE00860VR1450018,4,8093539650388225,TLE00860HR1450010,endpoint_altitude_change_m,131.9828,128.09219999999993,3.890600000000063,0.16696707930726074,23.78346666666666,16.28349999999998,7.49996666666668,0.4232994234262313
2,8101232387588353,TLE00860VR1450018,4,8093539650388225,TLE00860HR1450010,planned_slope_mean,0.04002835365853659,0.03775459770114942,0.002273755957387172,0.47736625735472926,23.78346666666666,16.28349999999998,7.49996666666668,0.4232994234262313
2,8101232387588353,TLE00860VR1450018,4,8093539650388225,TLE00860HR1450010,planned_slope_std,0.033490758249750285,0.03309760047227089,0.00039315777747939845,0.07173572768904285,23.78346666666666,16.28349999999998,7.49996666666668,0.4232994234262313
2,8101232387588353,TLE00860VR1450018,4,8093539650388225,TLE00860HR1450010,planned_cumulative_ascent_m,132.02200000000005,132.20800000000008,0.18600000000003547,0.009970540154222607,23.78346666666666,16.28349999999998,7.49996666666668,0.4232994234262313
2,8101232387588353,TLE00860VR1450018,4,8093539650388225,TLE00860HR1450010,planned_cumulative_descent_m,0.80600000000004,0.765999999999849,0.040000000000190994,0.0105824450106905,23.78346666666666,16.28349999999998,7.49996666666668,0.4232994234262313
2,8101232387588353,TLE00860VR1450018,4,8093539650388225,TLE00860HR1450010,vehicle_prev1_duration_sec,1038.992000000001,1116.94,77.94799999999896,0.4705651318205036,23.78346666666666,16.28349999999998,7.49996666666668,0.4232994234262313
2,8101232387588353,TLE00860VR1450018,4,8093539650388225,TLE00860HR1450010,similar_task_actual_distance_km,3.375,3.375,0.0,0.0,23.78346666666666,16.28349999999998,7.49996666666668,0.4232994234262313
2,8101232387588353,TLE00860VR1450018,4,8093539650388225,TLE00860HR1450010,similar_task_duration_min,15.49373333333334,15.716566666666655,0.22283333333331434,0.08097763535317282,23.78346666666666,16.28349999999998,7.49996666666668,0.4232994234262313
2,8101232387588353,TLE00860VR1450018,4,8093539650388225,TLE00860HR1450010,similar_task_energy_soc_delta_pct,14.0,12.799999999999997,1.2000000000000028,0.494247538890486,23.78346666666666,16.28349999999998,7.49996666666668,0.4232994234262313
2,8101232387588353,TLE00860VR1450018,4,8093539650388225,TLE00860HR1450010,similar_top3_duration_mean_sec,931.0729999999998,980.7546666666664,49.681666666666615,0.30693575398890127,23.78346666666666,16.28349999999998,7.49996666666668,0.4232994234262313
2,8101232387588353,TLE00860VR1450018,4,8093539650388225,TLE00860HR1450010,similar_top3_od_distance_mean_m,43.38341148091976,55.849005031600775,12.465593550681014,0.20009007865948453,23.78346666666666,16.28349999999998,7.49996666666668,0.4232994234262313
2,8101232387588353,TLE00860VR1450018,4,8093539650388225,TLE00860HR1450010,fleet_prev60m_speed_mean,2.959483138337175,3.257090589703251,0.2976074513660758,1.3241972356363363,23.78346666666666,16.28349999999998,7.49996666666668,0.4232994234262313
2,8101232387588353,TLE00860VR1450018,4,8093539650388225,TLE00860HR1450010,fleet_prev60m_speed_min,0.001,0.001,0.0,0.0,23.78346666666666,16.28349999999998,7.49996666666668,0.4232994234262313
2,8101232387588353,TLE00860VR1450018,5,8095520941605121,TLE00900VR1450048,straight_line_distance_m,2795.1541376551895,2853.456649632677,58.302511977487484,0.15490089154926368,23.78346666666666,17.36661666666667,6.4168499999999895,0.4285192112538581
2,8101232387588353,TLE00860VR1450018,5,8095520941605121,TLE00900VR1450048,planned_total_distance_m,3499.8998208308667,3600.771312467926,100.87149163705908,0.20326034948221583,23.78346666666666,17.36661666666667,6.4168499999999895,0.4285192112538581
2,8101232387588353,TLE00860VR1450018,5,8095520941605121,TLE00900VR1450048,endpoint_altitude_change_m,131.9828,128.1855999999999,3.797200000000089,0.16295877076685727,23.78346666666666,17.36661666666667,6.4168499999999895,0.4285192112538581
2,8101232387588353,TLE00860VR1450018,5,8095520941605121,TLE00900VR1450048,planned_slope_mean,0.04002835365853659,0.0345142441860465,0.005514109472490092,1.1576659284717774,23.78346666666666,17.36661666666667,6.4168499999999895,0.4285192112538581
2,8101232387588353,TLE00860VR1450018,5,8095520941605121,TLE00900VR1450048,planned_slope_std,0.033490758249750285,0.0339809071393061,0.0004901488895558137,0.08943276537395989,23.78346666666666,17.36661666666667,6.4168499999999895,0.4285192112538581
2,8101232387588353,TLE00860VR1450018,5,8095520941605121,TLE00900VR1450048,planned_cumulative_ascent_m,132.02200000000005,120.70299999999997,11.319000000000074,0.6067556129334677,23.78346666666666,17.36661666666667,6.4168499999999895,0.4285192112538581
2,8101232387588353,TLE00860VR1450018,5,8095520941605121,TLE00900VR1450048,planned_cumulative_descent_m,0.80600000000004,1.981999999999971,1.1759999999999309,0.3111238833127974,23.78346666666666,17.36661666666667,6.4168499999999895,0.4285192112538581
2,8101232387588353,TLE00860VR1450018,5,8095520941605121,TLE00900VR1450048,vehicle_prev1_duration_sec,1038.992000000001,999.0190000000003,39.97300000000075,0.2413134399120131,23.78346666666666,17.36661666666667,6.4168499999999895,0.4285192112538581
2,8101232387588353,TLE00860VR1450018,5,8095520941605121,TLE00900VR1450048,similar_task_actual_distance_km,3.375,3.625,0.25,0.37670739547367393,23.78346666666666,17.36661666666667,6.4168499999999895,0.4285192112538581
2,8101232387588353,TLE00860VR1450018,5,8095520941605121,TLE00900VR1450048,similar_task_duration_min,15.49373333333334,16.26639999999999,0.77266666666665,0.280787073670406,23.78346666666666,17.36661666666667,6.4168499999999895,0.4285192112538581
2,8101232387588353,TLE00860VR1450018,5,8095520941605121,TLE00900VR1450048,similar_task_energy_soc_delta_pct,14.0,12.399999999999991,1.6000000000000085,0.65899671852065,23.78346666666666,17.36661666666667,6.4168499999999895,0.4285192112538581
2,8101232387588353,TLE00860VR1450018,5,8095520941605121,TLE00900VR1450048,similar_top3_duration_mean_sec,931.0729999999998,978.5793333333331,47.50633333333337,0.29349643881206555,23.78346666666666,17.36661666666667,6.4168499999999895,0.4285192112538581
2,8101232387588353,TLE00860VR1450018,5,8095520941605121,TLE00900VR1450048,similar_top3_od_distance_mean_m,43.38341148091976,38.50030193455288,4.883109546366882,0.07838068594672337,23.78346666666666,17.36661666666667,6.4168499999999895,0.4285192112538581
2,8101232387588353,TLE00860VR1450018,5,8095520941605121,TLE00900VR1450048,fleet_prev60m_speed_mean,2.959483138337175,3.0065643285208465,0.047081190183671406,0.20948662946949614,23.78346666666666,17.36661666666667,6.4168499999999895,0.4285192112538581
2,8101232387588353,TLE00860VR1450018,5,8095520941605121,TLE00900VR1450048,fleet_prev60m_speed_min,0.001,0.001,0.0,0.0,23.78346666666666,17.36661666666667,6.4168499999999895,0.4285192112538581
3,8101236806615297,TLE00900JR1450046,1,8098044756459777,TLE00860HR1450010,straight_line_distance_m,2404.2022997631093,2402.0547313406373,2.147568422471977,0.005705762102195644,26.78336666666663,18.816616666666672,7.9667499999999585,0.27263816836085397
3,8101236806615297,TLE00900JR1450046,1,8098044756459777,TLE00860HR1450010,planned_total_distance_m,3783.517004214012,3708.348472485245,75.168531728767,0.1514677911597468,26.78336666666663,18.816616666666672,7.9667499999999585,0.27263816836085397
3,8101236806615297,TLE00900JR1450046,1,8098044756459777,TLE00860HR1450010,endpoint_altitude_change_m,149.69910000000004,147.15980000000002,2.5393000000000256,0.10897535199838707,26.78336666666663,18.816616666666672,7.9667499999999585,0.27263816836085397
3,8101236806615297,TLE00900JR1450046,1,8098044756459777,TLE00860HR1450010,planned_slope_mean,0.037825842696629204,0.03809347352688672,0.0002676308302575134,0.05618805632051105,26.78336666666663,18.816616666666672,7.9667499999999585,0.27263816836085397
3,8101236806615297,TLE00900JR1450046,1,8098044756459777,TLE00860HR1450010,planned_slope_std,0.0334311745722257,0.03341815659014861,1.3017982077090373e-05,0.002375266294692424,26.78336666666663,18.816616666666672,7.9667499999999585,0.27263816836085397
3,8101236806615297,TLE00900JR1450046,1,8098044756459777,TLE00860HR1450010,planned_cumulative_ascent_m,135.41200000000003,136.43000000000018,1.0180000000001428,0.05456994557525863,26.78336666666663,18.816616666666672,7.9667499999999585,0.27263816836085397
3,8101236806615297,TLE00900JR1450046,1,8098044756459777,TLE00860HR1450010,planned_cumulative_descent_m,0.9400000000000546,1.0020000000000664,0.06200000000001182,0.01640278976649512,26.78336666666663,18.816616666666672,7.9667499999999585,0.27263816836085397
3,8101236806615297,TLE00900JR1450046,1,8098044756459777,TLE00860HR1450010,vehicle_prev1_duration_sec,1060.994,1166.0080000000003,105.01400000000035,0.6339601625827371,26.78336666666663,18.816616666666672,7.9667499999999585,0.27263816836085397
3,8101236806615297,TLE00900JR1450046,1,8098044756459777,TLE00860HR1450010,similar_task_actual_distance_km,4.0,3.75,0.25,0.37670739547367393,26.78336666666663,18.816616666666672,7.9667499999999585,0.27263816836085397
3,8101236806615297,TLE00900JR1450046,1,8098044756459777,TLE00860HR1450010,similar_task_duration_min,18.266750000000002,18.999266666666664,0.7325166666666618,0.26619656330647534,26.78336666666663,18.816616666666672,7.9667499999999585,0.27263816836085397
3,8101236806615297,TLE00900JR1450046,1,8098044756459777,TLE00860HR1450010,similar_task_energy_soc_delta_pct,12.0,13.200000000000003,1.2000000000000028,0.4942475388904859,26.78336666666663,18.816616666666672,7.9667499999999585,0.27263816836085397
3,8101236806615297,TLE00900JR1450046,1,8098044756459777,TLE00860HR1450010,similar_top3_duration_mean_sec,1121.796333333333,1115.3079999999998,6.48833333333323,0.04008523903112399,26.78336666666663,18.816616666666672,7.9667499999999585,0.27263816836085397
3,8101236806615297,TLE00900JR1450046,1,8098044756459777,TLE00860HR1450010,similar_top3_od_distance_mean_m,52.13194390183364,50.65182707295266,1.4801168288809734,0.023757929497054825,26.78336666666663,18.816616666666672,7.9667499999999585,0.27263816836085397
3,8101236806615297,TLE00900JR1450046,1,8098044756459777,TLE00860HR1450010,fleet_prev60m_speed_mean,2.8055256673513687,2.9091494002293827,0.10362373287801407,0.4610713206054684,26.78336666666663,18.816616666666672,7.9667499999999585,0.27263816836085397
3,8101236806615297,TLE00900JR1450046,1,8098044756459777,TLE00860HR1450010,fleet_prev60m_speed_min,0.001,0.001,0.0,0.0,26.78336666666663,18.816616666666672,7.9667499999999585,0.27263816836085397
3,8101236806615297,TLE00900JR1450046,2,8098102264316161,TLE00860VR1450004,straight_line_distance_m,2404.2022997631093,2387.5780080833556,16.624291679753696,0.04416821017185668,26.78336666666663,18.63316666666667,8.150199999999959,0.28349144139232557
3,8101236806615297,TLE00900JR1450046,2,8098102264316161,TLE00860VR1450004,planned_total_distance_m,3783.517004214012,3726.833194521453,56.68380969255895,0.11422028941088891,26.78336666666663,18.63316666666667,8.150199999999959,0.28349144139232557
3,8101236806615297,TLE00900JR1450046,2,8098102264316161,TLE00860VR1450004,endpoint_altitude_change_m,149.69910000000004,147.25400000000002,2.445100000000025,0.10493271105078417,26.78336666666663,18.63316666666667,8.150199999999959,0.28349144139232557
3,8101236806615297,TLE00900JR1450046,2,8098102264316161,TLE00860VR1450004,planned_slope_mean,0.037825842696629204,0.03781341114189134,1.2431554737867001e-05,0.002609956771761679,26.78336666666663,18.63316666666667,8.150199999999959,0.28349144139232557
3,8101236806615297,TLE00900JR1450046,2,8098102264316161,TLE00860VR1450004,planned_slope_std,0.0334311745722257,0.033362133308423234,6.904126380246484e-05,0.012597297022060083,26.78336666666663,18.63316666666667,8.150199999999959,0.28349144139232557
3,8101236806615297,TLE00900JR1450046,2,8098102264316161,TLE00860VR1450004,planned_cumulative_ascent_m,135.41200000000003,135.69899999999984,0.2869999999998072,0.015384650668061384,26.78336666666663,18.63316666666667,8.150199999999959,0.28349144139232557
3,8101236806615297,TLE00900JR1450046,2,8098102264316161,TLE00860VR1450004,planned_cumulative_descent_m,0.9400000000000546,0.7099999999999227,0.23000000000013188,0.06084905881121483,26.78336666666663,18.63316666666667,8.150199999999959,0.28349144139232557
3,8101236806615297,TLE00900JR1450046,2,8098102264316161,TLE00860VR1450004,vehicle_prev1_duration_sec,1060.994,1056.0820000000006,4.911999999999352,0.02965330640301278,26.78336666666663,18.63316666666667,8.150199999999959,0.28349144139232557
3,8101236806615297,TLE00900JR1450046,2,8098102264316161,TLE00860VR1450004,similar_task_actual_distance_km,4.0,4.0,0.0,0.0,26.78336666666663,18.63316666666667,8.150199999999959,0.28349144139232557
3,8101236806615297,TLE00900JR1450046,2,8098102264316161,TLE00860VR1450004,similar_task_duration_min,18.266750000000002,18.81583333333332,0.5490833333333178,0.19953688831042843,26.78336666666663,18.63316666666667,8.150199999999959,0.28349144139232557
3,8101236806615297,TLE00900JR1450046,2,8098102264316161,TLE00860VR1450004,similar_task_energy_soc_delta_pct,12.0,14.0,2.0,0.823745898150808,26.78336666666663,18.63316666666667,8.150199999999959,0.28349144139232557
3,8101236806615297,TLE00900JR1450046,2,8098102264316161,TLE00860VR1450004,similar_top3_duration_mean_sec,1121.796333333333,1132.6343333333332,10.838000000000193,0.06695769133614227,26.78336666666663,18.63316666666667,8.150199999999959,0.28349144139232557
3,8101236806615297,TLE00900JR1450046,2,8098102264316161,TLE00860VR1450004,similar_top3_od_distance_mean_m,52.13194390183364,34.32819901771987,17.80374488411377,0.28577481688395834,26.78336666666663,18.63316666666667,8.150199999999959,0.28349144139232557
3,8101236806615297,TLE00900JR1450046,2,8098102264316161,TLE00860VR1450004,fleet_prev60m_speed_mean,2.8055256673513687,2.942232318375799,0.13670665102443014,0.6082729735048793,26.78336666666663,18.63316666666667,8.150199999999959,0.28349144139232557
3,8101236806615297,TLE00900JR1450046,2,8098102264316161,TLE00860VR1450004,fleet_prev60m_speed_min,0.001,0.001,0.0,0.0,26.78336666666663,18.63316666666667,8.150199999999959,0.28349144139232557
3,8101236806615297,TLE00900JR1450046,3,8093050435420417,TLE00900AR1450052,straight_line_distance_m,2404.2022997631093,2366.554216374889,37.64808338822013,0.10002522162695393,26.78336666666663,17.66921666666669,9.114149999999942,0.34965476441623994
3,8101236806615297,TLE00900JR1450046,3,8093050435420417,TLE00900AR1450052,planned_total_distance_m,3783.517004214012,3666.740693251123,116.77631096288906,0.23530923745000315,26.78336666666663,17.66921666666669,9.114149999999942,0.34965476441623994
3,8101236806615297,TLE00900JR1450046,3,8093050435420417,TLE00900AR1450052,endpoint_altitude_change_m,149.69910000000004,144.3608999999999,5.338200000000143,0.22909157013263476,26.78336666666663,17.66921666666669,9.114149999999942,0.34965476441623994
3,8101236806615297,TLE00900JR1450046,3,8093050435420417,TLE00900AR1450052,planned_slope_mean,0.037825842696629204,0.03977740112994351,0.0019515584333143071,0.40972213499589605,26.78336666666663,17.66921666666669,9.114149999999942,0.34965476441623994
3,8101236806615297,TLE00900JR1450046,3,8093050435420417,TLE00900AR1450052,planned_slope_std,0.0334311745722257,0.03334704813374901,8.412643847668932e-05,0.015349744117243214,26.78336666666663,17.66921666666669,9.114149999999942,0.34965476441623994
3,8101236806615297,TLE00900JR1450046,3,8093050435420417,TLE00900AR1450052,planned_cumulative_ascent_m,135.41200000000003,141.13799999999992,5.725999999999885,0.30694254259713255,26.78336666666663,17.66921666666669,9.114149999999942,0.34965476441623994
3,8101236806615297,TLE00900JR1450046,3,8093050435420417,TLE00900AR1450052,planned_cumulative_descent_m,0.9400000000000546,0.6559999999999491,0.2840000000001055,0.07513535957557183,26.78336666666663,17.66921666666669,9.114149999999942,0.34965476441623994
3,8101236806615297,TLE00900JR1450046,3,8093050435420417,TLE00900AR1450052,vehicle_prev1_duration_sec,1060.994,1127.9630000000002,66.96900000000028,0.40428588691034867,26.78336666666663,17.66921666666669,9.114149999999942,0.34965476441623994
3,8101236806615297,TLE00900JR1450046,3,8093050435420417,TLE00900AR1450052,similar_task_actual_distance_km,4.0,4.0,0.0,0.0,26.78336666666663,17.66921666666669,9.114149999999942,0.34965476441623994
3,8101236806615297,TLE00900JR1450046,3,8093050435420417,TLE00900AR1450052,similar_task_duration_min,18.266750000000002,17.36606666666667,0.9006833333333333,0.3273083314974705,26.78336666666663,17.66921666666669,9.114149999999942,0.34965476441623994
3,8101236806615297,TLE00900JR1450046,3,8093050435420417,TLE00900AR1450052,similar_task_energy_soc_delta_pct,12.0,14.0,2.0,0.823745898150808,26.78336666666663,17.66921666666669,9.114149999999942,0.34965476441623994
3,8101236806615297,TLE00900JR1450046,3,8093050435420417,TLE00900AR1450052,similar_top3_duration_mean_sec,1121.796333333333,1049.6350000000004,72.16133333333255,0.44581622843122987,26.78336666666663,17.66921666666669,9.114149999999942,0.34965476441623994
3,8101236806615297,TLE00900JR1450046,3,8093050435420417,TLE00900AR1450052,similar_top3_od_distance_mean_m,52.13194390183364,73.85661370098775,21.724669799154114,0.3487111039912414,26.78336666666663,17.66921666666669,9.114149999999942,0.34965476441623994
3,8101236806615297,TLE00900JR1450046,3,8093050435420417,TLE00900AR1450052,fleet_prev60m_speed_mean,2.8055256673513687,2.9004962450176413,0.0949705776662726,0.4225693134872879,26.78336666666663,17.66921666666669,9.114149999999942,0.34965476441623994
3,8101236806615297,TLE00900JR1450046,3,8093050435420417,TLE00900AR1450052,fleet_prev60m_speed_min,0.001,0.001,0.0,0.0,26.78336666666663,17.66921666666669,9.114149999999942,0.34965476441623994
3,8101236806615297,TLE00900JR1450046,4,8098089885221121,TLE00900AR1450052,straight_line_distance_m,2404.2022997631093,2389.863086951702,14.339212811407378,0.0380971037656026,26.78336666666663,21.183466666666654,5.599899999999977,0.3661840461217003
3,8101236806615297,TLE00900JR1450046,4,8098089885221121,TLE00900AR1450052,planned_total_distance_m,3783.517004214012,3752.706657135376,30.810347078635914,0.06208416087872268,26.78336666666663,21.183466666666654,5.599899999999977,0.3661840461217003
3,8101236806615297,TLE00900JR1450046,4,8098089885221121,TLE00900AR1450052,endpoint_altitude_change_m,149.69910000000004,147.0969,2.602200000000039,0.111674737514356,26.78336666666663,21.183466666666654,5.599899999999977,0.3661840461217003
3,8101236806615297,TLE00900JR1450046,4,8098089885221121,TLE00900AR1450052,planned_slope_mean,0.037825842696629204,0.03757833333333331,0.0002475093632958933,0.05196363225919137,26.78336666666663,21.183466666666654,5.599899999999977,0.3661840461217003
3,8101236806615297,TLE00900JR1450046,4,8098089885221121,TLE00900AR1450052,planned_slope_std,0.0334311745722257,0.033241934736113025,0.00018923983611267292,0.034528777322761106,26.78336666666663,21.183466666666654,5.599899999999977,0.3661840461217003
3,8101236806615297,TLE00900JR1450046,4,8098089885221121,TLE00900AR1450052,planned_cumulative_ascent_m,135.41200000000003,135.73400000000015,0.3220000000001164,0.017260827578818416,26.78336666666663,21.183466666666654,5.599899999999977,0.3661840461217003
3,8101236806615297,TLE00900JR1450046,4,8098089885221121,TLE00900AR1450052,planned_cumulative_descent_m,0.9400000000000546,0.9690000000000509,0.028999999999996362,0.007672272632713029,26.78336666666663,21.183466666666654,5.599899999999977,0.3661840461217003
3,8101236806615297,TLE00900JR1450046,4,8098089885221121,TLE00900AR1450052,vehicle_prev1_duration_sec,1060.994,1119.0479999999982,58.05399999999827,0.3504668261239168,26.78336666666663,21.183466666666654,5.599899999999977,0.3661840461217003
3,8101236806615297,TLE00900JR1450046,4,8098089885221121,TLE00900AR1450052,similar_task_actual_distance_km,4.0,4.0,0.0,0.0,26.78336666666663,21.183466666666654,5.599899999999977,0.3661840461217003
3,8101236806615297,TLE00900JR1450046,4,8098089885221121,TLE00900AR1450052,similar_task_duration_min,18.266750000000002,19.43346666666667,1.1667166666666695,0.4239848472422325,26.78336666666663,21.183466666666654,5.599899999999977,0.3661840461217003
3,8101236806615297,TLE00900JR1450046,4,8098089885221121,TLE00900AR1450052,similar_task_energy_soc_delta_pct,12.0,14.400000000000006,2.4000000000000057,0.988495077780972,26.78336666666663,21.183466666666654,5.599899999999977,0.3661840461217003
3,8101236806615297,TLE00900JR1450046,4,8098089885221121,TLE00900AR1450052,similar_top3_duration_mean_sec,1121.796333333333,1172.9983333333328,51.20199999999977,0.31632844729591075,26.78336666666663,21.183466666666654,5.599899999999977,0.3661840461217003
3,8101236806615297,TLE00900JR1450046,4,8098089885221121,TLE00900AR1450052,similar_top3_od_distance_mean_m,52.13194390183364,37.981018354598454,14.150925547235182,0.2271419964351485,26.78336666666663,21.183466666666654,5.599899999999977,0.3661840461217003
3,8101236806615297,TLE00900JR1450046,4,8098089885221121,TLE00900AR1450052,fleet_prev60m_speed_mean,2.8055256673513687,2.9734040069101826,0.16787833955881393,0.746970655965034,26.78336666666663,21.183466666666654,5.599899999999977,0.3661840461217003
3,8101236806615297,TLE00900JR1450046,4,8098089885221121,TLE00900AR1450052,fleet_prev60m_speed_min,0.001,0.001,0.0,0.0,26.78336666666663,21.183466666666654,5.599899999999977,0.3661840461217003
3,8101236806615297,TLE00900JR1450046,5,8091950441578752,TLE00860CR1450020,straight_line_distance_m,2404.2022997631093,2337.1863788621704,67.01592090093891,0.1780510915131538,26.78336666666663,18.549899999999994,8.233466666666637,0.3721661798267737
3,8101236806615297,TLE00900JR1450046,5,8091950441578752,TLE00860CR1450020,planned_total_distance_m,3783.517004214012,3734.944630717023,48.57237349698926,0.09787540019435564,26.78336666666663,18.549899999999994,8.233466666666637,0.3721661798267737
3,8101236806615297,TLE00900JR1450046,5,8091950441578752,TLE00860CR1450020,endpoint_altitude_change_m,149.69910000000004,140.67790000000002,9.021200000000022,0.3871493897719221,26.78336666666663,18.549899999999994,8.233466666666637,0.3721661798267737
3,8101236806615297,TLE00900JR1450046,5,8091950441578752,TLE00860CR1450020,planned_slope_mean,0.037825842696629204,0.037749631347800815,7.621134882838942e-05,0.016000277531969642,26.78336666666663,18.549899999999994,8.233466666666637,0.3721661798267737
3,8101236806615297,TLE00900JR1450046,5,8091950441578752,TLE00860CR1450020,planned_slope_std,0.0334311745722257,0.033470180829209314,3.9006256983616094e-05,0.007117097484589718,26.78336666666663,18.549899999999994,8.233466666666637,0.3721661798267737
3,8101236806615297,TLE00900JR1450046,5,8091950441578752,TLE00860CR1450020,planned_cumulative_ascent_m,135.41200000000003,138.74099999999999,3.328999999999951,0.17845122673871106,26.78336666666663,18.549899999999994,8.233466666666637,0.3721661798267737
3,8101236806615297,TLE00900JR1450046,5,8091950441578752,TLE00860CR1450020,planned_cumulative_descent_m,0.9400000000000546,0.9249999999997272,0.015000000000327418,0.0039684168790766194,26.78336666666663,18.549899999999994,8.233466666666637,0.3721661798267737
3,8101236806615297,TLE00900JR1450046,5,8091950441578752,TLE00860CR1450020,vehicle_prev1_duration_sec,1060.994,1152.9879999999998,91.99399999999991,0.5553595824998198,26.78336666666663,18.549899999999994,8.233466666666637,0.3721661798267737
3,8101236806615297,TLE00900JR1450046,5,8091950441578752,TLE00860CR1450020,similar_task_actual_distance_km,4.0,4.25,0.25,0.37670739547367393,26.78336666666663,18.549899999999994,8.233466666666637,0.3721661798267737
3,8101236806615297,TLE00900JR1450046,5,8091950441578752,TLE00860CR1450020,similar_task_duration_min,18.266750000000002,18.4327,0.1659499999999987,0.06030623150423362,26.78336666666663,18.549899999999994,8.233466666666637,0.3721661798267737
3,8101236806615297,TLE00900JR1450046,5,8091950441578752,TLE00860CR1450020,similar_task_energy_soc_delta_pct,12.0,14.799999999999997,2.799999999999997,1.1532442574111301,26.78336666666663,18.549899999999994,8.233466666666637,0.3721661798267737
3,8101236806615297,TLE00900JR1450046,5,8091950441578752,TLE00860CR1450020,similar_top3_duration_mean_sec,1121.796333333333,1095.6263333333334,26.169999999999618,0.16167953333334437,26.78336666666663,18.549899999999994,8.233466666666637,0.3721661798267737
3,8101236806615297,TLE00900JR1450046,5,8091950441578752,TLE00860CR1450020,similar_top3_od_distance_mean_m,52.13194390183364,62.87064547221337,10.738701570379732,0.17237106545966466,26.78336666666663,18.549899999999994,8.233466666666637,0.3721661798267737
3,8101236806615297,TLE00900JR1450046,5,8091950441578752,TLE00860CR1450020,fleet_prev60m_speed_mean,2.8055256673513687,2.832576812020789,0.027051144669420157,0.1203634211025939,26.78336666666663,18.549899999999994,8.233466666666637,0.3721661798267737
3,8101236806615297,TLE00900JR1450046,5,8091950441578752,TLE00860CR1450020,fleet_prev60m_speed_min,0.001,0.001,0.0,0.0,26.78336666666663,18.549899999999994,8.233466666666637,0.3721661798267737
4,8101237699297537,TLE00860CR1450020,1,8098084992434433,TLE00860ER1450011,straight_line_distance_m,2975.5798212038635,3018.826308936489,43.24648773262561,0.11489932901595523,23.48384999999998,17.216450000000002,6.267399999999977,0.3602582954861767
4,8101237699297537,TLE00860CR1450020,1,8098084992434433,TLE00860ER1450011,planned_total_distance_m,3516.8481990223895,3811.4139830511203,294.56578402873083,0.5935625937069602,23.48384999999998,17.216450000000002,6.267399999999977,0.3602582954861767
4,8101237699297537,TLE00860CR1450020,1,8098084992434433,TLE00860ER1450011,endpoint_altitude_change_m,117.15290000000005,129.17050000000006,12.017600000000016,0.5157414209332513,23.48384999999998,17.216450000000002,6.267399999999977,0.3602582954861767
4,8101237699297537,TLE00860CR1450020,1,8098084992434433,TLE00860ER1450011,planned_slope_mean,0.035794242424242416,0.03304116022099445,0.002753082203247964,0.5779989463181461,23.48384999999998,17.216450000000002,6.267399999999977,0.3602582954861767
4,8101237699297537,TLE00860CR1450020,1,8098084992434433,TLE00860ER1450011,planned_slope_std,0.03378858486013175,0.03382062455980399,3.203969967224135e-05,0.005845976609344994,23.48384999999998,17.216450000000002,6.267399999999977,0.3602582954861767
4,8101237699297537,TLE00860CR1450020,1,8098084992434433,TLE00860ER1450011,planned_cumulative_ascent_m,120.08100000000013,121.731,1.6499999999998636,0.08844834007775715,23.48384999999998,17.216450000000002,6.267399999999977,0.3602582954861767
4,8101237699297537,TLE00860CR1450020,1,8098084992434433,TLE00860ER1450011,planned_cumulative_descent_m,2.0249999999999773,2.0939999999999372,0.06899999999995998,0.018254717643343396,23.48384999999998,17.216450000000002,6.267399999999977,0.3602582954861767
4,8101237699297537,TLE00860CR1450020,1,8098084992434433,TLE00860ER1450011,vehicle_prev1_duration_sec,1030.0010000000004,1056.0550000000003,26.05399999999986,0.157285676918606,23.48384999999998,17.216450000000002,6.267399999999977,0.3602582954861767
4,8101237699297537,TLE00860CR1450020,1,8098084992434433,TLE00860ER1450011,similar_task_actual_distance_km,3.25,3.5,0.25,0.37670739547367393,23.48384999999998,17.216450000000002,6.267399999999977,0.3602582954861767
4,8101237699297537,TLE00860CR1450020,1,8098084992434433,TLE00860ER1450011,similar_task_duration_min,16.650083333333324,17.233266666666648,0.5831833333333236,0.21192882861952594,23.48384999999998,17.216450000000002,6.267399999999977,0.3602582954861767
4,8101237699297537,TLE00860CR1450020,1,8098084992434433,TLE00860ER1450011,similar_task_energy_soc_delta_pct,11.600000000000001,12.400000000000006,0.8000000000000043,0.3294983592603249,23.48384999999998,17.216450000000002,6.267399999999977,0.3602582954861767
4,8101237699297537,TLE00860CR1450020,1,8098084992434433,TLE00860ER1450011,similar_top3_duration_mean_sec,1019.6799999999997,999.0226666666662,20.657333333333554,0.12762201044114468,23.48384999999998,17.216450000000002,6.267399999999977,0.3602582954861767
4,8101237699297537,TLE00860CR1450020,1,8098084992434433,TLE00860ER1450011,similar_top3_od_distance_mean_m,52.75591371295138,69.62733491360684,16.871421200655462,0.2708097277046243,23.48384999999998,17.216450000000002,6.267399999999977,0.3602582954861767
4,8101237699297537,TLE00860CR1450020,1,8098084992434433,TLE00860ER1450011,fleet_prev60m_speed_mean,2.7647313348415867,2.933403461261115,0.1686721264195281,0.7505025916132086,23.48384999999998,17.216450000000002,6.267399999999977,0.3602582954861767
4,8101237699297537,TLE00860CR1450020,1,8098084992434433,TLE00860ER1450011,fleet_prev60m_speed_min,0.001,0.001,0.0,0.0,23.48384999999998,17.216450000000002,6.267399999999977,0.3602582954861767
4,8101237699297537,TLE00860CR1450020,2,8098077331374337,TLE00900CR1450050,straight_line_distance_m,2975.5798212038635,2957.7698974658297,17.80992373803383,0.047318253911788344,23.48384999999998,19.6214,3.8624499999999777,0.36644479610088776
4,8101237699297537,TLE00860CR1450020,2,8098077331374337,TLE00900CR1450050,planned_total_distance_m,3516.8481990223895,3739.1254820342924,222.2772830119029,0.44789818702708745,23.48384999999998,19.6214,3.8624499999999777,0.36644479610088776
4,8101237699297537,TLE00860CR1450020,2,8098077331374337,TLE00900CR1450050,endpoint_altitude_change_m,117.15290000000005,115.86789999999996,1.2850000000000819,0.05514642906231426,23.48384999999998,19.6214,3.8624499999999777,0.36644479610088776
4,8101237699297537,TLE00860CR1450020,2,8098077331374337,TLE00900CR1450050,planned_slope_mean,0.035794242424242416,0.03340665925305445,0.0023875831711879653,0.5012638400573346,23.48384999999998,19.6214,3.8624499999999777,0.36644479610088776
4,8101237699297537,TLE00860CR1450020,2,8098077331374337,TLE00900CR1450050,planned_slope_std,0.03378858486013175,0.03380400822595347,1.5423365821720658e-05,0.002814153589250634,23.48384999999998,19.6214,3.8624499999999777,0.36644479610088776
4,8101237699297537,TLE00860CR1450020,2,8098077331374337,TLE00900CR1450050,planned_cumulative_ascent_m,120.08100000000013,120.76400000000001,0.682999999999879,0.03661225228672871,23.48384999999998,19.6214,3.8624499999999777,0.36644479610088776
4,8101237699297537,TLE00860CR1450020,2,8098077331374337,TLE00900CR1450050,planned_cumulative_descent_m,2.0249999999999773,2.0989999999999327,0.07399999999995543,0.019577523269672194,23.48384999999998,19.6214,3.8624499999999777,0.36644479610088776
4,8101237699297537,TLE00860CR1450020,2,8098077331374337,TLE00900CR1450050,vehicle_prev1_duration_sec,1030.0010000000004,1055.9680000000008,25.967000000000326,0.15676046566920684,23.48384999999998,19.6214,3.8624499999999777,0.36644479610088776
4,8101237699297537,TLE00860CR1450020,2,8098077331374337,TLE00900CR1450050,similar_task_actual_distance_km,3.25,3.5,0.25,0.37670739547367393,23.48384999999998,19.6214,3.8624499999999777,0.36644479610088776
4,8101237699297537,TLE00860CR1450020,2,8098077331374337,TLE00900CR1450050,similar_task_duration_min,16.650083333333324,18.634333333333327,1.984250000000003,0.7210764679859998,23.48384999999998,19.6214,3.8624499999999777,0.36644479610088776
4,8101237699297537,TLE00860CR1450020,2,8098077331374337,TLE00900CR1450050,similar_task_energy_soc_delta_pct,11.600000000000001,12.0,0.3999999999999986,0.164749179630161,23.48384999999998,19.6214,3.8624499999999777,0.36644479610088776
4,8101237699297537,TLE00860CR1450020,2,8098077331374337,TLE00900CR1450050,similar_top3_duration_mean_sec,1019.6799999999997,1123.3613333333324,103.68133333333265,0.6405483220753684,23.48384999999998,19.6214,3.8624499999999777,0.36644479610088776
4,8101237699297537,TLE00860CR1450020,2,8098077331374337,TLE00900CR1450050,similar_top3_od_distance_mean_m,52.75591371295138,66.67688166026099,13.920967947309606,0.22345085777653714,23.48384999999998,19.6214,3.8624499999999777,0.36644479610088776
4,8101237699297537,TLE00860CR1450020,2,8098077331374337,TLE00900CR1450050,fleet_prev60m_speed_mean,2.7647313348415867,2.9035521573880536,0.13882082254646688,0.6176799291180255,23.48384999999998,19.6214,3.8624499999999777,0.36644479610088776
4,8101237699297537,TLE00860CR1450020,2,8098077331374337,TLE00900CR1450050,fleet_prev60m_speed_min,0.001,0.001,0.0,0.0,23.48384999999998,19.6214,3.8624499999999777,0.36644479610088776
4,8101237699297537,TLE00860CR1450020,3,8095520941605121,TLE00900VR1450048,straight_line_distance_m,2975.5798212038635,2853.456649632677,122.1231715711865,0.3244626605883628,23.48384999999998,17.36661666666667,6.11723333333331,0.38207357338783404
4,8101237699297537,TLE00860CR1450020,3,8095520941605121,TLE00900VR1450048,planned_total_distance_m,3516.8481990223895,3600.771312467926,83.92311344553627,0.16910864597850694,23.48384999999998,17.36661666666667,6.11723333333331,0.38207357338783404
4,8101237699297537,TLE00860CR1450020,3,8095520941605121,TLE00900VR1450048,endpoint_altitude_change_m,117.15290000000005,128.1855999999999,11.032699999999863,0.4734739361212059,23.48384999999998,17.36661666666667,6.11723333333331,0.38207357338783404
4,8101237699297537,TLE00860CR1450020,3,8095520941605121,TLE00900VR1450048,planned_slope_mean,0.035794242424242416,0.0345142441860465,0.0012799982381959188,0.26873067287765573,23.48384999999998,17.36661666666667,6.11723333333331,0.38207357338783404
4,8101237699297537,TLE00860CR1450020,3,8095520941605121,TLE00900VR1450048,planned_slope_std,0.03378858486013175,0.0339809071393061,0.00019232227917435202,0.03509120113517361,23.48384999999998,17.36661666666667,6.11723333333331,0.38207357338783404
4,8101237699297537,TLE00860CR1450020,3,8095520941605121,TLE00900VR1450048,planned_cumulative_ascent_m,120.08100000000013,120.70299999999997,0.6219999999998436,0.0333423439565792,23.48384999999998,17.36661666666667,6.11723333333331,0.38207357338783404
4,8101237699297537,TLE00860CR1450020,3,8095520941605121,TLE00900VR1450048,planned_cumulative_descent_m,2.0249999999999773,1.981999999999971,0.043000000000006366,0.011376128386439664,23.48384999999998,17.36661666666667,6.11723333333331,0.38207357338783404
4,8101237699297537,TLE00860CR1450020,3,8095520941605121,TLE00900VR1450048,vehicle_prev1_duration_sec,1030.0010000000004,999.0190000000003,30.982000000000085,0.18703557389622666,23.48384999999998,17.36661666666667,6.11723333333331,0.38207357338783404
4,8101237699297537,TLE00860CR1450020,3,8095520941605121,TLE00900VR1450048,similar_task_actual_distance_km,3.25,3.625,0.375,0.5650610932105109,23.48384999999998,17.36661666666667,6.11723333333331,0.38207357338783404
4,8101237699297537,TLE00860CR1450020,3,8095520941605121,TLE00900VR1450048,similar_task_duration_min,16.650083333333324,16.26639999999999,0.3836833333333338,0.1394305268111855,23.48384999999998,17.36661666666667,6.11723333333331,0.38207357338783404
4,8101237699297537,TLE00860CR1450020,3,8095520941605121,TLE00900VR1450048,similar_task_energy_soc_delta_pct,11.600000000000001,12.399999999999991,0.79999999999999,0.329498359260319,23.48384999999998,17.36661666666667,6.11723333333331,0.38207357338783404
4,8101237699297537,TLE00860CR1450020,3,8095520941605121,TLE00900VR1450048,similar_top3_duration_mean_sec,1019.6799999999997,978.5793333333331,41.1006666666666,0.2539219184698546,23.48384999999998,17.36661666666667,6.11723333333331,0.38207357338783404
4,8101237699297537,TLE00860CR1450020,3,8095520941605121,TLE00900VR1450048,similar_top3_od_distance_mean_m,52.75591371295138,38.50030193455288,14.255611778398503,0.2288223557491973,23.48384999999998,17.36661666666667,6.11723333333331,0.38207357338783404
4,8101237699297537,TLE00860CR1450020,3,8095520941605121,TLE00900VR1450048,fleet_prev60m_speed_mean,2.7647313348415867,3.0065643285208465,0.2418329936792598,1.0760301203676077,23.48384999999998,17.36661666666667,6.11723333333331,0.38207357338783404
4,8101237699297537,TLE00860CR1450020,3,8095520941605121,TLE00900VR1450048,fleet_prev60m_speed_min,0.001,0.001,0.0,0.0,23.48384999999998,17.36661666666667,6.11723333333331,0.38207357338783404
4,8101237699297537,TLE00860CR1450020,4,8095912540602625,TLE00900JR1450046,straight_line_distance_m,2975.5798212038635,2805.702296690836,169.8775245130273,0.45133870066199877,23.48384999999998,16.916733333333344,6.567116666666635,0.4124008004983261
4,8101237699297537,TLE00860CR1450020,4,8095912540602625,TLE00900JR1450046,planned_total_distance_m,3516.8481990223895,3539.843549555758,22.99535053336831,0.04633661017620272,23.48384999999998,16.916733333333344,6.567116666666635,0.4124008004983261
4,8101237699297537,TLE00860CR1450020,4,8095912540602625,TLE00900JR1450046,endpoint_altitude_change_m,117.15290000000005,115.31690000000003,1.8360000000000127,0.07879287452015826,23.48384999999998,16.916733333333344,6.567116666666635,0.4124008004983261
4,8101237699297537,TLE00860CR1450020,4,8095912540602625,TLE00900JR1450046,planned_slope_mean,0.035794242424242416,0.035042899408284006,0.0007513430159584097,0.15774155636730347,23.48384999999998,16.916733333333344,6.567116666666635,0.4124008004983261
4,8101237699297537,TLE00860CR1450020,4,8095912540602625,TLE00900JR1450046,planned_slope_std,0.03378858486013175,0.03376332053407847,2.5264326053278663e-05,0.004609739188232487,23.48384999999998,16.916733333333344,6.567116666666635,0.4124008004983261
4,8101237699297537,TLE00860CR1450020,4,8095912540602625,TLE00900JR1450046,planned_cumulative_ascent_m,120.08100000000013,120.14700000000005,0.06599999999991724,0.0035379336031062802,23.48384999999998,16.916733333333344,6.567116666666635,0.4124008004983261
4,8101237699297537,TLE00860CR1450020,4,8095912540602625,TLE00900JR1450046,planned_cumulative_descent_m,2.0249999999999773,1.88699999999983,0.13800000000014734,0.036509435286746945,23.48384999999998,16.916733333333344,6.567116666666635,0.4124008004983261
4,8101237699297537,TLE00860CR1450020,4,8095912540602625,TLE00900JR1450046,vehicle_prev1_duration_sec,1030.0010000000004,1092.0359999999996,62.03499999999917,0.3744997684672467,23.48384999999998,16.916733333333344,6.567116666666635,0.4124008004983261
4,8101237699297537,TLE00860CR1450020,4,8095912540602625,TLE00900JR1450046,similar_task_actual_distance_km,3.25,3.375,0.125,0.18835369773683697,23.48384999999998,16.916733333333344,6.567116666666635,0.4124008004983261
4,8101237699297537,TLE00860CR1450020,4,8095912540602625,TLE00900JR1450046,similar_task_duration_min,16.650083333333324,18.034449999999993,1.3843666666666685,0.5030788592150948,23.48384999999998,16.916733333333344,6.567116666666635,0.4124008004983261
4,8101237699297537,TLE00860CR1450020,4,8095912540602625,TLE00900JR1450046,similar_task_energy_soc_delta_pct,11.600000000000001,12.0,0.3999999999999986,0.164749179630161,23.48384999999998,16.916733333333344,6.567116666666635,0.4124008004983261
4,8101237699297537,TLE00860CR1450020,4,8095912540602625,TLE00900JR1450046,similar_top3_duration_mean_sec,1019.6799999999997,1058.6849999999995,39.00499999999977,0.24097478783596302,23.48384999999998,16.916733333333344,6.567116666666635,0.4124008004983261
4,8101237699297537,TLE00860CR1450020,4,8095912540602625,TLE00900JR1450046,similar_top3_od_distance_mean_m,52.75591371295138,73.74655779098097,20.99064407802959,0.3369289723437783,23.48384999999998,16.916733333333344,6.567116666666635,0.4124008004983261
4,8101237699297537,TLE00860CR1450020,4,8095912540602625,TLE00900JR1450046,fleet_prev60m_speed_mean,2.7647313348415867,3.0564903215089463,0.29175898666735955,1.2981746318634544,23.48384999999998,16.916733333333344,6.567116666666635,0.4124008004983261
4,8101237699297537,TLE00860CR1450020,4,8095912540602625,TLE00900JR1450046,fleet_prev60m_speed_min,0.001,0.001,0.0,0.0,23.48384999999998,16.916733333333344,6.567116666666635,0.4124008004983261
4,8101237699297537,TLE00860CR1450020,5,8095620961288449,TLE00900CR1450050,straight_line_distance_m,2975.5798212038635,2844.784861486362,130.79495971750157,0.34750228048860343,23.48384999999998,15.24919999999998,8.234649999999998,0.41565339525787814
4,8101237699297537,TLE00860CR1450020,5,8095620961288449,TLE00900CR1450050,planned_total_distance_m,3516.8481990223895,3364.008157591527,152.84004143086258,0.3079791894809262,23.48384999999998,15.24919999999998,8.234649999999998,0.41565339525787814
4,8101237699297537,TLE00860CR1450020,5,8095620961288449,TLE00900CR1450050,endpoint_altitude_change_m,117.15290000000005,116.66989999999998,0.48300000000006094,0.020728190845991756,23.48384999999998,15.24919999999998,8.234649999999998,0.41565339525787814
4,8101237699297537,TLE00860CR1450020,5,8095620961288449,TLE00900CR1450050,planned_slope_mean,0.035794242424242416,0.03735314465408806,0.0015589022298456434,0.327285485773283,23.48384999999998,15.24919999999998,8.234649999999998,0.41565339525787814
4,8101237699297537,TLE00860CR1450020,5,8095620961288449,TLE00900CR1450050,planned_slope_std,0.03378858486013175,0.033772777864758866,1.5806995372881494e-05,0.0028841507928973886,23.48384999999998,15.24919999999998,8.234649999999998,0.41565339525787814
4,8101237699297537,TLE00860CR1450020,5,8095620961288449,TLE00900CR1450050,planned_cumulative_ascent_m,120.08100000000013,119.98700000000031,0.09399999999982356,0.005038875131693432,23.48384999999998,15.24919999999998,8.234649999999998,0.41565339525787814
4,8101237699297537,TLE00860CR1450020,5,8095620961288449,TLE00900CR1450050,planned_cumulative_descent_m,2.0249999999999773,1.3269999999999982,0.6979999999999791,0.18466366543566226,23.48384999999998,15.24919999999998,8.234649999999998,0.41565339525787814
4,8101237699297537,TLE00860CR1450020,5,8095620961288449,TLE00900CR1450050,vehicle_prev1_duration_sec,1030.0010000000004,1007.8060000000004,22.19500000000005,0.13398923770662802,23.48384999999998,15.24919999999998,8.234649999999998,0.41565339525787814
4,8101237699297537,TLE00860CR1450020,5,8095620961288449,TLE00900CR1450050,similar_task_actual_distance_km,3.25,3.125,0.125,0.18835369773683697,23.48384999999998,15.24919999999998,8.234649999999998,0.41565339525787814
4,8101237699297537,TLE00860CR1450020,5,8095620961288449,TLE00900CR1450050,similar_task_duration_min,16.650083333333324,15.482349999999977,1.1677333333333468,0.42435430391811846,23.48384999999998,15.24919999999998,8.234649999999998,0.41565339525787814
4,8101237699297537,TLE00860CR1450020,5,8095620961288449,TLE00900CR1450050,similar_task_energy_soc_delta_pct,11.600000000000001,12.0,0.3999999999999986,0.164749179630161,23.48384999999998,15.24919999999998,8.234649999999998,0.41565339525787814
4,8101237699297537,TLE00860CR1450020,5,8095620961288449,TLE00900CR1450050,similar_top3_duration_mean_sec,1019.6799999999997,932.9539999999998,86.72599999999989,0.5357974477595648,23.48384999999998,15.24919999999998,8.234649999999998,0.41565339525787814
4,8101237699297537,TLE00860CR1450020,5,8095620961288449,TLE00900CR1450050,similar_top3_od_distance_mean_m,52.75591371295138,62.92657153248007,10.170657819528685,0.16325317481709634,23.48384999999998,15.24919999999998,8.234649999999998,0.41565339525787814
4,8101237699297537,TLE00860CR1450020,5,8095620961288449,TLE00900CR1450050,fleet_prev60m_speed_mean,2.7647313348415867,3.054282454280606,0.28955111943901946,1.2883507794464537,23.48384999999998,15.24919999999998,8.234649999999998,0.41565339525787814
4,8101237699297537,TLE00860CR1450020,5,8095620961288449,TLE00900CR1450050,fleet_prev60m_speed_min,0.001,0.001,0.0,0.0,23.48384999999998,15.24919999999998,8.234649999999998,0.41565339525787814
5,8101671352385793,TLE00860ER1450011,1,8097965043941633,TLE00900AR1450052,straight_line_distance_m,3004.05963593919,2906.534652834821,97.52498310436886,0.25910902152941206,15.10001666666667,18.65079999999997,3.550783333333298,0.517534042732246
5,8101671352385793,TLE00860ER1450011,1,8097965043941633,TLE00900AR1450052,planned_total_distance_m,3548.059173685095,3713.4595447125807,165.40037102748556,0.33328878827824826,15.10001666666667,18.65079999999997,3.550783333333298,0.517534042732246
5,8101671352385793,TLE00860ER1450011,1,8097965043941633,TLE00900AR1450052,endpoint_altitude_change_m,116.62900000000002,115.72679999999991,0.9022000000001071,0.03871837221791652,15.10001666666667,18.65079999999997,3.550783333333298,0.517534042732246
5,8101671352385793,TLE00860ER1450011,1,8097965043941633,TLE00900AR1450052,planned_slope_mean,0.03547306041792638,0.03353389830508475,0.001939162112841633,0.407119575521655,15.10001666666667,18.65079999999997,3.550783333333298,0.517534042732246
5,8101671352385793,TLE00860ER1450011,1,8097965043941633,TLE00900AR1450052,planned_slope_std,0.034186184750107214,0.0337323430782532,0.00045384167185401336,0.08280813569245848,15.10001666666667,18.65079999999997,3.550783333333298,0.517534042732246
5,8101671352385793,TLE00860ER1450011,1,8097965043941633,TLE00900AR1450052,planned_cumulative_ascent_m,119.947,121.08699999999999,1.1399999999999864,0.06110976223554565,15.10001666666667,18.65079999999997,3.550783333333298,0.517534042732246
5,8101671352385793,TLE00860ER1450011,1,8097965043941633,TLE00900AR1450052,planned_cumulative_descent_m,2.158999999999992,2.274000000000001,0.1150000000000091,0.030424529405592378,15.10001666666667,18.65079999999997,3.550783333333298,0.517534042732246
5,8101671352385793,TLE00860ER1450011,1,8097965043941633,TLE00900AR1450052,vehicle_prev1_duration_sec,1358.006999999999,1274.8689999999997,83.13799999999924,0.5018966994572431,15.10001666666667,18.65079999999997,3.550783333333298,0.517534042732246
5,8101671352385793,TLE00860ER1450011,1,8097965043941633,TLE00900AR1450052,similar_task_actual_distance_km,3.5,3.75,0.25,0.376707395473674,15.10001666666667,18.65079999999997,3.550783333333298,0.517534042732246
5,8101671352385793,TLE00860ER1450011,1,8097965043941633,TLE00900AR1450052,similar_task_duration_min,23.48384999999998,18.999000000000002,4.484849999999977,1.6297945306523824,15.10001666666667,18.65079999999997,3.550783333333298,0.517534042732246
5,8101671352385793,TLE00860ER1450011,1,8097965043941633,TLE00900AR1450052,similar_task_energy_soc_delta_pct,10.400000000000006,12.0,1.5999999999999943,0.6589967185206442,15.10001666666667,18.65079999999997,3.550783333333298,0.517534042732246
5,8101671352385793,TLE00860ER1450011,1,8097965043941633,TLE00900AR1450052,similar_top3_duration_mean_sec,1161.2303333333332,1122.9913333333327,38.23900000000049,0.2362424025653009,15.10001666666667,18.65079999999997,3.550783333333298,0.517534042732246
5,8101671352385793,TLE00860ER1450011,1,8097965043941633,TLE00900AR1450052,similar_top3_od_distance_mean_m,52.66261910138377,66.71257639040604,14.049957289022274,0.22552131574747852,15.10001666666667,18.65079999999997,3.550783333333298,0.517534042732246
5,8101671352385793,TLE00860ER1450011,1,8097965043941633,TLE00900AR1450052,fleet_prev60m_speed_mean,3.448452373042825,3.389137129746567,0.059315243296258036,0.2639217561370339,15.10001666666667,18.65079999999997,3.550783333333298,0.517534042732246
5,8101671352385793,TLE00860ER1450011,1,8097965043941633,TLE00900AR1450052,fleet_prev60m_speed_min,0.001,0.001,0.0,0.0,15.10001666666667,18.65079999999997,3.550783333333298,0.517534042732246
5,8101671352385793,TLE00860ER1450011,2,8097858896838913,TLE00860VR1450004,straight_line_distance_m,3004.05963593919,2934.7466058326695,69.31303010652027,0.18415416069253954,15.10001666666667,19.116466666666643,4.016449999999972,0.6117613152732834
5,8101671352385793,TLE00860ER1450011,2,8097858896838913,TLE00860VR1450004,planned_total_distance_m,3548.059173685095,3686.0038219917683,137.94464830667312,0.2779643382780574,15.10001666666667,19.116466666666643,4.016449999999972,0.6117613152732834
5,8101671352385793,TLE00860ER1450011,2,8097858896838913,TLE00860VR1450004,endpoint_altitude_change_m,116.62900000000002,114.56150000000002,2.0674999999999955,0.08872781485317316,15.10001666666667,19.116466666666643,4.016449999999972,0.6117613152732834
5,8101671352385793,TLE00860ER1450011,2,8097858896838913,TLE00860VR1450004,planned_slope_mean,0.03547306041792638,0.03394714285714288,0.0015259175607835046,0.3203604822481152,15.10001666666667,19.116466666666643,4.016449999999972,0.6117613152732834
5,8101671352385793,TLE00860ER1450011,2,8097858896838913,TLE00860VR1450004,planned_slope_std,0.034186184750107214,0.0339552027211844,0.00023098202892281317,0.04214507476896548,15.10001666666667,19.116466666666643,4.016449999999972,0.6117613152732834
5,8101671352385793,TLE00860ER1450011,2,8097858896838913,TLE00860VR1450004,planned_cumulative_ascent_m,119.947,121.25599999999997,1.308999999999969,0.07016901646169149,15.10001666666667,19.116466666666643,4.016449999999972,0.6117613152732834
5,8101671352385793,TLE00860ER1450011,2,8097858896838913,TLE00860VR1450004,planned_cumulative_descent_m,2.158999999999992,2.5109999999999673,0.35199999999997544,0.09312551609362542,15.10001666666667,19.116466666666643,4.016449999999972,0.6117613152732834
5,8101671352385793,TLE00860ER1450011,2,8097858896838913,TLE00860VR1450004,vehicle_prev1_duration_sec,1358.006999999999,1299.9670000000015,58.03999999999746,0.3503823093711347,15.10001666666667,19.116466666666643,4.016449999999972,0.6117613152732834
5,8101671352385793,TLE00860ER1450011,2,8097858896838913,TLE00860VR1450004,similar_task_actual_distance_km,3.5,3.625,0.125,0.18835369773683697,15.10001666666667,19.116466666666643,4.016449999999972,0.6117613152732834
5,8101671352385793,TLE00860ER1450011,2,8097858896838913,TLE00860VR1450004,similar_task_duration_min,23.48384999999998,18.0341,5.44974999999998,1.9804391993986052,15.10001666666667,19.116466666666643,4.016449999999972,0.6117613152732834
5,8101671352385793,TLE00860ER1450011,2,8097858896838913,TLE00860VR1450004,similar_task_energy_soc_delta_pct,10.400000000000006,12.0,1.5999999999999943,0.6589967185206442,15.10001666666667,19.116466666666643,4.016449999999972,0.6117613152732834
5,8101671352385793,TLE00860ER1450011,2,8097858896838913,TLE00860VR1450004,similar_top3_duration_mean_sec,1161.2303333333332,1090.6153333333339,70.61499999999933,0.4362629058591583,15.10001666666667,19.116466666666643,4.016449999999972,0.6117613152732834
5,8101671352385793,TLE00860ER1450011,2,8097858896838913,TLE00860VR1450004,similar_top3_od_distance_mean_m,52.66261910138377,40.58072458048052,12.081894520903248,0.19393117665953868,15.10001666666667,19.116466666666643,4.016449999999972,0.6117613152732834
5,8101671352385793,TLE00860ER1450011,2,8097858896838913,TLE00860VR1450004,fleet_prev60m_speed_mean,3.448452373042825,3.2694823088745917,0.17897006416823347,0.7963230192839423,15.10001666666667,19.116466666666643,4.016449999999972,0.6117613152732834
5,8101671352385793,TLE00860ER1450011,2,8097858896838913,TLE00860VR1450004,fleet_prev60m_speed_min,0.001,0.001,0.0,0.0,15.10001666666667,19.116466666666643,4.016449999999972,0.6117613152732834
5,8101671352385793,TLE00860ER1450011,3,8098325522858241,TLE00860VR1450018,straight_line_distance_m,3004.05963593919,3011.619798437631,7.560162498441059,0.020086199917389802,15.10001666666667,18.257516666666653,3.157499999999983,0.6410302991669898
5,8101671352385793,TLE00860ER1450011,3,8098325522858241,TLE00860VR1450018,planned_total_distance_m,3548.059173685095,3714.75259015559,166.69341647049487,0.3358943298874486,15.10001666666667,18.257516666666653,3.157499999999983,0.6410302991669898
5,8101671352385793,TLE00860ER1450011,3,8098325522858241,TLE00860VR1450018,endpoint_altitude_change_m,116.62900000000002,116.28859999999997,0.3404000000000451,0.014608439262889572,15.10001666666667,18.257516666666653,3.157499999999983,0.6410302991669898
5,8101671352385793,TLE00860ER1450011,3,8098325522858241,TLE00860VR1450018,planned_slope_mean,0.03547306041792638,0.03396599999999999,0.0015070604179263924,0.3164014981360088,15.10001666666667,18.257516666666653,3.157499999999983,0.6410302991669898
5,8101671352385793,TLE00860ER1450011,3,8098325522858241,TLE00860VR1450018,planned_slope_std,0.034186184750107214,0.03369445950216228,0.0004917252479449338,0.08972038836559254,15.10001666666667,18.257516666666653,3.157499999999983,0.6410302991669898
5,8101671352385793,TLE00860ER1450011,3,8098325522858241,TLE00860VR1450018,planned_cumulative_ascent_m,119.947,121.03199999999993,1.0849999999999227,0.05816148423295009,15.10001666666667,18.257516666666653,3.157499999999983,0.6410302991669898
5,8101671352385793,TLE00860ER1450011,3,8098325522858241,TLE00860VR1450018,planned_cumulative_descent_m,2.158999999999992,2.1159999999998718,0.04300000000012005,0.011376128386469748,15.10001666666667,18.257516666666653,3.157499999999983,0.6410302991669898
5,8101671352385793,TLE00860ER1450011,3,8098325522858241,TLE00860VR1450018,vehicle_prev1_duration_sec,1358.006999999999,1253.0300000000013,104.97699999999759,0.6337367968789518,15.10001666666667,18.257516666666653,3.157499999999983,0.6410302991669898
5,8101671352385793,TLE00860ER1450011,3,8098325522858241,TLE00860VR1450018,similar_task_actual_distance_km,3.5,3.75,0.25,0.376707395473674,15.10001666666667,18.257516666666653,3.157499999999983,0.6410302991669898
5,8101671352385793,TLE00860ER1450011,3,8098325522858241,TLE00860VR1450018,similar_task_duration_min,23.48384999999998,17.600200000000015,5.883649999999964,2.1381184633316344,15.10001666666667,18.257516666666653,3.157499999999983,0.6410302991669898
5,8101671352385793,TLE00860ER1450011,3,8098325522858241,TLE00860VR1450018,similar_task_energy_soc_delta_pct,10.400000000000006,11.600000000000001,1.1999999999999957,0.49424753889048323,15.10001666666667,18.257516666666653,3.157499999999983,0.6410302991669898
5,8101671352385793,TLE00860ER1450011,3,8098325522858241,TLE00860VR1450018,similar_top3_duration_mean_sec,1161.2303333333332,1109.986333333333,51.24400000000014,0.31658792533947433,15.10001666666667,18.257516666666653,3.157499999999983,0.6410302991669898
5,8101671352385793,TLE00860ER1450011,3,8098325522858241,TLE00860VR1450018,similar_top3_od_distance_mean_m,52.66261910138377,62.60526146391299,9.94264236252922,0.1595932102481321,15.10001666666667,18.257516666666653,3.157499999999983,0.6410302991669898
5,8101671352385793,TLE00860ER1450011,3,8098325522858241,TLE00860VR1450018,fleet_prev60m_speed_mean,3.448452373042825,3.2970825944437023,0.15136977859912282,0.6735162088844501,15.10001666666667,18.257516666666653,3.157499999999983,0.6410302991669898
5,8101671352385793,TLE00860ER1450011,3,8098325522858241,TLE00860VR1450018,fleet_prev60m_speed_min,0.001,0.001,0.0,0.0,15.10001666666667,18.257516666666653,3.157499999999983,0.6410302991669898
5,8101671352385793,TLE00860ER1450011,4,8095758498234625,TLE00860ER1450011,straight_line_distance_m,3004.05963593919,2816.2522357271355,187.8074002120543,0.49897564865866795,15.10001666666667,17.151316666666673,2.051300000000003,0.6442215291586852
5,8101671352385793,TLE00860ER1450011,4,8095758498234625,TLE00860ER1450011,planned_total_distance_m,3548.059173685095,3694.894237218168,146.83506353307303,0.29587890340079775,15.10001666666667,17.151316666666673,2.051300000000003,0.6442215291586852
5,8101671352385793,TLE00860ER1450011,4,8095758498234625,TLE00860ER1450011,endpoint_altitude_change_m,116.62900000000002,128.4071,11.778099999999995,0.5054631565282515,15.10001666666667,17.151316666666673,2.051300000000003,0.6442215291586852
5,8101671352385793,TLE00860ER1450011,4,8095758498234625,TLE00860ER1450011,planned_slope_mean,0.03547306041792638,0.033570621468926566,0.0019024389489998156,0.399409689496095,15.10001666666667,17.151316666666673,2.051300000000003,0.6442215291586852
5,8101671352385793,TLE00860ER1450011,4,8095758498234625,TLE00860ER1450011,planned_slope_std,0.034186184750107214,0.033904558818149036,0.0002816259319581779,0.051385581876689124,15.10001666666667,17.151316666666673,2.051300000000003,0.6442215291586852
5,8101671352385793,TLE00860ER1450011,4,8095758498234625,TLE00860ER1450011,planned_cumulative_ascent_m,119.947,121.12499999999989,1.1779999999998836,0.06314675431005834,15.10001666666667,17.151316666666673,2.051300000000003,0.6442215291586852
5,8101671352385793,TLE00860ER1450011,4,8095758498234625,TLE00860ER1450011,planned_cumulative_descent_m,2.158999999999992,2.377999999999929,0.21899999999993724,0.057938886433237344,15.10001666666667,17.151316666666673,2.051300000000003,0.6442215291586852
5,8101671352385793,TLE00860ER1450011,4,8095758498234625,TLE00860ER1450011,vehicle_prev1_duration_sec,1358.006999999999,1369.9830000000004,11.976000000001477,0.07229804509010007,15.10001666666667,17.151316666666673,2.051300000000003,0.6442215291586852
5,8101671352385793,TLE00860ER1450011,4,8095758498234625,TLE00860ER1450011,similar_task_actual_distance_km,3.5,3.625,0.125,0.18835369773683697,15.10001666666667,17.151316666666673,2.051300000000003,0.6442215291586852
5,8101671352385793,TLE00860ER1450011,4,8095758498234625,TLE00860ER1450011,similar_task_duration_min,23.48384999999998,18.516683333333333,4.967166666666646,1.8050684116909521,15.10001666666667,17.151316666666673,2.051300000000003,0.6442215291586852
5,8101671352385793,TLE00860ER1450011,4,8095758498234625,TLE00860ER1450011,similar_task_energy_soc_delta_pct,10.400000000000006,13.2,2.7999999999999936,1.1532442574111288,15.10001666666667,17.151316666666673,2.051300000000003,0.6442215291586852
5,8101671352385793,TLE00860ER1450011,4,8095758498234625,TLE00860ER1450011,similar_top3_duration_mean_sec,1161.2303333333332,1050.99,110.24033333333318,0.681070143211536,15.10001666666667,17.151316666666673,2.051300000000003,0.6442215291586852
5,8101671352385793,TLE00860ER1450011,4,8095758498234625,TLE00860ER1450011,similar_top3_od_distance_mean_m,52.66261910138377,38.52288369557726,14.139735405806505,0.22696237913336725,15.10001666666667,17.151316666666673,2.051300000000003,0.6442215291586852
5,8101671352385793,TLE00860ER1450011,4,8095758498234625,TLE00860ER1450011,fleet_prev60m_speed_mean,3.448452373042825,3.3214210649663762,0.1270313080764489,0.5652227665065653,15.10001666666667,17.151316666666673,2.051300000000003,0.6442215291586852
5,8101671352385793,TLE00860ER1450011,4,8095758498234625,TLE00860ER1450011,fleet_prev60m_speed_min,0.001,0.001,0.0,0.0,15.10001666666667,17.151316666666673,2.051300000000003,0.6442215291586852
5,8101671352385793,TLE00860ER1450011,5,8096736035537153,TLE00900JR1450046,straight_line_distance_m,3004.05963593919,2924.9154358782002,79.14420006098953,0.21027408141752724,15.10001666666667,17.71643333333334,2.6164166666666713,0.6452575876173589
5,8101671352385793,TLE00860ER1450011,5,8096736035537153,TLE00900JR1450046,planned_total_distance_m,3548.059173685095,3617.5050536778504,69.44587999275518,0.1399364043134812,15.10001666666667,17.71643333333334,2.6164166666666713,0.6452575876173589
5,8101671352385793,TLE00860ER1450011,5,8096736035537153,TLE00900JR1450046,endpoint_altitude_change_m,116.62900000000002,114.10410000000002,2.5249000000000024,0.10835736866881618,15.10001666666667,17.71643333333334,2.6164166666666713,0.6452575876173589
5,8101671352385793,TLE00860ER1450011,5,8096736035537153,TLE00900JR1450046,planned_slope_mean,0.03547306041792638,0.034432456140350884,0.0010406042775754978,0.21847083798050337,15.10001666666667,17.71643333333334,2.6164166666666713,0.6452575876173589
5,8101671352385793,TLE00860ER1450011,5,8096736035537153,TLE00900JR1450046,planned_slope_std,0.034186184750107214,0.03417646691867668,9.717831430534896e-06,0.0017731194679606599,15.10001666666667,17.71643333333334,2.6164166666666713,0.6452575876173589
5,8101671352385793,TLE00860ER1450011,5,8096736035537153,TLE00900JR1450046,planned_cumulative_ascent_m,119.947,120.20999999999992,0.26299999999991996,0.01409812935784549,15.10001666666667,17.71643333333334,2.6164166666666713,0.6452575876173589
5,8101671352385793,TLE00860ER1450011,5,8096736035537153,TLE00900JR1450046,planned_cumulative_descent_m,2.158999999999992,2.4269999999999072,0.2679999999999154,0.07090238157126555,15.10001666666667,17.71643333333334,2.6164166666666713,0.6452575876173589
5,8101671352385793,TLE00860ER1450011,5,8096736035537153,TLE00900JR1450046,vehicle_prev1_duration_sec,1358.006999999999,1061.0250000000005,296.9819999999984,1.7928538766654425,15.10001666666667,17.71643333333334,2.6164166666666713,0.6452575876173589
5,8101671352385793,TLE00860ER1450011,5,8096736035537153,TLE00900JR1450046,similar_task_actual_distance_km,3.5,3.125,0.375,0.5650610932105109,15.10001666666667,17.71643333333334,2.6164166666666713,0.6452575876173589
5,8101671352385793,TLE00860ER1450011,5,8096736035537153,TLE00900JR1450046,similar_task_duration_min,23.48384999999998,19.798266666666652,3.6855833333333266,1.339341016740864,15.10001666666667,17.71643333333334,2.6164166666666713,0.6452575876173589
5,8101671352385793,TLE00860ER1450011,5,8096736035537153,TLE00900JR1450046,similar_task_energy_soc_delta_pct,10.400000000000006,12.0,1.5999999999999943,0.6589967185206442,15.10001666666667,17.71643333333334,2.6164166666666713,0.6452575876173589
5,8101671352385793,TLE00860ER1450011,5,8096736035537153,TLE00900JR1450046,similar_top3_duration_mean_sec,1161.2303333333332,1095.6470000000002,65.58333333333303,0.4051770243706002,15.10001666666667,17.71643333333334,2.6164166666666713,0.6452575876173589
5,8101671352385793,TLE00860ER1450011,5,8096736035537153,TLE00900JR1450046,similar_top3_od_distance_mean_m,52.66261910138377,72.46216330900064,19.799544207616876,0.3178101661839896,15.10001666666667,17.71643333333334,2.6164166666666713,0.6452575876173589
5,8101671352385793,TLE00860ER1450011,5,8096736035537153,TLE00900JR1450046,fleet_prev60m_speed_mean,3.448452373042825,3.3810432266806605,0.06740914636216466,0.29993538421047317,15.10001666666667,17.71643333333334,2.6164166666666713,0.6452575876173589
5,8101671352385793,TLE00860ER1450011,5,8096736035537153,TLE00900JR1450046,fleet_prev60m_speed_min,0.001,0.001,0.0,0.0,15.10001666666667,17.71643333333334,2.6164166666666713,0.6452575876173589
6,8101292847579393,TLE00900AR1450049,1,8091942191808769,TLE00860VR1450004,straight_line_distance_m,2407.582176025762,2204.880956970302,202.70121905545966,0.5385462561533768,18.166766666666668,23.133683333333334,4.966916666666666,0.9669088372050431
6,8101292847579393,TLE00900AR1450049,1,8091942191808769,TLE00860VR1450004,planned_total_distance_m,3753.806319294632,4228.595018557412,474.78869926278,0.9567194395180747,18.166766666666668,23.133683333333334,4.966916666666666,0.9669088372050431
6,8101292847579393,TLE00900AR1450049,1,8091942191808769,TLE00860VR1450004,endpoint_altitude_change_m,150.05020000000002,179.5136,29.46339999999998,1.2644368078089405,18.166766666666668,23.133683333333334,4.966916666666666,0.9669088372050431
6,8101292847579393,TLE00900AR1450049,1,8091942191808769,TLE00860VR1450004,planned_slope_mean,0.037993220338983044,0.03906827411167512,0.0010750537726920764,0.22570337606276025,18.166766666666668,23.133683333333334,4.966916666666666,0.9669088372050431
6,8101292847579393,TLE00900AR1450049,1,8091942191808769,TLE00860VR1450004,planned_slope_std,0.0332053678071986,0.03353550465026893,0.00033013684307033053,0.06023690241217339,18.166766666666668,23.133683333333334,4.966916666666666,0.9669088372050431
6,8101292847579393,TLE00900AR1450049,1,8091942191808769,TLE00860VR1450004,planned_cumulative_ascent_m,135.31400000000008,154.33500000000015,19.021000000000072,1.0196217434055532,18.166766666666668,23.133683333333334,4.966916666666666,0.9669088372050431
6,8101292847579393,TLE00900AR1450049,1,8091942191808769,TLE00860VR1450004,planned_cumulative_descent_m,1.0449999999998454,0.7480000000000473,0.2969999999997981,0.07857465420394849,18.166766666666668,23.133683333333334,4.966916666666666,0.9669088372050431
6,8101292847579393,TLE00900AR1450049,1,8091942191808769,TLE00860VR1450004,vehicle_prev1_duration_sec,976.9219999999998,1079.0150000000003,102.09300000000053,0.61632634580684,18.166766666666668,23.133683333333334,4.966916666666666,0.9669088372050431
6,8101292847579393,TLE00900AR1450049,1,8091942191808769,TLE00860VR1450004,similar_task_actual_distance_km,4.0,4.875,0.875,1.318475884157859,18.166766666666668,23.133683333333334,4.966916666666666,0.9669088372050431
6,8101292847579393,TLE00900AR1450049,1,8091942191808769,TLE00860VR1450004,similar_task_duration_min,26.78336666666663,23.216716666666688,3.5666499999999424,1.2961206423294547,18.166766666666668,23.133683333333334,4.966916666666666,0.9669088372050431
6,8101292847579393,TLE00900AR1450049,1,8091942191808769,TLE00860VR1450004,similar_task_energy_soc_delta_pct,12.400000000000006,16.800000000000004,4.399999999999999,1.8122409759317772,18.166766666666668,23.133683333333334,4.966916666666666,0.9669088372050431
6,8101292847579393,TLE00900AR1450049,1,8091942191808769,TLE00860VR1450004,similar_top3_duration_mean_sec,1274.659333333332,1367.6646666666672,93.00533333333533,0.5745914746215519,18.166766666666668,23.133683333333334,4.966916666666666,0.9669088372050431
6,8101292847579393,TLE00900AR1450049,1,8091942191808769,TLE00860VR1450004,similar_top3_od_distance_mean_m,64.56308522123294,46.993689590530714,17.569395630702225,0.2820131860913079,18.166766666666668,23.133683333333334,4.966916666666666,0.9669088372050431
6,8101292847579393,TLE00900AR1450049,1,8091942191808769,TLE00860VR1450004,fleet_prev60m_speed_mean,2.411078721744793,2.775353994915591,0.3642752731707981,1.6208341139620663,18.166766666666668,23.133683333333334,4.966916666666666,0.9669088372050431
6,8101292847579393,TLE00900AR1450049,1,8091942191808769,TLE00860VR1450004,fleet_prev60m_speed_min,0.001,0.001,0.0,0.0,18.166766666666668,23.133683333333334,4.966916666666666,0.9669088372050431
6,8101292847579393,TLE00900AR1450049,2,8098066886721793,TLE00900AR1450049,straight_line_distance_m,2407.582176025762,2350.303043352645,57.27913267311669,0.1521819286561843,18.166766666666668,19.93473333333333,1.7679666666666627,0.9924467177134597
6,8101292847579393,TLE00900AR1450049,2,8098066886721793,TLE00900AR1450049,planned_total_distance_m,3753.806319294632,3793.813874396731,40.007555102099104,0.08061692654690636,18.166766666666668,19.93473333333333,1.7679666666666627,0.9924467177134597
6,8101292847579393,TLE00900AR1450049,2,8098066886721793,TLE00900AR1450049,endpoint_altitude_change_m,150.05020000000002,146.79459999999995,3.255600000000072,0.13971573109359003,18.166766666666668,19.93473333333333,1.7679666666666627,0.9924467177134597
6,8101292847579393,TLE00900AR1450049,2,8098066886721793,TLE00900AR1450049,planned_slope_mean,0.037993220338983044,0.03729609371296888,0.0006971266260141634,0.14635903527004815,18.166766666666668,19.93473333333333,1.7679666666666627,0.9924467177134597
6,8101292847579393,TLE00900AR1450049,2,8098066886721793,TLE00900AR1450049,planned_slope_std,0.0332053678071986,0.03342284858006808,0.00021748077286948275,0.03968163010837372,18.166766666666668,19.93473333333333,1.7679666666666627,0.9924467177134597
6,8101292847579393,TLE00900AR1450049,2,8098066886721793,TLE00900AR1450049,planned_cumulative_ascent_m,135.31400000000008,136.56200000000013,1.2480000000000473,0.06689910813154798,18.166766666666668,19.93473333333333,1.7679666666666627,0.9924467177134597
6,8101292847579393,TLE00900AR1450049,2,8098066886721793,TLE00900AR1450049,planned_cumulative_descent_m,1.0449999999998454,1.11300000000017,0.06800000000032469,0.017990156518173872,18.166766666666668,19.93473333333333,1.7679666666666627,0.9924467177134597
6,8101292847579393,TLE00900AR1450049,2,8098066886721793,TLE00900AR1450049,vehicle_prev1_duration_sec,976.9219999999998,1118.0599999999997,141.13799999999992,0.8520375323918906,18.166766666666668,19.93473333333333,1.7679666666666627,0.9924467177134597
6,8101292847579393,TLE00900AR1450049,2,8098066886721793,TLE00900AR1450049,similar_task_actual_distance_km,4.0,4.0,0.0,0.0,18.166766666666668,19.93473333333333,1.7679666666666627,0.9924467177134597
6,8101292847579393,TLE00900AR1450049,2,8098066886721793,TLE00900AR1450049,similar_task_duration_min,26.78336666666663,20.15021666666667,6.6331499999999615,2.410486770125387,18.166766666666668,19.93473333333333,1.7679666666666627,0.9924467177134597
6,8101292847579393,TLE00900AR1450049,2,8098066886721793,TLE00900AR1450049,similar_task_energy_soc_delta_pct,12.400000000000006,14.0,1.5999999999999943,0.6589967185206441,18.166766666666668,19.93473333333333,1.7679666666666627,0.9924467177134597
6,8101292847579393,TLE00900AR1450049,2,8098066886721793,TLE00900AR1450049,similar_top3_duration_mean_sec,1274.659333333332,1230.0069999999998,44.65233333333208,0.2758642879471981,18.166766666666668,19.93473333333333,1.7679666666666627,0.9924467177134597
6,8101292847579393,TLE00900AR1450049,2,8098066886721793,TLE00900AR1450049,similar_top3_od_distance_mean_m,64.56308522123294,42.13477322507949,22.428311996153447,0.3600055379043411,18.166766666666668,19.93473333333333,1.7679666666666627,0.9924467177134597
6,8101292847579393,TLE00900AR1450049,2,8098066886721793,TLE00900AR1450049,fleet_prev60m_speed_mean,2.411078721744793,3.027426264809854,0.6163475430650611,2.742423648909472,18.166766666666668,19.93473333333333,1.7679666666666627,0.9924467177134597
6,8101292847579393,TLE00900AR1450049,2,8098066886721793,TLE00900AR1450049,fleet_prev60m_speed_min,0.001,0.001,0.0,0.0,18.166766666666668,19.93473333333333,1.7679666666666627,0.9924467177134597
6,8101292847579393,TLE00900AR1450049,3,8098089885221121,TLE00900AR1450052,straight_line_distance_m,2407.582176025762,2389.863086951702,17.719089074059866,0.04707692004887387,18.166766666666668,21.183466666666654,3.016699999999986,1.013651403575645
6,8101292847579393,TLE00900AR1450049,3,8098089885221121,TLE00900AR1450052,planned_total_distance_m,3753.806319294632,3752.706657135376,1.0996621592557858,0.0022158660606202696,18.166766666666668,21.183466666666654,3.016699999999986,1.013651403575645
6,8101292847579393,TLE00900AR1450049,3,8098089885221121,TLE00900AR1450052,endpoint_altitude_change_m,150.05020000000002,147.0969,2.953300000000013,0.12674237272352012,18.166766666666668,21.183466666666654,3.016699999999986,1.013651403575645
6,8101292847579393,TLE00900AR1450049,3,8098089885221121,TLE00900AR1450052,planned_slope_mean,0.037993220338983044,0.03757833333333331,0.00041488700564973335,0.08710392004413312,18.166766666666668,21.183466666666654,3.016699999999986,1.013651403575645
6,8101292847579393,TLE00900AR1450049,3,8098089885221121,TLE00900AR1450052,planned_slope_std,0.0332053678071986,0.033241934736113025,3.656692891442631e-05,0.0066720166947920045,18.166766666666668,21.183466666666654,3.016699999999986,1.013651403575645
6,8101292847579393,TLE00900AR1450049,3,8098089885221121,TLE00900AR1450052,planned_cumulative_ascent_m,135.31400000000008,135.73400000000015,0.42000000000007276,0.022514122928889435,18.166766666666668,21.183466666666654,3.016699999999986,1.013651403575645
6,8101292847579393,TLE00900AR1450049,3,8098089885221121,TLE00900AR1450052,planned_cumulative_descent_m,1.0449999999998454,0.9690000000000509,0.07599999999979445,0.020106645520161615,18.166766666666668,21.183466666666654,3.016699999999986,1.013651403575645
6,8101292847579393,TLE00900AR1450049,3,8098089885221121,TLE00900AR1450052,vehicle_prev1_duration_sec,976.9219999999998,1119.0479999999982,142.12599999999838,0.8580020003735955,18.166766666666668,21.183466666666654,3.016699999999986,1.013651403575645
6,8101292847579393,TLE00900AR1450049,3,8098089885221121,TLE00900AR1450052,similar_task_actual_distance_km,4.0,4.0,0.0,0.0,18.166766666666668,21.183466666666654,3.016699999999986,1.013651403575645
6,8101292847579393,TLE00900AR1450049,3,8098089885221121,TLE00900AR1450052,similar_task_duration_min,26.78336666666663,19.43346666666667,7.349899999999959,2.6709537266222814,18.166766666666668,21.183466666666654,3.016699999999986,1.013651403575645
6,8101292847579393,TLE00900AR1450049,3,8098089885221121,TLE00900AR1450052,similar_task_energy_soc_delta_pct,12.400000000000006,14.400000000000006,2.0,0.8237458981508081,18.166766666666668,21.183466666666654,3.016699999999986,1.013651403575645
6,8101292847579393,TLE00900AR1450049,3,8098089885221121,TLE00900AR1450052,similar_top3_duration_mean_sec,1274.659333333332,1172.9983333333328,101.66099999999915,0.6280666044402454,18.166766666666668,21.183466666666654,3.016699999999986,1.013651403575645
6,8101292847579393,TLE00900AR1450049,3,8098089885221121,TLE00900AR1450052,similar_top3_od_distance_mean_m,64.56308522123294,37.981018354598454,26.582066866634484,0.42667906896306573,18.166766666666668,21.183466666666654,3.016699999999986,1.013651403575645
6,8101292847579393,TLE00900AR1450049,3,8098089885221121,TLE00900AR1450052,fleet_prev60m_speed_mean,2.411078721744793,2.9734040069101826,0.5623252851653895,2.5020529046783926,18.166766666666668,21.183466666666654,3.016699999999986,1.013651403575645
6,8101292847579393,TLE00900AR1450049,3,8098089885221121,TLE00900AR1450052,fleet_prev60m_speed_min,0.001,0.001,0.0,0.0,18.166766666666668,21.183466666666654,3.016699999999986,1.013651403575645
6,8101292847579393,TLE00900AR1450049,4,8098044756459777,TLE00860HR1450010,straight_line_distance_m,2407.582176025762,2402.0547313406373,5.527444685124465,0.014685578385466913,18.166766666666668,18.816616666666672,0.6498500000000043,1.0170323103271963
6,8101292847579393,TLE00900AR1450049,4,8098044756459777,TLE00860HR1450010,planned_total_distance_m,3753.806319294632,3708.348472485245,45.457846809386865,0.09159949634164438,18.166766666666668,18.816616666666672,0.6498500000000043,1.0170323103271963
6,8101292847579393,TLE00900AR1450049,4,8098044756459777,TLE00860HR1450010,endpoint_altitude_change_m,150.05020000000002,147.15980000000002,2.8903999999999996,0.12404298720755119,18.166766666666668,18.816616666666672,0.6498500000000043,1.0170323103271963
6,8101292847579393,TLE00900AR1450049,4,8098044756459777,TLE00860HR1450010,planned_slope_mean,0.037993220338983044,0.03809347352688672,0.00010025318790367332,0.021047768535569306,18.166766666666668,18.816616666666672,0.6498500000000043,1.0170323103271963
6,8101292847579393,TLE00900AR1450049,4,8098044756459777,TLE00860HR1450010,planned_slope_std,0.0332053678071986,0.03341815659014861,0.00021278878295000886,0.03882552772286069,18.166766666666668,18.816616666666672,0.6498500000000043,1.0170323103271963
6,8101292847579393,TLE00900AR1450049,4,8098044756459777,TLE00860HR1450010,planned_cumulative_ascent_m,135.31400000000008,136.43000000000018,1.1160000000000991,0.059823240925329646,18.166766666666668,18.816616666666672,0.6498500000000043,1.0170323103271963
6,8101292847579393,TLE00900AR1450049,4,8098044756459777,TLE00860HR1450010,planned_cumulative_descent_m,1.0449999999998454,1.0020000000000664,0.04299999999977899,0.011376128386379525,18.166766666666668,18.816616666666672,0.6498500000000043,1.0170323103271963
6,8101292847579393,TLE00900AR1450049,4,8098044756459777,TLE00860HR1450010,vehicle_prev1_duration_sec,976.9219999999998,1166.0080000000003,189.08600000000047,1.1414953368324159,18.166766666666668,18.816616666666672,0.6498500000000043,1.0170323103271963
6,8101292847579393,TLE00900AR1450049,4,8098044756459777,TLE00860HR1450010,similar_task_actual_distance_km,4.0,3.75,0.25,0.37670739547367393,18.166766666666668,18.816616666666672,0.6498500000000043,1.0170323103271963
6,8101292847579393,TLE00900AR1450049,4,8098044756459777,TLE00860HR1450010,similar_task_duration_min,26.78336666666663,18.999266666666664,7.784099999999967,2.8287420105580385,18.166766666666668,18.816616666666672,0.6498500000000043,1.0170323103271963
6,8101292847579393,TLE00900AR1450049,4,8098044756459777,TLE00860HR1450010,similar_task_energy_soc_delta_pct,12.400000000000006,13.200000000000003,0.7999999999999972,0.329498359260322,18.166766666666668,18.816616666666672,0.6498500000000043,1.0170323103271963
6,8101292847579393,TLE00900AR1450049,4,8098044756459777,TLE00860HR1450010,similar_top3_duration_mean_sec,1274.659333333332,1115.3079999999998,159.35133333333215,0.9844802907672802,18.166766666666668,18.816616666666672,0.6498500000000043,1.0170323103271963
6,8101292847579393,TLE00900AR1450049,4,8098044756459777,TLE00860HR1450010,similar_top3_od_distance_mean_m,64.56308522123294,50.65182707295266,13.911258148280275,0.22329500202497204,18.166766666666668,18.816616666666672,0.6498500000000043,1.0170323103271963
6,8101292847579393,TLE00900AR1450049,4,8098044756459777,TLE00860HR1450010,fleet_prev60m_speed_mean,2.411078721744793,2.9091494002293827,0.49807067848458964,2.216153569318827,18.166766666666668,18.816616666666672,0.6498500000000043,1.0170323103271963
6,8101292847579393,TLE00900AR1450049,4,8098044756459777,TLE00860HR1450010,fleet_prev60m_speed_min,0.001,0.001,0.0,0.0,18.166766666666668,18.816616666666672,0.6498500000000043,1.0170323103271963
6,8101292847579393,TLE00900AR1450049,5,8098102264316161,TLE00860VR1450004,straight_line_distance_m,2407.582176025762,2387.5780080833556,20.004167942406184,0.05314802645512795,18.166766666666668,18.63316666666667,0.4664000000000037,1.0220102267074558
6,8101292847579393,TLE00900AR1450049,5,8098102264316161,TLE00860VR1450004,planned_total_distance_m,3753.806319294632,3726.833194521453,26.973124773178824,0.0543519945927865,18.166766666666668,18.63316666666667,0.4664000000000037,1.0220102267074558
6,8101292847579393,TLE00900AR1450049,5,8098102264316161,TLE00860VR1450004,endpoint_altitude_change_m,150.05020000000002,147.25400000000002,2.796199999999999,0.12000034625994829,18.166766666666668,18.63316666666667,0.4664000000000037,1.0220102267074558
6,8101292847579393,TLE00900AR1450049,5,8098102264316161,TLE00860VR1450004,planned_slope_mean,0.037993220338983044,0.03781341114189134,0.00017980919709170706,0.03775024455670342,18.166766666666668,18.63316666666667,0.4664000000000037,1.0220102267074558
6,8101292847579393,TLE00900AR1450049,5,8098102264316161,TLE00860VR1450004,planned_slope_std,0.0332053678071986,0.033362133308423234,0.0001567655012246344,0.028603496995493027,18.166766666666668,18.63316666666667,0.4664000000000037,1.0220102267074558
6,8101292847579393,TLE00900AR1450049,5,8098102264316161,TLE00860VR1450004,planned_cumulative_ascent_m,135.31400000000008,135.69899999999984,0.38499999999976353,0.020637946018132403,18.166766666666668,18.63316666666667,0.4664000000000037,1.0220102267074558
6,8101292847579393,TLE00900AR1450049,5,8098102264316161,TLE00860VR1450004,planned_cumulative_descent_m,1.0449999999998454,0.7099999999999227,0.3349999999999227,0.08862797696408947,18.166766666666668,18.63316666666667,0.4664000000000037,1.0220102267074558
6,8101292847579393,TLE00900AR1450049,5,8098102264316161,TLE00860VR1450004,vehicle_prev1_duration_sec,976.9219999999998,1056.0820000000006,79.16000000000076,0.477881867846666,18.166766666666668,18.63316666666667,0.4664000000000037,1.0220102267074558
6,8101292847579393,TLE00900AR1450049,5,8098102264316161,TLE00860VR1450004,similar_task_actual_distance_km,4.0,4.0,0.0,0.0,18.166766666666668,18.63316666666667,0.4664000000000037,1.0220102267074558
6,8101292847579393,TLE00900AR1450049,5,8098102264316161,TLE00860VR1450004,similar_task_duration_min,26.78336666666663,18.81583333333332,7.967533333333311,2.8954016855540856,18.166766666666668,18.63316666666667,0.4664000000000037,1.0220102267074558
6,8101292847579393,TLE00900AR1450049,5,8098102264316161,TLE00860VR1450004,similar_task_energy_soc_delta_pct,12.400000000000006,14.0,1.5999999999999943,0.6589967185206441,18.166766666666668,18.63316666666667,0.4664000000000037,1.0220102267074558
6,8101292847579393,TLE00900AR1450049,5,8098102264316161,TLE00860VR1450004,similar_top3_duration_mean_sec,1274.659333333332,1132.6343333333332,142.02499999999873,0.8774373604000139,18.166766666666668,18.63316666666667,0.4664000000000037,1.0220102267074558
6,8101292847579393,TLE00900AR1450049,5,8098102264316161,TLE00860VR1450004,similar_top3_od_distance_mean_m,64.56308522123294,34.32819901771987,30.23488620351307,0.4853118894118756,18.166766666666668,18.63316666666667,0.4664000000000037,1.0220102267074558
6,8101292847579393,TLE00900AR1450049,5,8098102264316161,TLE00860VR1450004,fleet_prev60m_speed_mean,2.411078721744793,2.942232318375799,0.5311535966310057,2.363355222218238,18.166766666666668,18.63316666666667,0.4664000000000037,1.0220102267074558
6,8101292847579393,TLE00900AR1450049,5,8098102264316161,TLE00860VR1450004,fleet_prev60m_speed_min,0.001,0.001,0.0,0.0,18.166766666666668,18.63316666666667,0.4664000000000037,1.0220102267074558
7,8101314900230401,TLE00900JR1450046,1,8068369547542785,TLE00860ER1450011,straight_line_distance_m,2844.0253444802856,2168.139455997033,675.8858884832525,1.795725829995941,21.249816666666685,22.231949999999994,0.9821333333333087,1.068262164577186
7,8101314900230401,TLE00900JR1450046,1,8068369547542785,TLE00860ER1450011,planned_total_distance_m,4286.890905473795,4390.519077414099,103.62817194030413,0.20881517763786972,21.249816666666685,22.231949999999994,0.9821333333333087,1.068262164577186
7,8101314900230401,TLE00900JR1450046,1,8068369547542785,TLE00860ER1450011,endpoint_altitude_change_m,189.37660000000005,173.5938000000001,15.782799999999952,0.677326895412169,21.249816666666685,22.231949999999994,0.9821333333333087,1.068262164577186
7,8101314900230401,TLE00900JR1450046,1,8068369547542785,TLE00860ER1450011,planned_slope_mean,0.04576721571524087,0.038786084905660365,0.006981130809580509,1.4656613766513271,21.249816666666685,22.231949999999994,0.9821333333333087,1.068262164577186
7,8101314900230401,TLE00900JR1450046,1,8068369547542785,TLE00860ER1450011,planned_slope_std,0.03190307018035342,0.03392951082693438,0.00202644064658096,0.36974518304869836,21.249816666666685,22.231949999999994,0.9821333333333087,1.068262164577186
7,8101314900230401,TLE00900JR1450046,1,8068369547542785,TLE00860ER1450011,planned_cumulative_ascent_m,177.81299999999987,165.45899999999972,12.354000000000156,0.662236844436797,21.249816666666685,22.231949999999994,0.9821333333333087,1.068262164577186
7,8101314900230401,TLE00900JR1450046,1,8068369547542785,TLE00860ER1450011,planned_cumulative_descent_m,0.45100000000002183,1.030999999999949,0.5799999999999272,0.15344545265426057,21.249816666666685,22.231949999999994,0.9821333333333087,1.068262164577186
7,8101314900230401,TLE00900JR1450046,1,8068369547542785,TLE00860ER1450011,vehicle_prev1_duration_sec,1607.001999999998,1287.0630000000012,319.93899999999667,1.9314432404875115,21.249816666666685,22.231949999999994,0.9821333333333087,1.068262164577186
7,8101314900230401,TLE00900JR1450046,1,8068369547542785,TLE00860ER1450011,similar_task_actual_distance_km,4.25,4.375,0.125,0.18835369773683708,21.249816666666685,22.231949999999994,0.9821333333333087,1.068262164577186
7,8101314900230401,TLE00900JR1450046,1,8068369547542785,TLE00860ER1450011,similar_task_duration_min,30.88328333333335,23.964616666666682,6.918666666666667,2.5142435293800998,21.249816666666685,22.231949999999994,0.9821333333333087,1.068262164577186
7,8101314900230401,TLE00900JR1450046,1,8068369547542785,TLE00860ER1450011,similar_task_energy_soc_delta_pct,17.599999999999994,18.0,0.4000000000000057,0.1647491796301639,21.249816666666685,22.231949999999994,0.9821333333333087,1.068262164577186
7,8101314900230401,TLE00900JR1450046,1,8068369547542785,TLE00860ER1450011,similar_top3_duration_mean_sec,1474.6653333333336,1368.5523333333338,106.11299999999983,0.6555712770577529,21.249816666666685,22.231949999999994,0.9821333333333087,1.068262164577186
7,8101314900230401,TLE00900JR1450046,1,8068369547542785,TLE00860ER1450011,similar_top3_od_distance_mean_m,35.75757490183958,30.16332037853883,5.5942545233007515,0.08979554989158711,21.249816666666685,22.231949999999994,0.9821333333333087,1.068262164577186
7,8101314900230401,TLE00900JR1450046,1,8068369547542785,TLE00860ER1450011,fleet_prev60m_speed_mean,3.0093258586364553,3.077281664381128,0.06795580574467275,0.3023677320560296,21.249816666666685,22.231949999999994,0.9821333333333087,1.068262164577186
7,8101314900230401,TLE00900JR1450046,1,8068369547542785,TLE00860ER1450011,fleet_prev60m_speed_min,0.001,0.001,0.0,0.0,21.249816666666685,22.231949999999994,0.9821333333333087,1.068262164577186
7,8101314900230401,TLE00900JR1450046,2,8097832495923457,TLE00900VR1450048,straight_line_distance_m,2844.0253444802856,2612.2324565281083,231.79288795217735,0.6158383881029846,21.249816666666685,22.999866666666662,1.7500499999999768,1.079945879284101
7,8101314900230401,TLE00900JR1450046,2,8097832495923457,TLE00900VR1450048,planned_total_distance_m,4286.890905473795,4693.06964115619,406.1787356823952,0.8184674423582785,21.249816666666685,22.999866666666662,1.7500499999999768,1.079945879284101
7,8101314900230401,TLE00900JR1450046,2,8097832495923457,TLE00900VR1450048,endpoint_altitude_change_m,189.37660000000005,185.54779999999994,3.828800000000115,0.16431490085119238,21.249816666666685,22.999866666666662,1.7500499999999768,1.079945879284101
7,8101314900230401,TLE00900JR1450046,2,8097832495923457,TLE00900VR1450048,planned_slope_mean,0.04576721571524087,0.04044369369369371,0.005323522021547164,1.1176528312614897,21.249816666666685,22.999866666666662,1.7500499999999768,1.079945879284101
7,8101314900230401,TLE00900JR1450046,2,8097832495923457,TLE00900VR1450048,planned_slope_std,0.03190307018035342,0.033781011856252915,0.0018779416758994971,0.3426500005720735,21.249816666666685,22.999866666666662,1.7500499999999768,1.079945879284101
7,8101314900230401,TLE00900JR1450046,2,8097832495923457,TLE00900VR1450048,planned_cumulative_ascent_m,177.81299999999987,180.20100000000002,2.3880000000001473,0.12800887036709963,21.249816666666685,22.999866666666662,1.7500499999999768,1.079945879284101
7,8101314900230401,TLE00900JR1450046,2,8097832495923457,TLE00900VR1450048,planned_cumulative_descent_m,0.45100000000002183,0.8569999999999709,0.40599999999994907,0.1074118168579824,21.249816666666685,22.999866666666662,1.7500499999999768,1.079945879284101
7,8101314900230401,TLE00900JR1450046,2,8097832495923457,TLE00900VR1450048,vehicle_prev1_duration_sec,1607.001999999998,1330.9919999999984,276.00999999999954,1.6662477810050125,21.249816666666685,22.999866666666662,1.7500499999999768,1.079945879284101
7,8101314900230401,TLE00900JR1450046,2,8097832495923457,TLE00900VR1450048,similar_task_actual_distance_km,4.25,4.5,0.25,0.37670739547367404,21.249816666666685,22.999866666666662,1.7500499999999768,1.079945879284101
7,8101314900230401,TLE00900JR1450046,2,8097832495923457,TLE00900VR1450048,similar_task_duration_min,30.88328333333335,22.56476666666666,8.318516666666689,3.0229490320688823,21.249816666666685,22.999866666666662,1.7500499999999768,1.079945879284101
7,8101314900230401,TLE00900JR1450046,2,8097832495923457,TLE00900VR1450048,similar_task_energy_soc_delta_pct,17.599999999999994,18.000000000000007,0.4000000000000128,0.16474917963016678,21.249816666666685,22.999866666666662,1.7500499999999768,1.079945879284101
7,8101314900230401,TLE00900JR1450046,2,8097832495923457,TLE00900VR1450048,similar_top3_duration_mean_sec,1474.6653333333336,1336.9903333333332,137.6750000000004,0.8505628487454557,21.249816666666685,22.999866666666662,1.7500499999999768,1.079945879284101
7,8101314900230401,TLE00900JR1450046,2,8097832495923457,TLE00900VR1450048,similar_top3_od_distance_mean_m,35.75757490183958,48.30938058133031,12.551805679490727,0.20147390298881176,21.249816666666685,22.999866666666662,1.7500499999999768,1.079945879284101
7,8101314900230401,TLE00900JR1450046,2,8097832495923457,TLE00900VR1450048,fleet_prev60m_speed_mean,3.0093258586364553,3.340847933893259,0.33152207525680355,1.4750995433494118,21.249816666666685,22.999866666666662,1.7500499999999768,1.079945879284101
7,8101314900230401,TLE00900JR1450046,2,8097832495923457,TLE00900VR1450048,fleet_prev60m_speed_min,0.001,0.001,0.0,0.0,21.249816666666685,22.999866666666662,1.7500499999999768,1.079945879284101
7,8101314900230401,TLE00900JR1450046,3,8096884008911105,TLE00900AR1450049,straight_line_distance_m,2844.0253444802856,2657.966758218607,186.05858626167856,0.4943293164359399,21.249816666666685,22.149716666666652,0.8998999999999668,1.0859190023950147
7,8101314900230401,TLE00900JR1450046,3,8096884008911105,TLE00900AR1450049,planned_total_distance_m,4286.890905473795,4457.164758480589,170.27385300679362,0.3431090619178374,21.249816666666685,22.149716666666652,0.8998999999999668,1.0859190023950147
7,8101314900230401,TLE00900JR1450046,3,8096884008911105,TLE00900AR1450049,endpoint_altitude_change_m,189.37660000000005,182.44169999999997,6.934900000000084,0.2976147633495907,21.249816666666685,22.149716666666652,0.8998999999999668,1.0859190023950147
7,8101314900230401,TLE00900JR1450046,3,8096884008911105,TLE00900AR1450049,planned_slope_mean,0.04576721571524087,0.042392512077294685,0.0033747036379461887,0.7085059590911267,21.249816666666685,22.149716666666652,0.8998999999999668,1.0859190023950147
7,8101314900230401,TLE00900JR1450046,3,8096884008911105,TLE00900AR1450049,planned_slope_std,0.03190307018035342,0.03388255546301024,0.0019794852826568246,0.3611776882846448,21.249816666666685,22.149716666666652,0.8998999999999668,1.0859190023950147
7,8101314900230401,TLE00900JR1450046,3,8096884008911105,TLE00900AR1450049,planned_cumulative_ascent_m,177.81299999999987,178.39499999999998,0.5820000000001073,0.03119814177288993,21.249816666666685,22.149716666666652,0.8998999999999668,1.0859190023950147
7,8101314900230401,TLE00900JR1450046,3,8096884008911105,TLE00900AR1450049,planned_cumulative_descent_m,0.45100000000002183,3.0149999999999864,2.5639999999999645,0.678334725182014,21.249816666666685,22.149716666666652,0.8998999999999668,1.0859190023950147
7,8101314900230401,TLE00900JR1450046,3,8096884008911105,TLE00900AR1450049,vehicle_prev1_duration_sec,1607.001999999998,1271.0429999999994,335.95899999999847,2.028154553308436,21.249816666666685,22.149716666666652,0.8998999999999668,1.0859190023950147
7,8101314900230401,TLE00900JR1450046,3,8096884008911105,TLE00900AR1450049,similar_task_actual_distance_km,4.25,4.625,0.375,0.565061093210511,21.249816666666685,22.149716666666652,0.8998999999999668,1.0859190023950147
7,8101314900230401,TLE00900JR1450046,3,8096884008911105,TLE00900AR1450049,similar_task_duration_min,30.88328333333335,22.150816666666678,8.73246666666667,3.1733784658210764,21.249816666666685,22.149716666666652,0.8998999999999668,1.0859190023950147
7,8101314900230401,TLE00900JR1450046,3,8096884008911105,TLE00900AR1450049,similar_task_energy_soc_delta_pct,17.599999999999994,18.799999999999997,1.2000000000000028,0.4942475388904859,21.249816666666685,22.149716666666652,0.8998999999999668,1.0859190023950147
7,8101314900230401,TLE00900JR1450046,3,8096884008911105,TLE00900AR1450049,similar_top3_duration_mean_sec,1474.6653333333336,1319.3910000000003,155.2743333333333,0.9592923863958673,21.249816666666685,22.149716666666652,0.8998999999999668,1.0859190023950147
7,8101314900230401,TLE00900JR1450046,3,8096884008911105,TLE00900AR1450049,similar_top3_od_distance_mean_m,35.75757490183958,58.31322634495543,22.55565144311585,0.36204951277449643,21.249816666666685,22.149716666666652,0.8998999999999668,1.0859190023950147
7,8101314900230401,TLE00900JR1450046,3,8096884008911105,TLE00900AR1450049,fleet_prev60m_speed_mean,3.0093258586364553,3.1414223117266205,0.13209645309016516,0.5877600080792229,21.249816666666685,22.149716666666652,0.8998999999999668,1.0859190023950147
7,8101314900230401,TLE00900JR1450046,3,8096884008911105,TLE00900AR1450049,fleet_prev60m_speed_min,0.001,0.001,0.0,0.0,21.249816666666685,22.149716666666652,0.8998999999999668,1.0859190023950147
7,8101314900230401,TLE00900JR1450046,4,8096488157053185,TLE00900AR1450049,straight_line_distance_m,2844.0253444802856,2222.6873101048523,621.3380343754334,1.650800492359323,21.249816666666685,22.515100000000025,1.2652833333333398,1.0929521356857932
7,8101314900230401,TLE00900JR1450046,4,8096488157053185,TLE00900AR1450049,planned_total_distance_m,4286.890905473795,4189.355258858596,97.53564661519886,0.1965384797650368,21.249816666666685,22.515100000000025,1.2652833333333398,1.0929521356857932
7,8101314900230401,TLE00900JR1450046,4,8096488157053185,TLE00900AR1450049,endpoint_altitude_change_m,189.37660000000005,179.86170000000004,9.514900000000011,0.4083367765641883,21.249816666666685,22.515100000000025,1.2652833333333398,1.0929521356857932
7,8101314900230401,TLE00900JR1450046,4,8096488157053185,TLE00900AR1450049,planned_slope_mean,0.04576721571524087,0.03866843361575159,0.007098782099489283,1.4903618093227584,21.249816666666685,22.515100000000025,1.2652833333333398,1.0929521356857932
7,8101314900230401,TLE00900JR1450046,4,8096488157053185,TLE00900AR1450049,planned_slope_std,0.03190307018035342,0.033390243934391835,0.0014871737540384164,0.27135032690935795,21.249816666666685,22.515100000000025,1.2652833333333398,1.0929521356857932
7,8101314900230401,TLE00900JR1450046,4,8096488157053185,TLE00900AR1450049,planned_cumulative_ascent_m,177.81299999999987,151.37099999999998,26.441999999999894,1.4174248535371132,21.249816666666685,22.515100000000025,1.2652833333333398,1.0929521356857932
7,8101314900230401,TLE00900JR1450046,4,8096488157053185,TLE00900AR1450049,planned_cumulative_descent_m,0.45100000000002183,0.9059999999998354,0.45499999999981355,0.12037531199598056,21.249816666666685,22.515100000000025,1.2652833333333398,1.0929521356857932
7,8101314900230401,TLE00900JR1450046,4,8096488157053185,TLE00900AR1450049,vehicle_prev1_duration_sec,1607.001999999998,1356.028,250.9739999999979,1.51510767939549,21.249816666666685,22.515100000000025,1.2652833333333398,1.0929521356857932
7,8101314900230401,TLE00900JR1450046,4,8096488157053185,TLE00900AR1450049,similar_task_actual_distance_km,4.25,4.875,0.625,0.941768488684185,21.249816666666685,22.515100000000025,1.2652833333333398,1.0929521356857932
7,8101314900230401,TLE00900JR1450046,4,8096488157053185,TLE00900AR1450049,similar_task_duration_min,30.88328333333335,23.86480000000004,7.018483333333307,2.5505169069515334,21.249816666666685,22.515100000000025,1.2652833333333398,1.0929521356857932
7,8101314900230401,TLE00900JR1450046,4,8096488157053185,TLE00900AR1450049,similar_task_energy_soc_delta_pct,17.599999999999994,18.0,0.4000000000000057,0.1647491796301639,21.249816666666685,22.515100000000025,1.2652833333333398,1.0929521356857932
7,8101314900230401,TLE00900JR1450046,4,8096488157053185,TLE00900AR1450049,similar_top3_duration_mean_sec,1474.6653333333336,1414.298000000001,60.36733333333268,0.3729523225797404,21.249816666666685,22.515100000000025,1.2652833333333398,1.0929521356857932
7,8101314900230401,TLE00900JR1450046,4,8096488157053185,TLE00900AR1450049,similar_top3_od_distance_mean_m,35.75757490183958,30.56376820214612,5.193806699693461,0.08336780650344944,21.249816666666685,22.515100000000025,1.2652833333333398,1.0929521356857932
7,8101314900230401,TLE00900JR1450046,4,8096488157053185,TLE00900AR1450049,fleet_prev60m_speed_mean,3.0093258586364553,3.211404823914825,0.20207896527836988,0.8991455219738876,21.249816666666685,22.515100000000025,1.2652833333333398,1.0929521356857932
7,8101314900230401,TLE00900JR1450046,4,8096488157053185,TLE00900AR1450049,fleet_prev60m_speed_min,0.001,0.001,0.0,0.0,21.249816666666685,22.515100000000025,1.2652833333333398,1.0929521356857932
7,8101314900230401,TLE00900JR1450046,5,8066176061194497,TLE00900CR1450050,straight_line_distance_m,2844.0253444802856,2221.458540123692,622.5668043565938,1.6540651469879986,21.249816666666685,22.332583333333325,1.0827666666666396,1.1172699258190086
7,8101314900230401,TLE00900JR1450046,5,8066176061194497,TLE00900CR1450050,planned_total_distance_m,4286.890905473795,4355.478202559426,68.58729708563078,0.13820632320801407,21.249816666666685,22.332583333333325,1.0827666666666396,1.1172699258190086
7,8101314900230401,TLE00900JR1450046,5,8066176061194497,TLE00900CR1450050,endpoint_altitude_change_m,189.37660000000005,170.94309999999996,18.433500000000095,0.7910830351129279,21.249816666666685,22.332583333333325,1.0827666666666396,1.1172699258190086
7,8101314900230401,TLE00900JR1450046,5,8066176061194497,TLE00900CR1450050,planned_slope_mean,0.04576721571524087,0.038777122641509426,0.006990093073731447,1.467542969300379,21.249816666666685,22.332583333333325,1.0827666666666396,1.1172699258190086
7,8101314900230401,TLE00900JR1450046,5,8066176061194497,TLE00900CR1450050,planned_slope_std,0.03190307018035342,0.03409677829804028,0.002193708117686863,0.40026487373220937,21.249816666666685,22.332583333333325,1.0827666666666396,1.1172699258190086
7,8101314900230401,TLE00900JR1450046,5,8066176061194497,TLE00900CR1450050,planned_cumulative_ascent_m,177.81299999999987,165.87299999999993,11.93999999999994,0.6400443518354555,21.249816666666685,22.332583333333325,1.0827666666666396,1.1172699258190086
7,8101314900230401,TLE00900JR1450046,5,8066176061194497,TLE00900CR1450050,planned_cumulative_descent_m,0.45100000000002183,1.5760000000000218,1.125,0.2976312659242497,21.249816666666685,22.332583333333325,1.0827666666666396,1.1172699258190086
7,8101314900230401,TLE00900JR1450046,5,8066176061194497,TLE00900CR1450050,vehicle_prev1_duration_sec,1607.001999999998,1386.8679999999997,220.1339999999982,1.3289293468488643,21.249816666666685,22.332583333333325,1.0827666666666396,1.1172699258190086
7,8101314900230401,TLE00900JR1450046,5,8066176061194497,TLE00900CR1450050,similar_task_actual_distance_km,4.25,4.25,0.0,0.0,21.249816666666685,22.332583333333325,1.0827666666666396,1.1172699258190086
7,8101314900230401,TLE00900JR1450046,5,8066176061194497,TLE00900CR1450050,similar_task_duration_min,30.88328333333335,23.11446666666666,7.768816666666687,2.823188047086191,21.249816666666685,22.332583333333325,1.0827666666666396,1.1172699258190086
7,8101314900230401,TLE00900JR1450046,5,8066176061194497,TLE00900CR1450050,similar_task_energy_soc_delta_pct,17.599999999999994,17.200000000000003,0.3999999999999915,0.16474917963015812,21.249816666666685,22.332583333333325,1.0827666666666396,1.1172699258190086
7,8101314900230401,TLE00900JR1450046,5,8066176061194497,TLE00900CR1450050,similar_top3_duration_mean_sec,1474.6653333333336,1319.6123333333335,155.0530000000001,0.957924978293291,21.249816666666685,22.332583333333325,1.0827666666666396,1.1172699258190086
7,8101314900230401,TLE00900JR1450046,5,8066176061194497,TLE00900CR1450050,similar_top3_od_distance_mean_m,35.75757490183958,36.455626594257524,0.6980516924179412,0.011204698554980685,21.249816666666685,22.332583333333325,1.0827666666666396,1.1172699258190086
7,8101314900230401,TLE00900JR1450046,5,8066176061194497,TLE00900CR1450050,fleet_prev60m_speed_mean,3.0093258586364553,3.3150185639262135,0.3056927052897582,1.3601723795583496,21.249816666666685,22.332583333333325,1.0827666666666396,1.1172699258190086
7,8101314900230401,TLE00900JR1450046,5,8066176061194497,TLE00900CR1450050,fleet_prev60m_speed_min,0.001,0.001,0.0,0.0,21.249816666666685,22.332583333333325,1.0827666666666396,1.1172699258190086
8,8101303723327745,TLE00860HR1450010,1,8098077331374337,TLE00900CR1450050,straight_line_distance_m,2965.2476093391583,2957.7698974658297,7.477711873328644,0.01986714116836652,16.793783333333348,19.6214,2.8276166666666533,0.637604103180124
8,8101303723327745,TLE00860HR1450010,1,8098077331374337,TLE00900CR1450050,planned_total_distance_m,3512.5020860796403,3739.1254820342924,226.6233959546521,0.45665578960930037,16.793783333333348,19.6214,2.8276166666666533,0.637604103180124
8,8101303723327745,TLE00860HR1450010,1,8098077331374337,TLE00900CR1450050,endpoint_altitude_change_m,116.7704,115.86789999999996,0.9025000000000318,0.03873124687061269,16.793783333333348,19.6214,2.8276166666666533,0.637604103180124
8,8101303723327745,TLE00860HR1450010,1,8098077331374337,TLE00900CR1450050,planned_slope_mean,0.035717272727272716,0.03340665925305445,0.002310613474218265,0.4851043502700597,16.793783333333348,19.6214,2.8276166666666533,0.637604103180124
8,8101303723327745,TLE00860HR1450010,1,8098077331374337,TLE00900CR1450050,planned_slope_std,0.03391795924327778,0.03380400822595347,0.00011395101732430968,0.020791548881655825,16.793783333333348,19.6214,2.8276166666666533,0.637604103180124
8,8101303723327745,TLE00860HR1450010,1,8098077331374337,TLE00900CR1450050,planned_cumulative_ascent_m,120.02300000000014,120.76400000000001,0.7409999999998718,0.039721345453098245,16.793783333333348,19.6214,2.8276166666666533,0.637604103180124
8,8101303723327745,TLE00860HR1450010,1,8098077331374337,TLE00900CR1450050,planned_cumulative_descent_m,2.298000000000002,2.0989999999999327,0.19900000000006912,0.05264766392795223,16.793783333333348,19.6214,2.8276166666666533,0.637604103180124
8,8101303723327745,TLE00860HR1450010,1,8098077331374337,TLE00900CR1450050,vehicle_prev1_duration_sec,1061.011999999999,1055.9680000000008,5.043999999998277,0.030450178643478237,16.793783333333348,19.6214,2.8276166666666533,0.637604103180124
8,8101303723327745,TLE00860HR1450010,1,8098077331374337,TLE00900CR1450050,similar_task_actual_distance_km,3.5,3.5,0.0,0.0,16.793783333333348,19.6214,2.8276166666666533,0.637604103180124
8,8101303723327745,TLE00860HR1450010,1,8098077331374337,TLE00900CR1450050,similar_task_duration_min,23.48384999999998,18.634333333333327,4.849516666666652,1.76231440062453,16.793783333333348,19.6214,2.8276166666666533,0.637604103180124
8,8101303723327745,TLE00860HR1450010,1,8098077331374337,TLE00900CR1450050,similar_task_energy_soc_delta_pct,10.400000000000006,12.0,1.5999999999999943,0.6589967185206442,16.793783333333348,19.6214,2.8276166666666533,0.637604103180124
8,8101303723327745,TLE00860HR1450010,1,8098077331374337,TLE00900CR1450050,similar_top3_duration_mean_sec,1147.0153333333326,1123.3613333333324,23.654000000000224,0.14613556291429194,16.793783333333348,19.6214,2.8276166666666533,0.637604103180124
8,8101303723327745,TLE00860HR1450010,1,8098077331374337,TLE00900CR1450050,similar_top3_od_distance_mean_m,33.18703755937631,66.67688166026099,33.48984410088468,0.5375584815272438,16.793783333333348,19.6214,2.8276166666666533,0.637604103180124
8,8101303723327745,TLE00860HR1450010,1,8098077331374337,TLE00900CR1450050,fleet_prev60m_speed_mean,2.6023371900866685,2.9035521573880536,0.3012149673013851,1.3402487914932983,16.793783333333348,19.6214,2.8276166666666533,0.637604103180124
8,8101303723327745,TLE00860HR1450010,1,8098077331374337,TLE00900CR1450050,fleet_prev60m_speed_min,0.001,0.001,0.0,0.0,16.793783333333348,19.6214,2.8276166666666533,0.637604103180124
8,8101303723327745,TLE00860HR1450010,2,8098122735599873,TLE00860CR1450020,straight_line_distance_m,2965.2476093391583,3004.13919752782,38.8915881886619,0.1033290244255125,16.793783333333348,17.600200000000015,0.8064166666666672,0.653565502298846
8,8101303723327745,TLE00860HR1450010,2,8098122735599873,TLE00860CR1450020,planned_total_distance_m,3512.5020860796403,3703.7364082845243,191.23432220488394,0.38534529958391955,16.793783333333348,17.600200000000015,0.8064166666666672,0.653565502298846
8,8101303723327745,TLE00860HR1450010,2,8098122735599873,TLE00860CR1450020,endpoint_altitude_change_m,116.7704,116.04989999999998,0.7205000000000155,0.03092062423299291,16.793783333333348,17.600200000000015,0.8064166666666672,0.653565502298846
8,8101303723327745,TLE00860HR1450010,2,8098122735599873,TLE00860CR1450020,planned_slope_mean,0.035717272727272716,0.03383612268085976,0.001881150046412955,0.3949401668465503,16.793783333333348,17.600200000000015,0.8064166666666672,0.653565502298846
8,8101303723327745,TLE00860HR1450010,2,8098122735599873,TLE00860CR1450020,planned_slope_std,0.03391795924327778,0.033724768124578856,0.00019319111869892103,0.03524972994754896,16.793783333333348,17.600200000000015,0.8064166666666672,0.653565502298846
8,8101303723327745,TLE00860HR1450010,2,8098122735599873,TLE00860CR1450020,planned_cumulative_ascent_m,120.02300000000014,121.15100000000007,1.127999999999929,0.06046650158043154,16.793783333333348,17.600200000000015,0.8064166666666672,0.653565502298846
8,8101303723327745,TLE00860HR1450010,2,8098122735599873,TLE00860CR1450020,planned_cumulative_descent_m,2.298000000000002,2.04200000000003,0.2559999999999718,0.06772764806808848,16.793783333333348,17.600200000000015,0.8064166666666672,0.653565502298846
8,8101303723327745,TLE00860HR1450010,2,8098122735599873,TLE00860CR1450020,vehicle_prev1_duration_sec,1061.011999999999,1037.9560000000004,23.055999999998676,0.1391870180024254,16.793783333333348,17.600200000000015,0.8064166666666672,0.653565502298846
8,8101303723327745,TLE00860HR1450010,2,8098122735599873,TLE00860CR1450020,similar_task_actual_distance_km,3.5,3.5,0.0,0.0,16.793783333333348,17.600200000000015,0.8064166666666672,0.653565502298846
8,8101303723327745,TLE00860HR1450010,2,8098122735599873,TLE00860CR1450020,similar_task_duration_min,23.48384999999998,18.88293333333332,4.600916666666659,1.6719731583711273,16.793783333333348,17.600200000000015,0.8064166666666672,0.653565502298846
8,8101303723327745,TLE00860HR1450010,2,8098122735599873,TLE00860CR1450020,similar_task_energy_soc_delta_pct,10.400000000000006,11.200000000000003,0.7999999999999972,0.329498359260322,16.793783333333348,17.600200000000015,0.8064166666666672,0.653565502298846
8,8101303723327745,TLE00860HR1450010,2,8098122735599873,TLE00860CR1450020,similar_top3_duration_mean_sec,1147.0153333333326,1142.7733333333329,4.241999999999734,0.02620728239969483,16.793783333333348,17.600200000000015,0.8064166666666672,0.653565502298846
8,8101303723327745,TLE00860HR1450010,2,8098122735599873,TLE00860CR1450020,similar_top3_od_distance_mean_m,33.18703755937631,96.19857289945897,63.01153534008266,1.0114226018514165,16.793783333333348,17.600200000000015,0.8064166666666672,0.653565502298846
8,8101303723327745,TLE00860HR1450010,2,8098122735599873,TLE00860CR1450020,fleet_prev60m_speed_mean,2.6023371900866685,2.930691268200473,0.32835407811380435,1.4610036158448847,16.793783333333348,17.600200000000015,0.8064166666666672,0.653565502298846
8,8101303723327745,TLE00860HR1450010,2,8098122735599873,TLE00860CR1450020,fleet_prev60m_speed_min,0.001,0.001,0.0,0.0,16.793783333333348,17.600200000000015,0.8064166666666672,0.653565502298846
8,8101303723327745,TLE00860HR1450010,3,8095912540602625,TLE00900JR1450046,straight_line_distance_m,2965.2476093391583,2805.702296690836,159.54531264832212,0.42388758791857695,16.793783333333348,16.916733333333344,0.1229499999999959,0.7937604184521981
8,8101303723327745,TLE00860HR1450010,3,8095912540602625,TLE00900JR1450046,planned_total_distance_m,3512.5020860796403,3539.843549555758,27.341463476117497,0.05509421275841564,16.793783333333348,16.916733333333344,0.1229499999999959,0.7937604184521981
8,8101303723327745,TLE00860HR1450010,3,8095912540602625,TLE00900JR1450046,endpoint_altitude_change_m,116.7704,115.31690000000003,1.4534999999999627,0.06237769232845669,16.793783333333348,16.916733333333344,0.1229499999999959,0.7937604184521981
8,8101303723327745,TLE00860HR1450010,3,8095912540602625,TLE00900JR1450046,planned_slope_mean,0.035717272727272716,0.035042899408284006,0.0006743733189887094,0.1415820665800286,16.793783333333348,16.916733333333344,0.1229499999999959,0.7937604184521981
8,8101303723327745,TLE00860HR1450010,3,8095912540602625,TLE00900JR1450046,planned_slope_std,0.03391795924327778,0.03376332053407847,0.000154638709199309,0.028215441659138946,16.793783333333348,16.916733333333344,0.1229499999999959,0.7937604184521981
8,8101303723327745,TLE00860HR1450010,3,8095912540602625,TLE00900JR1450046,planned_cumulative_ascent_m,120.02300000000014,120.14700000000005,0.12399999999990996,0.006647026769475817,16.793783333333348,16.916733333333344,0.1229499999999959,0.7937604184521981
8,8101303723327745,TLE00860HR1450010,3,8095912540602625,TLE00900JR1450046,planned_cumulative_descent_m,2.298000000000002,1.88699999999983,0.4110000000001719,0.10873462248437138,16.793783333333348,16.916733333333344,0.1229499999999959,0.7937604184521981
8,8101303723327745,TLE00860HR1450010,3,8095912540602625,TLE00900JR1450046,vehicle_prev1_duration_sec,1061.011999999999,1092.0359999999996,31.02400000000057,0.1872891241545616,16.793783333333348,16.916733333333344,0.1229499999999959,0.7937604184521981
8,8101303723327745,TLE00860HR1450010,3,8095912540602625,TLE00900JR1450046,similar_task_actual_distance_km,3.5,3.375,0.125,0.18835369773683697,16.793783333333348,16.916733333333344,0.1229499999999959,0.7937604184521981
8,8101303723327745,TLE00860HR1450010,3,8095912540602625,TLE00900JR1450046,similar_task_duration_min,23.48384999999998,18.034449999999993,5.4493999999999865,1.980312009395435,16.793783333333348,16.916733333333344,0.1229499999999959,0.7937604184521981
8,8101303723327745,TLE00860HR1450010,3,8095912540602625,TLE00900JR1450046,similar_task_energy_soc_delta_pct,10.400000000000006,12.0,1.5999999999999943,0.6589967185206442,16.793783333333348,16.916733333333344,0.1229499999999959,0.7937604184521981
8,8101303723327745,TLE00860HR1450010,3,8095912540602625,TLE00900JR1450046,similar_top3_duration_mean_sec,1147.0153333333326,1058.6849999999995,88.3303333333331,0.5457090971536973,16.793783333333348,16.916733333333344,0.1229499999999959,0.7937604184521981
8,8101303723327745,TLE00860HR1450010,3,8095912540602625,TLE00900JR1450046,similar_top3_od_distance_mean_m,33.18703755937631,73.74655779098097,40.559520231604665,0.6510365960944849,16.793783333333348,16.916733333333344,0.1229499999999959,0.7937604184521981
8,8101303723327745,TLE00860HR1450010,3,8095912540602625,TLE00900JR1450046,fleet_prev60m_speed_mean,2.6023371900866685,3.0564903215089463,0.45415313142227776,2.0207434942387272,16.793783333333348,16.916733333333344,0.1229499999999959,0.7937604184521981
8,8101303723327745,TLE00860HR1450010,3,8095912540602625,TLE00900JR1450046,fleet_prev60m_speed_min,0.001,0.001,0.0,0.0,16.793783333333348,16.916733333333344,0.1229499999999959,0.7937604184521981
8,8101303723327745,TLE00860HR1450010,4,8096878498873601,TLE00860ER1450011,straight_line_distance_m,2965.2476093391583,2934.4935233920546,30.754085947103704,0.08170892077220482,16.793783333333348,17.534583333333316,0.7407999999999682,0.7954472680373265
8,8101303723327745,TLE00860HR1450010,4,8096878498873601,TLE00860ER1450011,planned_total_distance_m,3512.5020860796403,3635.1229207949586,122.62083471531832,0.24708620159712036,16.793783333333348,17.534583333333316,0.7407999999999682,0.7954472680373265
8,8101303723327745,TLE00860HR1450010,4,8096878498873601,TLE00860ER1450011,endpoint_altitude_change_m,116.7704,114.4565,2.3138999999999896,0.09930219627025716,16.793783333333348,17.534583333333316,0.7407999999999682,0.7954472680373265
8,8101303723327745,TLE00860HR1450010,4,8096878498873601,TLE00860ER1450011,planned_slope_mean,0.035717272727272716,0.0342606936416185,0.0014565790856542124,0.30580313793171376,16.793783333333348,17.534583333333316,0.7407999999999682,0.7954472680373265
8,8101303723327745,TLE00860HR1450010,4,8096878498873601,TLE00860ER1450011,planned_slope_std,0.03391795924327778,0.03401126621542732,9.330697214954276e-05,0.017024828018210703,16.793783333333348,17.534583333333316,0.7407999999999682,0.7954472680373265
8,8101303723327745,TLE00860HR1450010,4,8096878498873601,TLE00860ER1450011,planned_cumulative_ascent_m,120.02300000000014,120.91599999999994,0.8929999999998017,0.04786931375116743,16.793783333333348,17.534583333333316,0.7407999999999682,0.7954472680373265
8,8101303723327745,TLE00860HR1450010,4,8096878498873601,TLE00860ER1450011,planned_cumulative_descent_m,2.298000000000002,2.310999999999922,0.012999999999919964,0.0034392946284368224,16.793783333333348,17.534583333333316,0.7407999999999682,0.7954472680373265
8,8101303723327745,TLE00860HR1450010,4,8096878498873601,TLE00860ER1450011,vehicle_prev1_duration_sec,1061.011999999999,1037.9969999999998,23.01499999999919,0.13893950465500915,16.793783333333348,17.534583333333316,0.7407999999999682,0.7954472680373265
8,8101303723327745,TLE00860HR1450010,4,8096878498873601,TLE00860ER1450011,similar_task_actual_distance_km,3.5,3.25,0.25,0.37670739547367393,16.793783333333348,17.534583333333316,0.7407999999999682,0.7954472680373265
8,8101303723327745,TLE00860HR1450010,4,8096878498873601,TLE00860ER1450011,similar_task_duration_min,23.48384999999998,18.731966666666672,4.751883333333307,1.7268344464062066,16.793783333333348,17.534583333333316,0.7407999999999682,0.7954472680373265
8,8101303723327745,TLE00860HR1450010,4,8096878498873601,TLE00860ER1450011,similar_task_energy_soc_delta_pct,10.400000000000006,11.200000000000003,0.7999999999999972,0.329498359260322,16.793783333333348,17.534583333333316,0.7407999999999682,0.7954472680373265
8,8101303723327745,TLE00860HR1450010,4,8096878498873601,TLE00860ER1450011,similar_top3_duration_mean_sec,1147.0153333333326,1068.6403333333335,78.37499999999909,0.4842045634314446,16.793783333333348,17.534583333333316,0.7407999999999682,0.7954472680373265
8,8101303723327745,TLE00860HR1450010,4,8096878498873601,TLE00860ER1450011,similar_top3_od_distance_mean_m,33.18703755937631,36.31749682504107,3.1304592656647614,0.050248216273099555,16.793783333333348,17.534583333333316,0.7407999999999682,0.7954472680373265
8,8101303723327745,TLE00860HR1450010,4,8096878498873601,TLE00860ER1450011,fleet_prev60m_speed_mean,2.6023371900866685,3.144930407123607,0.5425932170369383,2.414255539561541,16.793783333333348,17.534583333333316,0.7407999999999682,0.7954472680373265
8,8101303723327745,TLE00860HR1450010,4,8096878498873601,TLE00860ER1450011,fleet_prev60m_speed_min,0.001,0.001,0.0,0.0,16.793783333333348,17.534583333333316,0.7407999999999682,0.7954472680373265
8,8101303723327745,TLE00860HR1450010,5,8061381514985729,TLE00860VR1450018,straight_line_distance_m,2965.2476093391583,2847.934578932628,117.31303040653029,0.3116828483708246,16.793783333333348,18.131683333333346,1.3378999999999976,0.8085925579395774
8,8101303723327745,TLE00860HR1450010,5,8061381514985729,TLE00860VR1450018,planned_total_distance_m,3512.5020860796403,3976.814766160552,464.31268008091183,0.9356098149300843,16.793783333333348,18.131683333333346,1.3378999999999976,0.8085925579395774
8,8101303723327745,TLE00860HR1450010,5,8061381514985729,TLE00860VR1450018,endpoint_altitude_change_m,116.7704,131.53559999999993,14.765199999999936,0.6336560734558978,16.793783333333348,18.131683333333346,1.3378999999999976,0.8085925579395774
8,8101303723327745,TLE00860HR1450010,5,8061381514985729,TLE00860VR1450018,planned_slope_mean,0.035717272727272716,0.03948550295857985,0.0037682302313071375,0.791125343300742,16.793783333333348,18.131683333333346,1.3378999999999976,0.8085925579395774
8,8101303723327745,TLE00860HR1450010,5,8061381514985729,TLE00860VR1450018,planned_slope_std,0.03391795924327778,0.033228238149890586,0.0006897210933871911,0.12584679070530422,16.793783333333348,18.131683333333346,1.3378999999999976,0.8085925579395774
8,8101303723327745,TLE00860HR1450010,5,8061381514985729,TLE00860VR1450018,planned_cumulative_ascent_m,120.02300000000014,134.05099999999993,14.027999999999793,0.751971705824764,16.793783333333348,18.131683333333346,1.3378999999999976,0.8085925579395774
8,8101303723327745,TLE00860HR1450010,5,8061381514985729,TLE00860VR1450018,planned_cumulative_descent_m,2.298000000000002,0.95799999999997,1.3400000000000318,0.35451190785644804,16.793783333333348,18.131683333333346,1.3378999999999976,0.8085925579395774
8,8101303723327745,TLE00860HR1450010,5,8061381514985729,TLE00860VR1450018,vehicle_prev1_duration_sec,1061.011999999999,1074.9989999999993,13.987000000000307,0.08443827293546488,16.793783333333348,18.131683333333346,1.3378999999999976,0.8085925579395774
8,8101303723327745,TLE00860HR1450010,5,8061381514985729,TLE00860VR1450018,similar_task_actual_distance_km,3.5,4.0,0.5,0.753414790947348,16.793783333333348,18.131683333333346,1.3378999999999976,0.8085925579395774
8,8101303723327745,TLE00860HR1450010,5,8061381514985729,TLE00860VR1450018,similar_task_duration_min,23.48384999999998,18.681383333333326,4.802466666666653,1.7452164301980513,16.793783333333348,18.131683333333346,1.3378999999999976,0.8085925579395774
8,8101303723327745,TLE00860HR1450010,5,8061381514985729,TLE00860VR1450018,similar_task_energy_soc_delta_pct,10.400000000000006,14.0,3.5999999999999943,1.4827426166714521,16.793783333333348,18.131683333333346,1.3378999999999976,0.8085925579395774
8,8101303723327745,TLE00860HR1450010,5,8061381514985729,TLE00860VR1450018,similar_top3_duration_mean_sec,1147.0153333333326,1101.956,45.05933333333269,0.2783787537502844,16.793783333333348,18.131683333333346,1.3378999999999976,0.8085925579395774
8,8101303723327745,TLE00860HR1450010,5,8061381514985729,TLE00860VR1450018,similar_top3_od_distance_mean_m,33.18703755937631,68.5501531781276,35.363115618751294,0.5676270894789306,16.793783333333348,18.131683333333346,1.3378999999999976,0.8085925579395774
8,8101303723327745,TLE00860HR1450010,5,8061381514985729,TLE00860VR1450018,fleet_prev60m_speed_mean,2.6023371900866685,2.8133677790562306,0.21103058896956206,0.9389755574515704,16.793783333333348,18.131683333333346,1.3378999999999976,0.8085925579395774
8,8101303723327745,TLE00860HR1450010,5,8061381514985729,TLE00860VR1450018,fleet_prev60m_speed_min,0.001,0.001,0.0,0.0,16.793783333333348,18.131683333333346,1.3378999999999976,0.8085925579395774
9,8099034542899457,TLE00900VR1450048,1,8086977527906561,TLE00860VR1450018,straight_line_distance_m,2892.8751989452912,3214.976136302501,322.10093735720966,0.8557731163410405,14.299183333333325,17.748466666666655,3.44928333333333,1.6414787616759094
9,8099034542899457,TLE00900VR1450048,1,8086977527906561,TLE00860VR1450018,planned_total_distance_m,4377.304768991649,4266.765374362524,110.53939462912513,0.22274158554837853,14.299183333333325,17.748466666666655,3.44928333333333,1.6414787616759094
9,8099034542899457,TLE00900VR1450048,1,8086977527906561,TLE00860VR1450018,endpoint_altitude_change_m,115.24450000000002,122.93349999999998,7.6889999999999645,0.3299773486849076,14.299183333333325,17.748466666666655,3.44928333333333,1.6414787616759094
9,8099034542899457,TLE00900VR1450048,1,8086977527906561,TLE00860VR1450018,planned_slope_mean,0.010084964726631432,0.0293083732057416,0.019223408479110166,4.035880160955817,14.299183333333325,17.748466666666655,3.44928333333333,1.6414787616759094
9,8099034542899457,TLE00900VR1450048,1,8086977527906561,TLE00860VR1450018,planned_slope_std,0.06146890608075384,0.0439656974186313,0.017503208662122537,3.1936425582635506,14.299183333333325,17.748466666666655,3.44928333333333,1.6414787616759094
9,8099034542899457,TLE00900VR1450048,1,8086977527906561,TLE00860VR1450018,planned_cumulative_ascent_m,116.64999999999986,134.9559999999999,18.30600000000004,0.9812941293718537,14.299183333333325,17.748466666666655,3.44928333333333,1.6414787616759094
9,8099034542899457,TLE00900VR1450048,1,8086977527906561,TLE00860VR1450018,planned_cumulative_descent_m,1.48599999999999,12.57100000000014,11.08500000000015,2.9326600735736466,14.299183333333325,17.748466666666655,3.44928333333333,1.6414787616759094
9,8099034542899457,TLE00900VR1450048,1,8086977527906561,TLE00860VR1450018,vehicle_prev1_duration_sec,1073.8690000000006,1008.8649999999994,65.00400000000116,0.3924233569669648,14.299183333333325,17.748466666666655,3.44928333333333,1.6414787616759094
9,8099034542899457,TLE00900VR1450048,1,8086977527906561,TLE00860VR1450018,similar_task_actual_distance_km,3.0,4.125,1.125,1.6951832796315331,14.299183333333325,17.748466666666655,3.44928333333333,1.6414787616759094
9,8099034542899457,TLE00900VR1450048,1,8086977527906561,TLE00860VR1450018,similar_task_duration_min,16.149499999999982,16.450116666666652,0.3006166666666701,0.10924409939157209,14.299183333333325,17.748466666666655,3.44928333333333,1.6414787616759094
9,8099034542899457,TLE00900VR1450048,1,8086977527906561,TLE00860VR1450018,similar_task_energy_soc_delta_pct,11.200000000000003,12.0,0.7999999999999972,0.3294983592603222,14.299183333333325,17.748466666666655,3.44928333333333,1.6414787616759094
9,8099034542899457,TLE00900VR1450048,1,8086977527906561,TLE00860VR1450018,similar_top3_duration_mean_sec,925.3013333333329,1002.3199999999994,77.01866666666649,0.47582507010405906,14.299183333333325,17.748466666666655,3.44928333333333,1.6414787616759094
9,8099034542899457,TLE00900VR1450048,1,8086977527906561,TLE00860VR1450018,similar_top3_od_distance_mean_m,103.06681477115262,93.63218136402789,9.434633407124736,0.15143896140042662,14.299183333333325,17.748466666666655,3.44928333333333,1.6414787616759094
9,8099034542899457,TLE00900VR1450048,1,8086977527906561,TLE00860VR1450018,fleet_prev60m_speed_mean,3.308384787468534,3.3708856772538454,0.06250088978531121,0.2780962139846295,14.299183333333325,17.748466666666655,3.44928333333333,1.6414787616759094
9,8099034542899457,TLE00900VR1450048,1,8086977527906561,TLE00860VR1450018,fleet_prev60m_speed_min,0.001,0.001,0.0,0.0,14.299183333333325,17.748466666666655,3.44928333333333,1.6414787616759094
9,8099034542899457,TLE00900VR1450048,2,8085829958942977,TLE00900AR1450052,straight_line_distance_m,2892.8751989452912,3183.963597431606,291.0883984863149,0.7733775255273423,14.299183333333325,17.432099999999984,3.1329166666666595,1.6732702767386607
9,8099034542899457,TLE00900VR1450048,2,8085829958942977,TLE00900AR1450052,planned_total_distance_m,4377.304768991649,4097.133016229047,280.1717527626024,0.5645580079897374,14.299183333333325,17.432099999999984,3.1329166666666595,1.6732702767386607
9,8099034542899457,TLE00900VR1450048,2,8085829958942977,TLE00900AR1450052,endpoint_altitude_change_m,115.24450000000002,123.03340000000003,7.788900000000012,0.33426460803380054,14.299183333333325,17.432099999999984,3.1329166666666595,1.6732702767386607
9,8099034542899457,TLE00900VR1450048,2,8085829958942977,TLE00900AR1450052,planned_slope_mean,0.010084964726631432,0.030404243408187637,0.020319278681556203,4.265953865826668,14.299183333333325,17.432099999999984,3.1329166666666595,1.6732702767386607
9,8099034542899457,TLE00900VR1450048,2,8085829958942977,TLE00900AR1450052,planned_slope_std,0.06146890608075384,0.04461889121839192,0.016850014862361914,3.074460552382325,14.299183333333325,17.432099999999984,3.1329166666666595,1.6732702767386607
9,8099034542899457,TLE00900VR1450048,2,8085829958942977,TLE00900AR1450052,planned_cumulative_ascent_m,116.64999999999986,135.13000000000022,18.48000000000036,0.9906214088709805,14.299183333333325,17.432099999999984,3.1329166666666595,1.6732702767386607
9,8099034542899457,TLE00900VR1450048,2,8085829958942977,TLE00900AR1450052,planned_cumulative_descent_m,1.48599999999999,12.895000000000095,11.409000000000106,3.0183778781598183,14.299183333333325,17.432099999999984,3.1329166666666595,1.6732702767386607
9,8099034542899457,TLE00900VR1450048,2,8085829958942977,TLE00900AR1450052,vehicle_prev1_duration_sec,1073.8690000000006,1006.006,67.86300000000062,0.40968288526627444,14.299183333333325,17.432099999999984,3.1329166666666595,1.6732702767386607
9,8099034542899457,TLE00900VR1450048,2,8085829958942977,TLE00900AR1450052,similar_task_actual_distance_km,3.0,3.625,0.625,0.9417684886841851,14.299183333333325,17.432099999999984,3.1329166666666595,1.6732702767386607
9,8099034542899457,TLE00900VR1450048,2,8085829958942977,TLE00900AR1450052,similar_task_duration_min,16.149499999999982,16.766766666666665,0.6172666666666835,0.22431471226181332,14.299183333333325,17.432099999999984,3.1329166666666595,1.6732702767386607
9,8099034542899457,TLE00900VR1450048,2,8085829958942977,TLE00900AR1450052,similar_task_energy_soc_delta_pct,11.200000000000003,13.200000000000003,2.0,0.8237458981508081,14.299183333333325,17.432099999999984,3.1329166666666595,1.6732702767386607
9,8099034542899457,TLE00900VR1450048,2,8085829958942977,TLE00900AR1450052,similar_top3_duration_mean_sec,925.3013333333329,980.6679999999998,55.3666666666669,0.34205796059952875,14.299183333333325,17.432099999999984,3.1329166666666595,1.6732702767386607
9,8099034542899457,TLE00900VR1450048,2,8085829958942977,TLE00900AR1450052,similar_top3_od_distance_mean_m,103.06681477115262,63.36649400848582,39.7003207626668,0.6372452520541867,14.299183333333325,17.432099999999984,3.1329166666666595,1.6732702767386607
9,8099034542899457,TLE00900VR1450048,2,8085829958942977,TLE00900AR1450052,fleet_prev60m_speed_mean,3.308384787468534,3.523905884470494,0.21552109700195965,0.9589559655220297,14.299183333333325,17.432099999999984,3.1329166666666595,1.6732702767386607
9,8099034542899457,TLE00900VR1450048,2,8085829958942977,TLE00900AR1450052,fleet_prev60m_speed_min,0.001,0.001,0.0,0.0,14.299183333333325,17.432099999999984,3.1329166666666595,1.6732702767386607
9,8099034542899457,TLE00900VR1450048,3,8088844022743297,TLE00900AR1450052,straight_line_distance_m,2892.8751989452912,3430.265294043326,537.3900950980346,1.4277636077253704,14.299183333333325,17.08939999999998,2.7902166666666552,1.6798648119062585
9,8099034542899457,TLE00900VR1450048,3,8088844022743297,TLE00900AR1450052,planned_total_distance_m,4377.304768991649,4330.20881744201,47.09595154963972,0.09490034712305528,14.299183333333325,17.08939999999998,2.7902166666666552,1.6798648119062585
9,8099034542899457,TLE00900VR1450048,3,8088844022743297,TLE00900AR1450052,endpoint_altitude_change_m,115.24450000000002,123.95569999999998,8.711199999999963,0.37384558198256834,14.299183333333325,17.08939999999998,2.7902166666666552,1.6798648119062585
9,8099034542899457,TLE00900VR1450048,3,8088844022743297,TLE00900AR1450052,planned_slope_mean,0.010084964726631432,0.029350838301992664,0.019265873575361234,4.044795543453099,14.299183333333325,17.08939999999998,2.7902166666666552,1.6798648119062585
9,8099034542899457,TLE00900VR1450048,3,8088844022743297,TLE00900AR1450052,planned_slope_std,0.06146890608075384,0.043825471902881864,0.017643434177871974,3.2192281627945056,14.299183333333325,17.08939999999998,2.7902166666666552,1.6798648119062585
9,8099034542899457,TLE00900VR1450048,3,8088844022743297,TLE00900AR1450052,planned_cumulative_ascent_m,116.64999999999986,136.5,19.850000000000136,1.0640603336628094,14.299183333333325,17.08939999999998,2.7902166666666552,1.6798648119062585
9,8099034542899457,TLE00900VR1450048,3,8088844022743297,TLE00900AR1450052,planned_cumulative_descent_m,1.48599999999999,12.889999999999986,11.403999999999996,3.0170550725334597,14.299183333333325,17.08939999999998,2.7902166666666552,1.6798648119062585
9,8099034542899457,TLE00900VR1450048,3,8088844022743297,TLE00900AR1450052,vehicle_prev1_duration_sec,1073.8690000000006,1015.6540000000005,58.215000000000146,0.3514387687808674,14.299183333333325,17.08939999999998,2.7902166666666552,1.6798648119062585
9,8099034542899457,TLE00900VR1450048,3,8088844022743297,TLE00900AR1450052,similar_task_actual_distance_km,3.0,3.875,0.875,1.318475884157859,14.299183333333325,17.08939999999998,2.7902166666666552,1.6798648119062585
9,8099034542899457,TLE00900VR1450048,3,8088844022743297,TLE00900AR1450052,similar_task_duration_min,16.149499999999982,16.927566666666674,0.7780666666666924,0.28274943371936906,14.299183333333325,17.08939999999998,2.7902166666666552,1.6798648119062585
9,8099034542899457,TLE00900VR1450048,3,8088844022743297,TLE00900AR1450052,similar_task_energy_soc_delta_pct,11.200000000000003,12.0,0.7999999999999972,0.3294983592603222,14.299183333333325,17.08939999999998,2.7902166666666552,1.6798648119062585
9,8099034542899457,TLE00900VR1450048,3,8088844022743297,TLE00900AR1450052,similar_top3_duration_mean_sec,925.3013333333329,1016.8909999999996,91.58966666666674,0.5658454170738809,14.299183333333325,17.08939999999998,2.7902166666666552,1.6798648119062585
9,8099034542899457,TLE00900VR1450048,3,8088844022743297,TLE00900AR1450052,similar_top3_od_distance_mean_m,103.06681477115262,48.886962819400715,54.17985195175191,0.8696618251437385,14.299183333333325,17.08939999999998,2.7902166666666552,1.6798648119062585
9,8099034542899457,TLE00900VR1450048,3,8088844022743297,TLE00900AR1450052,fleet_prev60m_speed_mean,3.308384787468534,3.2550259973072784,0.053358790161255776,0.23741866040014237,14.299183333333325,17.08939999999998,2.7902166666666552,1.6798648119062585
9,8099034542899457,TLE00900VR1450048,3,8088844022743297,TLE00900AR1450052,fleet_prev60m_speed_min,0.001,0.001,0.0,0.0,14.299183333333325,17.08939999999998,2.7902166666666552,1.6798648119062585
9,8099034542899457,TLE00900VR1450048,4,8087136530317569,TLE00860VR1450004,straight_line_distance_m,2892.8751989452912,3279.4644095253143,386.58921058002306,1.027108633077326,14.299183333333325,16.050833333333326,1.7516500000000015,1.682256618598418
9,8099034542899457,TLE00900VR1450048,4,8087136530317569,TLE00860VR1450004,planned_total_distance_m,4377.304768991649,4134.626933621457,242.67783537019204,0.48900616842678624,14.299183333333325,16.050833333333326,1.7516500000000015,1.682256618598418
9,8099034542899457,TLE00900VR1450048,4,8087136530317569,TLE00860VR1450004,endpoint_altitude_change_m,115.24450000000002,122.8315,7.586999999999989,0.3255999667671221,14.299183333333325,16.050833333333326,1.7516500000000015,1.682256618598418
9,8099034542899457,TLE00900VR1450048,4,8087136530317569,TLE00860VR1450004,planned_slope_mean,0.010084964726631432,0.030266183091157077,0.020181218364525647,4.236968636951965,14.299183333333325,16.050833333333326,1.7516500000000015,1.682256618598418
9,8099034542899457,TLE00900VR1450048,4,8087136530317569,TLE00860VR1450004,planned_slope_std,0.06146890608075384,0.044556234437850686,0.01691267164290315,3.0858929339966346,14.299183333333325,16.050833333333326,1.7516500000000015,1.682256618598418
9,8099034542899457,TLE00900VR1450048,4,8087136530317569,TLE00860VR1450004,planned_cumulative_ascent_m,116.64999999999986,135.52899999999977,18.878999999999905,1.0120098256533974,14.299183333333325,16.050833333333326,1.7516500000000015,1.682256618598418
9,8099034542899457,TLE00900VR1450048,4,8087136530317569,TLE00860VR1450004,planned_cumulative_descent_m,1.48599999999999,13.261999999999944,11.775999999999954,3.1154718111324002,14.299183333333325,16.050833333333326,1.7516500000000015,1.682256618598418
9,8099034542899457,TLE00900VR1450048,4,8087136530317569,TLE00860VR1450004,vehicle_prev1_duration_sec,1073.8690000000006,1203.0569999999989,129.18799999999828,0.779896446985519,14.299183333333325,16.050833333333326,1.7516500000000015,1.682256618598418
9,8099034542899457,TLE00900VR1450048,4,8087136530317569,TLE00860VR1450004,similar_task_actual_distance_km,3.0,3.75,0.75,1.130122186421022,14.299183333333325,16.050833333333326,1.7516500000000015,1.682256618598418
9,8099034542899457,TLE00900VR1450048,4,8087136530317569,TLE00860VR1450004,similar_task_duration_min,16.149499999999982,16.386816666666682,0.23731666666670037,0.08624087881780773,14.299183333333325,16.050833333333326,1.7516500000000015,1.682256618598418
9,8099034542899457,TLE00900VR1450048,4,8087136530317569,TLE00860VR1450004,similar_task_energy_soc_delta_pct,11.200000000000003,12.799999999999997,1.5999999999999943,0.6589967185206442,14.299183333333325,16.050833333333326,1.7516500000000015,1.682256618598418
9,8099034542899457,TLE00900VR1450048,4,8087136530317569,TLE00860VR1450004,similar_top3_duration_mean_sec,925.3013333333329,983.4130000000001,58.11166666666725,0.35901670416086207,14.299183333333325,16.050833333333326,1.7516500000000015,1.682256618598418
9,8099034542899457,TLE00900VR1450048,4,8087136530317569,TLE00860VR1450004,similar_top3_od_distance_mean_m,103.06681477115262,85.54296007938721,17.523854691765408,0.2812821908108147,14.299183333333325,16.050833333333326,1.7516500000000015,1.682256618598418
9,8099034542899457,TLE00900VR1450048,4,8087136530317569,TLE00860VR1450004,fleet_prev60m_speed_mean,3.308384787468534,3.4334384911076703,0.12505370363913615,0.5564234628700092,14.299183333333325,16.050833333333326,1.7516500000000015,1.682256618598418
9,8099034542899457,TLE00900VR1450048,4,8087136530317569,TLE00860VR1450004,fleet_prev60m_speed_min,0.001,0.001,0.0,0.0,14.299183333333325,16.050833333333326,1.7516500000000015,1.682256618598418
9,8099034542899457,TLE00900VR1450048,5,8087163508490497,TLE00860CR1450020,straight_line_distance_m,2892.8751989452912,3244.442096923298,351.56689797800664,0.934059684375697,14.299183333333325,16.450633333333332,2.1514500000000076,1.6893473005862583
9,8099034542899457,TLE00900VR1450048,5,8087163508490497,TLE00860CR1450020,planned_total_distance_m,4377.304768991649,4113.179418490498,264.12535050115093,0.5322238243798603,14.299183333333325,16.450633333333332,2.1514500000000076,1.6893473005862583
9,8099034542899457,TLE00900VR1450048,5,8087163508490497,TLE00860CR1450020,endpoint_altitude_change_m,115.24450000000002,122.15090000000009,6.906400000000076,0.29639167134315025,14.299183333333325,16.450633333333332,2.1514500000000076,1.6893473005862583
9,8099034542899457,TLE00900VR1450048,5,8087163508490497,TLE00860CR1450020,planned_slope_mean,0.010084964726631432,0.029867755991285383,0.019782791264653952,4.153320410379309,14.299183333333325,16.450633333333332,2.1514500000000076,1.6893473005862583
9,8099034542899457,TLE00900VR1450048,5,8087163508490497,TLE00860CR1450020,planned_slope_std,0.06146890608075384,0.04462800462291163,0.016840901457842207,3.072797716893893,14.299183333333325,16.450633333333332,2.1514500000000076,1.6893473005862583
9,8099034542899457,TLE00900VR1450048,5,8087163508490497,TLE00860CR1450020,planned_cumulative_ascent_m,116.64999999999986,135.50199999999973,18.85199999999986,1.0105624891793952,14.299183333333325,16.450633333333332,2.1514500000000076,1.6893473005862583
9,8099034542899457,TLE00900VR1450048,5,8087163508490497,TLE00860CR1450020,planned_cumulative_descent_m,1.48599999999999,13.495999999999981,12.009999999999991,3.177379114444654,14.299183333333325,16.450633333333332,2.1514500000000076,1.6893473005862583
9,8099034542899457,TLE00900VR1450048,5,8087163508490497,TLE00860CR1450020,vehicle_prev1_duration_sec,1073.8690000000006,1182.8730000000005,109.0039999999999,0.6580474371242728,14.299183333333325,16.450633333333332,2.1514500000000076,1.6893473005862583
9,8099034542899457,TLE00900VR1450048,5,8087163508490497,TLE00860CR1450020,similar_task_actual_distance_km,3.0,4.0,1.0,1.506829581894696,14.299183333333325,16.450633333333332,2.1514500000000076,1.6893473005862583
9,8099034542899457,TLE00900VR1450048,5,8087163508490497,TLE00860CR1450020,similar_task_duration_min,16.149499999999982,16.050833333333326,0.0986666666666558,0.035855467561014986,14.299183333333325,16.450633333333332,2.1514500000000076,1.6893473005862583
9,8099034542899457,TLE00900VR1450048,5,8087163508490497,TLE00860CR1450020,similar_task_energy_soc_delta_pct,11.200000000000003,12.800000000000004,1.6000000000000014,0.6589967185206471,14.299183333333325,16.450633333333332,2.1514500000000076,1.6893473005862583
9,8099034542899457,TLE00900VR1450048,5,8087163508490497,TLE00860CR1450020,similar_top3_duration_mean_sec,925.3013333333329,985.1023333333333,59.801000000000386,0.369453487690773,14.299183333333325,16.450633333333332,2.1514500000000076,1.6893473005862583
9,8099034542899457,TLE00900VR1450048,5,8087163508490497,TLE00860CR1450020,similar_top3_od_distance_mean_m,103.06681477115262,94.51050825489521,8.556306516257408,0.13734059568941054,14.299183333333325,16.450633333333332,2.1514500000000076,1.6893473005862583
9,8099034542899457,TLE00900VR1450048,5,8087163508490497,TLE00860CR1450020,fleet_prev60m_speed_mean,3.308384787468534,3.4610172349196477,0.1526324474511136,0.6791344237364485,14.299183333333325,16.450633333333332,2.1514500000000076,1.6893473005862583
9,8099034542899457,TLE00900VR1450048,5,8087163508490497,TLE00860CR1450020,fleet_prev60m_speed_min,0.001,0.001,0.0,0.0,14.299183333333325,16.450633333333332,2.1514500000000076,1.6893473005862583
10,8102299493662977,TLE00900JR1450046,1,8096736035537153,TLE00900JR1450046,straight_line_distance_m,2846.0235800503738,2924.9154358782002,78.89185582782648,0.20960364123633302,15.383499999999998,17.71643333333334,2.3329333333333437,0.484261843832729
10,8102299493662977,TLE00900JR1450046,1,8096736035537153,TLE00900JR1450046,planned_total_distance_m,3468.0143876193647,3617.5050536778504,149.49066605848566,0.3012300555315046,15.383499999999998,17.71643333333334,2.3329333333333437,0.484261843832729
10,8102299493662977,TLE00900JR1450046,1,8096736035537153,TLE00900JR1450046,endpoint_altitude_change_m,131.74570000000006,114.10410000000002,17.64160000000004,0.7570982435374828,15.383499999999998,17.71643333333334,2.3329333333333437,0.484261843832729
10,8102299493662977,TLE00900JR1450046,1,8096736035537153,TLE00900JR1450046,planned_slope_mean,0.03664166666666664,0.034432456140350884,0.002209210526315758,0.4638151940755745,15.383499999999998,17.71643333333334,2.3329333333333437,0.484261843832729
10,8102299493662977,TLE00900JR1450046,1,8096736035537153,TLE00900JR1450046,planned_slope_std,0.03382663145171818,0.03417646691867668,0.0003498354669584994,0.06383112132385343,15.383499999999998,17.71643333333334,2.3329333333333437,0.484261843832729
10,8102299493662977,TLE00900JR1450046,1,8096736035537153,TLE00900JR1450046,planned_cumulative_ascent_m,119.88,120.20999999999992,0.32999999999992724,0.017689668015549165,15.383499999999998,17.71643333333334,2.3329333333333437,0.484261843832729
10,8102299493662977,TLE00900JR1450046,1,8096736035537153,TLE00900JR1450046,planned_cumulative_descent_m,1.266999999999939,2.4269999999999072,1.1599999999999682,0.3068909053085513,15.383499999999998,17.71643333333334,2.3329333333333437,0.484261843832729
10,8102299493662977,TLE00900JR1450046,1,8096736035537153,TLE00900JR1450046,vehicle_prev1_duration_sec,1003.9979999999987,1061.0250000000005,57.02700000000186,0.34426691861663017,15.383499999999998,17.71643333333334,2.3329333333333437,0.484261843832729
10,8102299493662977,TLE00900JR1450046,1,8096736035537153,TLE00900JR1450046,similar_task_actual_distance_km,3.25,3.125,0.125,0.18835369773683697,15.383499999999998,17.71643333333334,2.3329333333333437,0.484261843832729
10,8102299493662977,TLE00900JR1450046,1,8096736035537153,TLE00900JR1450046,similar_task_duration_min,23.78346666666666,19.798266666666652,3.985200000000006,1.448221716123375,15.383499999999998,17.71643333333334,2.3329333333333437,0.484261843832729
10,8102299493662977,TLE00900JR1450046,1,8096736035537153,TLE00900JR1450046,similar_task_energy_soc_delta_pct,12.0,12.0,0.0,0.0,15.383499999999998,17.71643333333334,2.3329333333333437,0.484261843832729
10,8102299493662977,TLE00900JR1450046,1,8096736035537153,TLE00900JR1450046,similar_top3_duration_mean_sec,1091.8743333333334,1095.6470000000002,3.772666666666737,0.02330771823037642,15.383499999999998,17.71643333333334,2.3329333333333437,0.484261843832729
10,8102299493662977,TLE00900JR1450046,1,8096736035537153,TLE00900JR1450046,similar_top3_od_distance_mean_m,58.430358238507665,72.46216330900064,14.031805070492979,0.22522994744491004,15.383499999999998,17.71643333333334,2.3329333333333437,0.484261843832729
10,8102299493662977,TLE00900JR1450046,1,8096736035537153,TLE00900JR1450046,fleet_prev60m_speed_mean,3.479896374492606,3.3810432266806605,0.09885314781194543,0.43984471647355294,15.383499999999998,17.71643333333334,2.3329333333333437,0.484261843832729
10,8102299493662977,TLE00900JR1450046,1,8096736035537153,TLE00900JR1450046,fleet_prev60m_speed_min,0.001,0.001,0.0,0.0,15.383499999999998,17.71643333333334,2.3329333333333437,0.484261843832729
10,8102299493662977,TLE00900JR1450046,2,8096724905787649,TLE00860HR1450010,straight_line_distance_m,2846.0235800503738,2874.9030862422496,28.879506191875862,0.07672844796724032,15.383499999999998,16.2832,0.8997000000000028,0.5097607169283381
10,8102299493662977,TLE00900JR1450046,2,8096724905787649,TLE00860HR1450010,planned_total_distance_m,3468.0143876193647,3866.997920214653,398.9835325952881,0.8039688018569259,15.383499999999998,16.2832,0.8997000000000028,0.5097607169283381
10,8102299493662977,TLE00900JR1450046,2,8096724905787649,TLE00860HR1450010,endpoint_altitude_change_m,131.74570000000006,128.7903,2.955400000000054,0.12683249529241758,15.383499999999998,16.2832,0.8997000000000028,0.5097607169283381
10,8102299493662977,TLE00900JR1450046,2,8096724905787649,TLE00860HR1450010,planned_slope_mean,0.03664166666666664,0.03473027027027025,0.0019113963963963906,0.40129027088622293,15.383499999999998,16.2832,0.8997000000000028,0.5097607169283381
10,8102299493662977,TLE00900JR1450046,2,8096724905787649,TLE00860HR1450010,planned_slope_std,0.03382663145171818,0.03639247141377775,0.002565839962059571,0.46816420113071344,15.383499999999998,16.2832,0.8997000000000028,0.5097607169283381
10,8102299493662977,TLE00900JR1450046,2,8096724905787649,TLE00860HR1450010,planned_cumulative_ascent_m,119.88,132.36400000000003,12.484000000000037,0.6692055015338267,15.383499999999998,16.2832,0.8997000000000028,0.5097607169283381
10,8102299493662977,TLE00900JR1450046,2,8096724905787649,TLE00860HR1450010,planned_cumulative_descent_m,1.266999999999939,3.964999999999918,2.697999999999979,0.7137859159676618,15.383499999999998,16.2832,0.8997000000000028,0.5097607169283381
10,8102299493662977,TLE00900JR1450046,2,8096724905787649,TLE00860HR1450010,vehicle_prev1_duration_sec,1003.9979999999987,985.9789999999986,18.01900000000012,0.10877909773533412,15.383499999999998,16.2832,0.8997000000000028,0.5097607169283381
10,8102299493662977,TLE00900JR1450046,2,8096724905787649,TLE00860HR1450010,similar_task_actual_distance_km,3.25,3.5,0.25,0.37670739547367393,15.383499999999998,16.2832,0.8997000000000028,0.5097607169283381
10,8102299493662977,TLE00900JR1450046,2,8096724905787649,TLE00860HR1450010,similar_task_duration_min,23.78346666666666,21.26314999999999,2.5203166666666696,0.9158830995117793,15.383499999999998,16.2832,0.8997000000000028,0.5097607169283381
10,8102299493662977,TLE00900JR1450046,2,8096724905787649,TLE00860HR1450010,similar_task_energy_soc_delta_pct,12.0,13.200000000000003,1.2000000000000028,0.4942475388904859,15.383499999999998,16.2832,0.8997000000000028,0.5097607169283381
10,8102299493662977,TLE00900JR1450046,2,8096724905787649,TLE00860HR1450010,similar_top3_duration_mean_sec,1091.8743333333334,1130.9756666666663,39.10133333333283,0.2415699398565108,15.383499999999998,16.2832,0.8997000000000028,0.5097607169283381
10,8102299493662977,TLE00900JR1450046,2,8096724905787649,TLE00860HR1450010,similar_top3_od_distance_mean_m,58.430358238507665,62.1594415509991,3.729083312491433,0.05985696311134889,15.383499999999998,16.2832,0.8997000000000028,0.5097607169283381
10,8102299493662977,TLE00900JR1450046,2,8096724905787649,TLE00860HR1450010,fleet_prev60m_speed_mean,3.479896374492606,3.306804411767071,0.17309196272553473,0.7701685475276653,15.383499999999998,16.2832,0.8997000000000028,0.5097607169283381
10,8102299493662977,TLE00900JR1450046,2,8096724905787649,TLE00860HR1450010,fleet_prev60m_speed_min,0.001,0.001,0.0,0.0,15.383499999999998,16.2832,0.8997000000000028,0.5097607169283381
10,8102299493662977,TLE00900JR1450046,3,8096663598203137,TLE00900CR1450050,straight_line_distance_m,2846.0235800503738,2931.0600637562125,85.03648370583869,0.22592898133334416,15.383499999999998,16.833300000000015,1.4498000000000175,0.5967278454913905
10,8102299493662977,TLE00900JR1450046,3,8096663598203137,TLE00900CR1450050,planned_total_distance_m,3468.0143876193647,3552.854074419726,84.8396868003615,0.17095558030459168,15.383499999999998,16.833300000000015,1.4498000000000175,0.5967278454913905
10,8102299493662977,TLE00900JR1450046,3,8096663598203137,TLE00900CR1450050,endpoint_altitude_change_m,131.74570000000006,114.04540000000009,17.70029999999997,0.7596173839156569,15.383499999999998,16.833300000000015,1.4498000000000175,0.5967278454913905
10,8102299493662977,TLE00900JR1450046,3,8096663598203137,TLE00900CR1450050,planned_slope_mean,0.03664166666666664,0.03510654761904761,0.0015351190476190352,0.32229229877332544,15.383499999999998,16.833300000000015,1.4498000000000175,0.5967278454913905
10,8102299493662977,TLE00900JR1450046,3,8096663598203137,TLE00900CR1450050,planned_slope_std,0.03382663145171818,0.033976830585746194,0.00015019913402801455,0.027405394971051517,15.383499999999998,16.833300000000015,1.4498000000000175,0.5967278454913905
10,8102299493662977,TLE00900JR1450046,3,8096663598203137,TLE00900CR1450050,planned_cumulative_ascent_m,119.88,120.279,0.3990000000000009,0.02138841678244141,15.383499999999998,16.833300000000015,1.4498000000000175,0.5967278454913905
10,8102299493662977,TLE00900JR1450046,3,8096663598203137,TLE00900CR1450050,planned_cumulative_descent_m,1.266999999999939,2.508000000000038,1.2410000000000991,0.3283203564551319,15.383499999999998,16.833300000000015,1.4498000000000175,0.5967278454913905
10,8102299493662977,TLE00900JR1450046,3,8096663598203137,TLE00900CR1450050,vehicle_prev1_duration_sec,1003.9979999999987,1010.3550000000002,6.3570000000015625,0.03837664267182883,15.383499999999998,16.833300000000015,1.4498000000000175,0.5967278454913905
10,8102299493662977,TLE00900JR1450046,3,8096663598203137,TLE00900CR1450050,similar_task_actual_distance_km,3.25,3.0,0.25,0.37670739547367416,15.383499999999998,16.833300000000015,1.4498000000000175,0.5967278454913905
10,8102299493662977,TLE00900JR1450046,3,8096663598203137,TLE00900CR1450050,similar_task_duration_min,23.78346666666666,18.149816666666656,5.633650000000003,2.047268461065553,15.383499999999998,16.833300000000015,1.4498000000000175,0.5967278454913905
10,8102299493662977,TLE00900JR1450046,3,8096663598203137,TLE00900CR1450050,similar_task_energy_soc_delta_pct,12.0,12.0,0.0,0.0,15.383499999999998,16.833300000000015,1.4498000000000175,0.5967278454913905
10,8102299493662977,TLE00900JR1450046,3,8096663598203137,TLE00900CR1450050,similar_top3_duration_mean_sec,1091.8743333333334,1036.107666666666,55.766666666667334,0.34452918006202055,15.383499999999998,16.833300000000015,1.4498000000000175,0.5967278454913905
10,8102299493662977,TLE00900JR1450046,3,8096663598203137,TLE00900CR1450050,similar_top3_od_distance_mean_m,58.430358238507665,52.33660216954626,6.0937560689614045,0.09781324300466916,15.383499999999998,16.833300000000015,1.4498000000000175,0.5967278454913905
10,8102299493662977,TLE00900JR1450046,3,8096663598203137,TLE00900CR1450050,fleet_prev60m_speed_mean,3.479896374492606,3.500174938506366,0.020278564013759937,0.09022898548553054,15.383499999999998,16.833300000000015,1.4498000000000175,0.5967278454913905
10,8102299493662977,TLE00900JR1450046,3,8096663598203137,TLE00900CR1450050,fleet_prev60m_speed_min,0.001,0.001,0.0,0.0,15.383499999999998,16.833300000000015,1.4498000000000175,0.5967278454913905
10,8102299493662977,TLE00900JR1450046,4,8097958547783937,TLE00860HR1450010,straight_line_distance_m,2846.0235800503738,2960.114708671819,114.09112862144502,0.30312274620598856,15.383499999999998,18.88293333333332,3.4994333333333216,0.603961246682243
10,8102299493662977,TLE00900JR1450046,4,8097958547783937,TLE00860HR1450010,planned_total_distance_m,3468.0143876193647,3690.6623157358426,222.64792811647794,0.44864505269019134,15.383499999999998,18.88293333333332,3.4994333333333216,0.603961246682243
10,8102299493662977,TLE00900JR1450046,4,8097958547783937,TLE00860HR1450010,endpoint_altitude_change_m,131.74570000000006,115.29500000000007,16.450699999999983,0.7059901638718725,15.383499999999998,18.88293333333332,3.4994333333333216,0.603961246682243
10,8102299493662977,TLE00900JR1450046,4,8097958547783937,TLE00860HR1450010,planned_slope_mean,0.03664166666666664,0.03386799999999997,0.0027736666666666743,0.5823205746925194,15.383499999999998,18.88293333333332,3.4994333333333216,0.603961246682243
10,8102299493662977,TLE00900JR1450046,4,8097958547783937,TLE00860HR1450010,planned_slope_std,0.03382663145171818,0.034071287937415616,0.0002446564856974365,0.044640121703478614,15.383499999999998,18.88293333333332,3.4994333333333216,0.603961246682243
10,8102299493662977,TLE00900JR1450046,4,8097958547783937,TLE00860HR1450010,planned_cumulative_ascent_m,119.88,120.91500000000008,1.0350000000000819,0.05548123150332951,15.383499999999998,18.88293333333332,3.4994333333333216,0.603961246682243
10,8102299493662977,TLE00900JR1450046,4,8097958547783937,TLE00860HR1450010,planned_cumulative_descent_m,1.266999999999939,2.3710000000000946,1.1040000000001555,0.2920754822937049,15.383499999999998,18.88293333333332,3.4994333333333216,0.603961246682243
10,8102299493662977,TLE00900JR1450046,4,8097958547783937,TLE00860HR1450010,vehicle_prev1_duration_sec,1003.9979999999987,1118.9650000000006,114.96700000000192,0.6940455368965138,15.383499999999998,18.88293333333332,3.4994333333333216,0.603961246682243
10,8102299493662977,TLE00900JR1450046,4,8097958547783937,TLE00860HR1450010,similar_task_actual_distance_km,3.25,3.375,0.125,0.18835369773683697,15.383499999999998,18.88293333333332,3.4994333333333216,0.603961246682243
10,8102299493662977,TLE00900JR1450046,4,8097958547783937,TLE00860HR1450010,similar_task_duration_min,23.78346666666666,19.01618333333331,4.767283333333349,1.7324308065458134,15.383499999999998,18.88293333333332,3.4994333333333216,0.603961246682243
10,8102299493662977,TLE00900JR1450046,4,8097958547783937,TLE00860HR1450010,similar_task_energy_soc_delta_pct,12.0,12.399999999999991,0.3999999999999915,0.164749179630158,15.383499999999998,18.88293333333332,3.4994333333333216,0.603961246682243
10,8102299493662977,TLE00900JR1450046,4,8097958547783937,TLE00860HR1450010,similar_top3_duration_mean_sec,1091.8743333333334,1105.6546666666661,13.780333333332692,0.08513556983229623,15.383499999999998,18.88293333333332,3.4994333333333216,0.603961246682243
10,8102299493662977,TLE00900JR1450046,4,8097958547783937,TLE00860HR1450010,similar_top3_od_distance_mean_m,58.430358238507665,54.23401600544582,4.1963422330618485,0.06735711733915718,15.383499999999998,18.88293333333332,3.4994333333333216,0.603961246682243
10,8102299493662977,TLE00900JR1450046,4,8097958547783937,TLE00860HR1450010,fleet_prev60m_speed_mean,3.479896374492606,3.292796064211429,0.1871003102811768,0.8324983548757912,15.383499999999998,18.88293333333332,3.4994333333333216,0.603961246682243
10,8102299493662977,TLE00900JR1450046,4,8097958547783937,TLE00860HR1450010,fleet_prev60m_speed_min,0.001,0.001,0.0,0.0,15.383499999999998,18.88293333333332,3.4994333333333216,0.603961246682243
10,8102299493662977,TLE00900JR1450046,5,8096356672504065,TLE00860VR1450018,straight_line_distance_m,2846.0235800503738,2842.7531412164035,3.2704388339702746,0.008689057708781811,15.383499999999998,16.96656666666665,1.583066666666653,0.6332425180957373
10,8102299493662977,TLE00900JR1450046,5,8096356672504065,TLE00860VR1450018,planned_total_distance_m,3468.0143876193647,3734.1706433509585,266.1562557315938,0.5363161848694856,15.383499999999998,16.96656666666665,1.583066666666653,0.6332425180957373
10,8102299493662977,TLE00900JR1450046,5,8096356672504065,TLE00860VR1450018,endpoint_altitude_change_m,131.74570000000006,128.80409999999995,2.9416000000001077,0.12624026126824872,15.383499999999998,16.96656666666665,1.583066666666653,0.6332425180957373
10,8102299493662977,TLE00900JR1450046,5,8096356672504065,TLE00860VR1450018,planned_slope_mean,0.03664166666666664,0.033347191011235955,0.003294475655430687,0.6916624048723375,15.383499999999998,16.96656666666665,1.583066666666653,0.6332425180957373
10,8102299493662977,TLE00900JR1450046,5,8096356672504065,TLE00860VR1450018,planned_slope_std,0.03382663145171818,0.03389497689041427,6.834543869609078e-05,0.012470336490667144,15.383499999999998,16.96656666666665,1.583066666666653,0.6332425180957373
10,8102299493662977,TLE00900JR1450046,5,8096356672504065,TLE00860VR1450018,planned_cumulative_ascent_m,119.88,120.88599999999997,1.0059999999999718,0.05392668492013852,15.383499999999998,16.96656666666665,1.583066666666653,0.6332425180957373
10,8102299493662977,TLE00900JR1450046,5,8096356672504065,TLE00860VR1450018,planned_cumulative_descent_m,1.266999999999939,2.13900000000001,0.8720000000000709,0.23069730123197058,15.383499999999998,16.96656666666665,1.583066666666653,0.6332425180957373
10,8102299493662977,TLE00900JR1450046,5,8096356672504065,TLE00860VR1450018,vehicle_prev1_duration_sec,1003.9979999999987,1007.006999999999,3.0090000000003556,0.018165064936214836,15.383499999999998,16.96656666666665,1.583066666666653,0.6332425180957373
10,8102299493662977,TLE00900JR1450046,5,8096356672504065,TLE00860VR1450018,similar_task_actual_distance_km,3.25,3.5,0.25,0.37670739547367393,15.383499999999998,16.96656666666665,1.583066666666653,0.6332425180957373
10,8102299493662977,TLE00900JR1450046,5,8096356672504065,TLE00860VR1450018,similar_task_duration_min,23.78346666666666,18.200599999999994,5.582866666666664,2.0288137972718983,15.383499999999998,16.96656666666665,1.583066666666653,0.6332425180957373
10,8102299493662977,TLE00900JR1450046,5,8096356672504065,TLE00860VR1450018,similar_task_energy_soc_delta_pct,12.0,13.200000000000003,1.2000000000000028,0.4942475388904859,15.383499999999998,16.96656666666665,1.583066666666653,0.6332425180957373
10,8102299493662977,TLE00900JR1450046,5,8096356672504065,TLE00860VR1450018,similar_top3_duration_mean_sec,1091.8743333333334,1039.0093333333332,52.86500000000024,0.3266025422112118,15.383499999999998,16.96656666666665,1.583066666666653,0.6332425180957373
10,8102299493662977,TLE00900JR1450046,5,8096356672504065,TLE00860VR1450018,similar_top3_od_distance_mean_m,58.430358238507665,33.005428821312286,25.42492941719538,0.40810540679954543,15.383499999999998,16.96656666666665,1.583066666666653,0.6332425180957373
10,8102299493662977,TLE00900JR1450046,5,8096356672504065,TLE00860VR1450018,fleet_prev60m_speed_mean,3.479896374492606,3.3376147368533493,0.1422816376392566,0.6330787430855006,15.383499999999998,16.96656666666665,1.583066666666653,0.6332425180957373
10,8102299493662977,TLE00900JR1450046,5,8096356672504065,TLE00860VR1450018,fleet_prev60m_speed_min,0.001,0.001,0.0,0.0,15.383499999999998,16.96656666666665,1.583066666666653,0.6332425180957373
