{
  "distance_feature": "planned_total_distance_m",
  "time_coefficient_min_per_m": 0.0051679967879464765,
  "energy_coefficient_soc_pct_per_m": 0.003788677971823778
}