model,MAE,RMSE,R2
XGBoost,1.4230147769671277,2.144916944488444,0.6196060982933578
HGBR,1.423535332539937,2.149551967372833,0.6179603101408914
LightGBM,1.452146277347674,2.1511603915030526,0.6173883660694275
随机森林,1.5241319869207242,2.1846721791871446,0.6053745027955393
线性回归 + XGBoost残差,1.5000622281207336,2.214899844353631,0.5943786828343335
线性回归,1.4115690994161085,2.2196922527763974,0.5926214873148339
规划距离比例 Baseline,1.6439816073453324,2.384930484953823,0.5297118502850879
